id;quelle;ziel;quelle_regularisiert;ziel_regularisiert;referenzen;rohwert;seite;column;nicht_wallenbrueck_varianten;potentiell_kein_wallenbrueck;review_heining_status;review2_status;reviewbedarf
lr_0117_001;ådder;oder;ådder;oder;55;ådder=oder 55.;117;a;;no;confirmed;;no
lr_0117_002;adderkiln, f.;Verbindungskette am Pfluge;adderkiln, f.;Verbindungskette am Pfluge;6, 55;adderkiln, f.=Verbindungskette am Pfluge 6, 55.;117;a;;no;confirmed;;no
lr_0117_003;å̂der, f.;Ader;å̂der, f.;Ader;18;å̂der, f.=Ader 18.;117;a;;no;confirmed;;no
lr_0117_004;å̂dråügich;verdrieſslich;å̂dråügich;verdrießlich;17, 29;å̂dråügich=verdrieſslich 17, 29.;117;a;;no;confirmed;;no
lr_0117_005;af;von, ab;af;von, ab;6, 51;af=von, ab 6, 51.;117;a;;no;confirmed;;no
lr_0117_006;áfäkstern;abhetzen;áfäkstern;abhetzen;11;áfäkstern=abhetzen 11.;117;a;;no;confirmed;;no
lr_0117_007;afbrüöke, m.;Abbruch.;afbrüöke, m.;Abbruch;;afbrüöke, m.=Abbruch.;117;a;;no;confirmed;;no
lr_0117_008;afdak, n.;Remise;afdak, n.;Remise;6;afdak, n.=Remise 6.;117;a;;no;confirmed;;no
lr_0117_009;äffe, f.;der Buchstabe f;äffe, f.;der Buchstabe f;51;äffe, f.=der Buchstabe f 51.;117;a;;no;confirmed;;no
lr_0117_010;äffen;foppen, anführen;äffen;foppen, anführen;51;äffen=foppen, anführen 51.;117;a;;no;confirmed;;no
lr_0117_011;aflángen;jem. einholen.;aflángen;jem. einholen;;aflángen=jem. einholen.;117;a;;no;confirmed;;no
lr_0117_012;áfpiulen;absuchen, abnagen, einen Knochen;áfpiulen;absuchen, abnagen, einen Knochen;29;áfpiulen=absuchen, abnagen, einen Knochen 29.;117;a;;no;confirmed;;no
lr_0117_013;afråien;aussondern, das Unbrauchbare;afråien;aussondern, das Unbrauchbare;96;afråien=aussondern, das Unbrauchbare 96.;117;a;;no;confirmed;;no
lr_0117_014;afrackern, sik;sich abschinden.;afrackern, sik;sich abschinden;;afrackern, sik=sich abschinden.;117;a;;no;confirmed;;no
lr_0117_015;aftocken;ablocken.;aftocken;ablocken;;aftocken=ablocken.;117;a;;no;confirmed;;no
lr_0117_016;afuüdern, sik;sich zwecklos abmühen.;afuüdern, sik;sich zwecklos abmühen;;afuüdern, sik=sich zwecklos abmühen.;117;a;;no;confirmed;;no
lr_0117_017;åch!;ach;åch!;ach;12;åch!=ach 12.;117;a;;no;confirmed;;no
lr_0117_018;ächelken, n.;Blutegel;ächelken, n.;Blutegel;77;ächelken, n.=Blutegel 77.;117;a;;no;confirmed;;no
lr_0117_019;achter;hinter, hinten.;achter;hinter, hinten;;achter=hinter, hinten.;117;a;;no;confirmed;;no
lr_0117_020;achterfot, f.;der Hintere;æ̊̅chterfot, f.;der Hintere;10, 40;achterfot, f. der Hintere 10, 40.;117;a;;no;confirmed;checked_no_change;no
lr_0117_021;achterkamsel, kāmerfak, n.;der bewohnte hintere Theil des Bauernhauses.;achterkiamsel, kāmerfak, n.;der bewohnte hintere Theil des Bauernhauses;;achterkamsel, kāmerfak, n.=der bewohnte hintere Theil des Bauernhauses.;117;a;;no;confirmed;corrected;no
lr_0117_022;achuilen;essen (jüd.);achuilen;essen (jüd.);67;achuilen=essen (jüd.) 67.;117;a;;no;confirmed;;no
lr_0117_023;ai!;ei!;ai!;ei!;23, 83;ai!=ei! 23, 83.;117;a;;no;confirmed;;no
lr_0117_024;åie, f.;Ehe;åie, f.;Ehe;25;åie, f.=Ehe 25.;117;a;;no;confirmed;;no
lr_0117_025;åigen;eigen, absonderlich.;åigen;eigen, absonderlich;;åigen=eigen, absonderlich.;117;a;;no;confirmed;;no
lr_0117_026;åigen, sw. v.;verdienen, zukommen;åigen, sw. v.;verdienen, zukommen;25, 98;åigen, sw. v.=verdienen, zukommen 25, 98.;117;a;;no;confirmed;;no
lr_0117_027;åich, n.;Ei;åich, n.;Ei;25, 68;åich, n.=Ei 25, 68.;117;b;;no;confirmed;;no
lr_0117_028;åikappel, m.;Gallapfel.;åikappel, m.;Gallapfel;;åikappel, m.=Gallapfel.;117;b;;no;confirmed;;no
lr_0117_029;åikbäum, m.;Eiche;åikbäum, m.;Eiche;25;åikbäum, m.=Eiche 25.;117;b;;no;confirmed;;no
lr_0117_030;aik, aikern, n.;Eichhorn;aik, aikern, n.;Eichhorn;23, 77;aik, aikern, n.=Eichhorn 23, 77.;117;b;aik;no;confirmed;;no
lr_0117_031;aikern, sik;sich freuen, mit Geberden.;aikern, sik;sich freuen, mit Gebärden;;aikern, sik=sich freuen, mit Geberden.;117;b;;no;corrected;;no
lr_0117_032;aimern;mit Händen und Füſsen streben;aimern;mit Händen und Füßen streben;98;aimern=mit Händen und Füſsen streben 98.;117;b;;no;confirmed;;no
lr_0117_033;åine;eins;åine;eins;80;åine=eins 80.;117;b;;no;confirmed;;no
lr_0117_034;åinerwiagen;irgendwo.;åinerwiagen;irgendwo;;åinerwiagen=irgendwo.;117;b;;no;confirmed;;no
lr_0117_035;åins;eins, einerlei, mål åins=einstmal.;åins;eins, einerlei, mål åins=einstmal.;;åins=eins, einerlei, mål åins=einstmal.;117;b;;no;confirmed;;no
lr_0117_036;åirdāgs;vor Zeiten.;åirdāgs;vor Zeiten;;åirdāgs=vor Zeiten.;117;b;;no;confirmed;;no
lr_0117_037;åirl'k;ehrlich;åirl'k;ehrlich;24;åirl'k=ehrlich 24.;117;b;;no;confirmed;;no
lr_0117_038;airn, f.;Erde;airn, f.;Erde;44, 56, 76;airn, f.=Erde 44. 56, 76.;117;b;;no;confirmed;;no
lr_0117_039;airn;irden.;airn;irden;;airn=irden.;117;b;;no;confirmed;;no
lr_0117_040;airst;erst.;airst;erst;;airst=erst.;117;b;;no;confirmed;;no
lr_0117_041;airtruik, n.;Erde;airtruik, n.;Erde;44;airtruik, n.=Erde 44.;117;b;;no;confirmed;;no
lr_0117_042;aiſen, sik;sich fürchten;aiſen, sik;sich fürchten;24, 64, 96, 99;aiſen, sik=sich fürchten 24, 64, 96, 99.;117;b;;no;confirmed;;no
lr_0117_043;åisk;hässlich;åisk;hässlich;25;åisk=hässlich 25.;117;b;;no;confirmed;;no
lr_0117_044;åisken;fragen.;åisken;fragen;;åisken=fragen.;117;b;;no;confirmed;;no
lr_0117_045;åit, m.;Eid;åit, m.;Eid;25, 55;åit, m.=Eid 25, 55.;117;b;;no;confirmed;;no
lr_0117_046;aitappel, f. u. m.;Kartoffel;aitappel, f. u. m.;Kartoffel;58, 78;aitappel, f. u. m.=Kartoffel 58, 78.;117;b;;no;confirmed;;no
lr_0117_047;åiwelt;einfach;åiwelt;einfach;47, 52;åiwelt=einfach 47, 52.;117;b;;no;confirmed;;no
lr_0117_048;åiwich;ewig;åiwich;ewig;52;åiwich=ewig 52.;117;b;;no;confirmed;;no
lr_0117_049;ajás!;pfui!;ajás!;pfui!;6;ajás!=pfui! 6.;117;b;;no;confirmed;;no
lr_0117_050;âk, m.;Geschwür am Finger;âk, m.;Geschwür am Finger;17;âk, m.=Geschwür am Finger 17.;117;b;;no;confirmed;;no
lr_0117_051;âken;wiederkäuen.;âken;wiederkäuen;;âken=wiederkäuen.;117;b;;no;confirmed;;no
lr_0117_052;äcker, f.;Eichel;äcker, f.;Eichel;11;äcker, f.=Eichel 11.;117;b;;no;confirmed;;no
lr_0117_053;äckernkamp, m.;Eichengehölz.;äckernkamp, m.;Eichengehölz;;äckernkamp, m.=Eichengehölz.;117;b;;no;confirmed;;no
lr_0117_054;äckernschiarsel, n.;Maikäfer;äckernschiarsel, n.;Maikäfer;77;äckernschiarsel, n.=Maikäfer 77.;117;b;;no;confirmed;;no
lr_0117_055;äkse, f.;Axt;äkse, f.;Axt;11, 64;äkse, f.=Axt 11, 64.;117;b;;no;confirmed;;no
lr_0118_001;âl, m.;Jauche;âl, m.;Jauche;17;âl, m.=Jauche 17.;118;a;;no;confirmed;;no
lr_0118_002;å̂l, m.;Aal;å̂l, m.;Aal;17, 18, 42, 72;å̂l, m.=Aal 17, 18, 42, 72.;118;a;;no;confirmed;;no
lr_0118_003;ål;schon;ål;schon;12;ål=schon 12.;118;a;;no;confirmed;;no
lr_0118_004;alaine, adj.;allein;alaine, adj.;allein;23;alaine, adj.=allein 23.;118;a;;no;confirmed;;no
lr_0118_005;ålåir;ehedem.;ålåir;ehedem;;ålåir=ehedem.;118;a;;no;confirmed;;no
lr_0118_006;allåürn, pl.;Holunderbusch.;allåürn, pl.;Holunderbusch;;allåürn, pl.=Holunderbusch.;118;a;;no;confirmed;;no
lr_0118_007;ålle, adj.;"alle; ålle suin=all sein";ålle, adj.;"alle; ålle suin=all sein, kraftlos sein";80;"ålle, adj.=alle; ålle suin=all sein 80.";118;a;;no;corrected;;no
lr_0118_008;ållens;alles.;ållens;alles;;ållens=alles.;118;a;;no;confirmed;;no
lr_0118_009;åller, n.;Alter;åller, n.;Alter;12;åller, n.=Alter 12.;118;a;;no;confirmed;;no
lr_0118_010;alter, n.;Altar.;alter, n.;Altar;;alter, n.=Altar.;118;a;;no;confirmed;;no
lr_0118_011;å̂luiwich;leer im Magen;å̂luiwich;leer im Magen;18;å̂luiwich=leer im Magen 18.;118;a;;no;confirmed;;no
lr_0118_012;älwer, f., älwerken, n.;Erdbeere;älwer, f., älwerken, n.;Erdbeere;11, 43, 48, 52;älwer, f., älwerken, n.=Erdbeere 11, 43, 48, 52.;118;a;;no;confirmed;;no
lr_0118_013;alwern;albern;alwern;albern;42;alwern=albern 42.;118;a;;no;confirmed;;no
lr_0118_014;å̂m, m.;Athem;å̂m, m.;Athem;18;å̂m, m.=Athem 18.;118;a;;no;confirmed;;no
lr_0118_015;å̂m, m.;Ährenspitze;å̂m, m.;Ährenspitze;18;å̂m, m.=Ährenspitze 18.;118;a;;no;confirmed;;no
lr_0118_016;å̂mern, pl.;Funken in der Asche;å̂mern, pl.;Funken in der Asche;17;å̂mern, pl.=Funken in der Asche 17.;118;a;;no;confirmed;;no
lr_0118_017;å̂mes, å̂mäs, f. u. n.;Mittagessen;å̂mes, å̂mäs, f. u. n.;Mittagessen;17;å̂mes, å̂mäs, f. u. n.=Mittagessen 17.;118;a;å̂mäs;no;confirmed;;no
lr_0118_018;ämme, f.;der Buchstabe m.;ämme, f.;der Buchstabe m;74;ämme, f.=der Buchstabe m. 74.;118;a;;no;confirmed;;no
lr_0118_019;Amruijje;Anne Marie;Amruijje;Anne Marie;47, 68;Amruijje=Anne Marie 47, 68.;118;a;;no;confirmed;;no
lr_0118_020;amt, n.;Amt;amt, n.;Amt;45;amt, n.=Amt 45.;118;a;;no;confirmed;;no
lr_0118_021;å̂mt, å̂went, m.;Abend;å̂mt, å̂went, m.;Abend;17, 52;å̂mt, å̂went, m. Abend 17, 52.;118;a;å̂went;no;confirmed;;no
lr_0118_022;anbucken;den Kopf anlehnen.;anbucken;den Kopf anlehnen;;anbucken=den Kopf anlehnen.;118;a;;no;confirmed;;no
lr_0118_023;å̂ne, äune, ōne;ohne;å̂ne, äune, ōne;ohne;18, 19;å̂ne, äune, ōne=ohne 18, 19.;118;a;å̂ne | äune;no;confirmed;;no
lr_0118_024;anfern;antworten;anfern;antworten;9, 47;anfern=antworten 9, 47.;118;a;;no;confirmed;;no
lr_0118_025;angel, f.;"Angel. Stachel, daher granne, Fischgräte; Hang, Tendenz, Art";angel, f.;"Angel. Stachel, daher Granne, Fischgräte; Hang, Tendenz, Art";47;"angel, f.=Angel. Stachel, daher granne, Fischgräte; Hang, Tendenz, Art 47.";118;a;;no;corrected;;no
lr_0118_026;angīben, sik;wachsen, vom Winde, von jungen Bäumen.;angīben, sik;wachsen, vom Winde, von jungen Bäumen;;angīben, sik=wachsen, vom Winde, von jungen Bäumen.;118;a;;no;confirmed;;no
lr_0118_027;anken;ächzen;anken;ächzen;6, 95;anken=ächzen 6, 95.;118;a;;no;confirmed;;no
lr_0118_028;anne, an;an, annen hiuſe=im Hause, dåanne, dåāne=darin;anne, an;an, annen hiuſe=im Hause, dåanne, dåāne=darin.;9, 15;anne, an=an, annen hiuſe=im Hause, dåanne, dåāne=darin 9, 15.;118;a;;no;confirmed;;no
lr_0118_029;annewåien, f.;Ackerrand.;annewåien, f.;Ackerrand;;annewåien, f.=Ackerrand.;118;a;;no;confirmed;;no
lr_0118_030;ansnawwen;anschnauzen.;ansnawwen;anschnauzen;;ansnawwen=anschnauzen.;118;a;;no;confirmed;;no
lr_0118_031;ānt, n.;Ente;ānt, n.;Ente;14, 37, 74;ānt, n.=Ente 14, 37, 74.;118;a;;no;confirmed;;no
lr_0118_032;āpe, f. u. m.;Affe;āpe, f. u. m.;Affe;49, 74, 75;āpe, f. u. m.=Affe 49, 74, 75.;118;a;;no;confirmed;;no
lr_0118_033;appel, m.;Apfel;appel, m.;Apfel;77, 92;appel, m.=Apfel 77, 92.;118;a;;no;confirmed;;no
lr_0118_034;arbåiden;arbeiten;arbåiden;arbeiten;94;arbåiden=arbeiten 94.;118;a;;no;corrected;;no
lr_0118_035;ārm, m.;Arm;ārm, m.;Arm;77;ārm, m.=Arm 77.;118;a;;no;confirmed;;no
lr_0118_036;ārm;arm;ārm;arm;37;ārm=arm 37.;118;a;;no;confirmed;;no
lr_0118_037;ārn, f.;Ärnte;ārn, f.;Ernte;19, 44;ārn, f.=Ärnte 19, 44.;118;a;;no;confirmed;;no
lr_0118_038;*āroeder, m.;auf einem Edelgute der āroede, sesshafter Arbeiter;āreoder, m.;auf einem Edelgute, der āreode. sesshafter Arbeiter;19, 45;*āroeder, m.=auf einem Edelgute der āroede, sesshafter Arbeiter 19, 45.;118;a;;no;confirmed;corrected;no
lr_0118_039;ä̂s, m.;Arsch;ä̂s, m.;Arsch;18, 20, 44, 61;ä̂s, m.=Arsch 18, 20, 44, 61.;118;b;;no;confirmed;;no
lr_0118_040;å̂s, n.;Aas, fast nur als Sch.;å̂s, n.;Aas, fast nur als Sch.;18;å̂s, n.=Aas, fast nur als Sch. 18.;118;b;;no;confirmed;corrected;no
lr_0118_041;asse, f.;Achse;asse, f.;Achse;60;asse, f.=Achse 60.;118;b;;no;confirmed;;no
lr_0118_042;åſſe, åſ';sowie;åſſe, åſ';sowie;3, 9, 43;åſſe, åſ'=sowie 3, 9, 43.;118;b;åſſe;no;confirmed;;no
lr_0118_043;ässe, f.;der Buchstabe s;ässe, f.;der Buchstabe s;74;ässe, f.=der Buchstabe s 74.;118;b;;no;confirmed;;no
lr_0118_044;assel, f.;Achsel;assel, f.;Achsel;60;assel, f.=Achsel 60.;118;b;;no;confirmed;;no
lr_0118_045;äuge, n.;Auge;äuge, n.;Auge;4, 27, 63, 77;äuge, n.=Auge 4, 27, 63, 77.;118;b;;no;confirmed;;no
lr_0118_046;äuk, åk;auch;äuk, åk;auch;27;äuk, åk=auch 27.;118;b;åk;no;confirmed;;no
lr_0118_047;äulske, f.;die Alte;äulske, f.;die Alte;42;äulske, f.=die Alte 42.;118;b;;no;confirmed;;no
lr_0118_048;äult;alt;äult;alt;9, 12, 27, 28, 42, 79, 83;äult=alt 9, 12, 27, 28, 42, 79, 83.;118;b;;no;confirmed;;no
lr_0118_049;äur, n.;Ohr;äur, n.;Ohr;28;äur, n.=Ohr 28.;118;b;;no;confirmed;;no
lr_0118_050;äur'ch;artig;äur'ch;artig;55;äur'ch=artig 55.;118;b;;no;confirmed;;no
lr_0118_051;äurnt, m.;der Tauber;äurnt, m.;der Tauber;28, 72;äurnt, m.=der Tauber 28, 72.;118;b;;no;confirmed;;no
lr_0118_052;äurt, å̄rt, f.;Art;äurt, å̄rt, f.;Art;20, 28;äurt, å̄rt, f. Art 20, 28.;118;b;å̄rt;no;confirmed;;no
lr_0118_053;äustern, n.;Ostern;äustern, n.;Ostern;27;äustern, n.=Ostern 27.;118;b;;no;confirmed;;no
lr_0118_054;āwe;ab;āwe;ab;9, 15, 53;āwe=ab 9, 15, 53.;118;b;;no;confirmed;;no
lr_0118_055;āwel;eklig;āwel;eklig;15;āwel=eklig 15.;118;b;;no;confirmed;;no
lr_0118_056;å̂wuiſich;albern;å̂wuiſich;albern;18;å̂wuiſich=albern 18.;118;b;;no;confirmed;;no
lr_0118_057;awwekå̄t, m.;Advokat;awwekå̄t, m.;Advokat;52;awwekå̄t, m.=Advokat 52.;118;b;;no;confirmed;;no
lr_0118_058;åwwer;aber;åwwer;aber;12, 13;åwwer=aber 12, 13.;118;b;;no;confirmed;;no
lr_0118_059;awwetåike, f.;Apotheke;awwetåike, f.;Apotheke;52;awwetåike, f.=Apotheke 52.;118;b;;no;confirmed;;no
lr_0118_060;babbe, m.;Vater (nur scherzweise);babbe, m.;Vater (nur scherzweise);;babbe, m.=Vater (nur scherzweise).;118;b;;no;confirmed;;no
lr_0118_061;bāde, bāe, f.;Förderung, Nutzen;bāde, bāe, f.;Förderung, Nutzen;15, 55;bāde, bāe, f.=Förderung, Nutzen 15, 55.;118;b;;yes;confirmed;;no
lr_0118_062;bāden, bāen;nützen;bāden, bāen;nützen;96;bāden, bāen=nützen 96.;118;b;;yes;confirmed;;no
lr_0118_063;bāen, sik;baden;bāen, sik;baden;15, 54, 96;bāen, sik=baden 15, 54, 96.;118;b;;no;confirmed;;no
lr_0118_064;bäfken, n.;das Beffchen;bäfken, n.;das Beffchen;11, 51;bäfken, n.=das Beffchen 11, 51.;118;b;;no;confirmed;;no
lr_0118_065;båide;beide;båide;beide;55;båide=beide 55.;118;b;;no;confirmed;;no
lr_0118_066;båidel, m.;Meiſsel;båidel, m.;Meißel;26;båidel, m.=Meiſsel 26.;118;b;;no;confirmed;;no
lr_0118_067;båien, stv.;bieten;båien, stv.;bieten;26, 27, 40, 55, 91;båien, stv.=bieten 26, 27, 40, 55, 91.;118;b;;no;confirmed;;no
lr_0118_068;båigen, stv.;biegen;båigen, stv.;biegen;25, 26, 27, 38, 91;båigen, stv.=biegen 25, 26, 27, 38, 91.;118;b;;no;confirmed;;no
lr_0118_069;båijjen, to;zu zweien, alle beide;båijjen, to;zu zweien, alle beide;;båijjen, to=zu zweien, alle beide.;118;b;;no;confirmed;;no
lr_0118_070;båijjern;beiern, läuten;båijjern;beiern, läuten (Handläuten der Glocken);68, 98;båijjern=beiern, läuten 68, 98.;118;b;;no;confirmed;;no
lr_0118_071;båin-brå̂en, f.;Wade;båin-brå̂en, f.;Wade;18;båin-brå̂en, f.=Wade 18.;118;b;;no;confirmed;;no
lr_0118_072;bair, m.;Bär, Eber;bair, m.;Bär, Eber;24;bair, m.=Bär, Eber 24.;118;b;;no;confirmed;;no
lr_0118_073;båir, n.;Bier;båir, n.;Bier;26;båir, n.=Bier 26.;118;b;;no;confirmed;;no
lr_0118_074;båist, n.;Bestie;båist, n.;Bestie;77;båist, n.=Bestie 77.;118;b;;no;confirmed;;no
lr_0118_075;baistmialke, f.;Biestmilch;baistmialke, f.;Biestmilch (erste Milch der kalbenden Kuh);24;baistmialke, f.=Biestmilch 24.;118;b;;no;confirmed;;no
lr_0118_076;båiwer, f.;Heidelbeere.;båiwer, f.;Heidelbeere;;båiwer, f.=Heidelbeere.;118;b;;no;confirmed;;no
lr_0118_077;bak, m.;der Oberleib mit den Armen, en bakful=eine Tracht ein Armvoll;bak, m.;der Oberleib mit den Armen, en bakful=eine Tracht ein Armvoll.;6;bak, m.=der Oberleib mit den Armen, en bakful=eine Tracht ein Armvoll 6.;118;b;;no;confirmed;;no
lr_0118_078;backen, st. v.;backen;backen, st. v.;backen;6, 89;backen, st. v.=backen 6, 89.;118;b;;no;confirmed;;no
lr_0119_001;bäcker, m.;Bäcker;bäcker, m.;Bäcker;77;bäcker, m.=Bäcker 77.;119;a;;no;confirmed;;no
lr_0119_002;baks, n.;Backhaus, Häuschen;baks, n.;Backhaus, Häuschen;65;baks, n.=Backhaus, Häuschen 65.;119;a;;no;confirmed;;no
lr_0119_003;balch, ballich, m.;Balg;balch, ballich, m.;Balg;43, 63, 67, 73;balch, ballich, m.=Balg 43, 63, 67, 73.;119;a;balch;no;confirmed;;no
lr_0119_004;bälgen, pl.;Windbälge der Orgel;bälgen, pl.;Windbälge der Orgel;42, 73;bälgen, pl.=Windbälge der Orgel 42, 73.;119;a;;no;confirmed;;no
lr_0119_005;balken, m.;1) der Balke, 2) Hausboden;balken, m.;1) der Balken, 2) Hausboden;75;balken, m.=1) der Balke, 2) Hausboden 75.;119;a;;no;corrected;;no
lr_0119_006;ballern;hart schallen;ballern;hart schallen;42, 98;ballern=hart schallen 42, 98.;119;a;;no;confirmed;;no
lr_0119_007;balreoſe, f.;Klatschrose.;balreoſe, f.;Klatschrose;;balreoſe, f.=Klatschrose.;119;a;;no;confirmed;;no
lr_0119_008;Bals;Balthasar;Bals;Balthasar;42;Bals=Balthasar 42.;119;a;;no;confirmed;;no
lr_0119_009;balstrich, balstuür’ch;läppisch, ungestüm;balstrich, balstuür’ch;läppisch, ungestüm;42, 60;balstrich, balstuür’ch=läppisch, ungestüm 42, 60.;119;a;balstrich;no;confirmed;;no
lr_0119_010;bälter, m.;junger Baum, Knittel;bälter, m.;junger Baum, Knittel;11;bälter, m.=junger Baum, Knittel 11.;119;a;;no;confirmed;;no
lr_0119_011;bāmeoer, f.;Wehemutter;bāmeoer, f.;Wehemutter;17;bāmeoer, f.=Wehemutter 17.;119;a;;no;confirmed;;no
lr_0119_012;bännigen;bändigen;bännigen;bändigen;98;bännigen=bändigen 98.;119;a;;no;confirmed;;no
lr_0119_013;båns, m.;kleiner Bube;båns, m.;kleiner Bube;50;båns, m.=kleiner Bube 50.;119;a;;no;confirmed;;no
lr_0119_014;banteske, f.;gemeine Esche;banteske, f.;gemeine Esche;49;banteske, f.=gemeine Esche 49.;119;a;;no;confirmed;;no
lr_0119_015;bantwuien, f.;Salweide;bantwuien, f.;Salweide;49;bantwuien, f.=Salweide 49.;119;a;;no;confirmed;;no
lr_0119_016;barbārsk;maſslos;barbārsk;maßlos;19, 44;barbārsk=maſslos 19, 44.;119;a;;no;confirmed;;no
lr_0119_017;bārk, n.;Baumrinde;bārk, n.;Baumrinde;44, 73;bārk, n.=Baumrinde 44, 73.;119;a;;no;confirmed;;no
lr_0119_018;bārsk;barfuſs;bārsk;barfuß;19, 44;bārsk=barfuſs 19, 44.;119;a;;no;confirmed;;no
lr_0119_019;bå̂s, m.;der Barsch;bå̂s, m.;der Barsch;44, 61, 72;bå̂s, m.=der Barsch 44, 61, 72.;119;a;;no;confirmed;;no
lr_0119_020;bå̂s, m.;der Beste, Meister.;bå̂s, m.;der Beste, Meister;;bå̂s, m.=der Beste, Meister.;119;a;;no;confirmed;;no
lr_0119_021;bāſeln;wüthig oder doch unbesonnen vorwärts gehen;bāſeln;wüthig oder doch unbesonnen vorwärts gehen;98;bāſeln=wüthig oder doch unbesonnen vorwärts gehen 98.;119;a;;no;confirmed;;no
lr_0119_022;basse, m.;Schwein;basse, m.;Schwein;60, 75;basse, m.=Schwein 60, 75.;119;a;;no;confirmed;;no
lr_0119_023;bassen, stv.;bersten;bassen, stv.;bersten;6, 10, 13, 45, 60, 86;bassen, stv.=bersten 6, 10, 13, 45, 60, 86.;119;a;;no;confirmed;;no
lr_0119_024;bat, n.;Bad;bat, n.;Bad;6;bat, n.=Bad 6.;119;a;;no;confirmed;;no
lr_0119_025;bätken, n.;liederliche Dirne;bätken, n.;liederliche Dirne;57;bätken, n.=liederliche Dirne 57.;119;a;;no;confirmed;;no
lr_0119_026;batse, f. u. m.;Hinterbacken;batse, f. u. m.;Hinterbacken;6;batse, f. u. m.=Hinterbacken 6.;119;a;;no;confirmed;;no
lr_0119_027;båügen;beugen;båügen;beugen;12, 25, 63, 67, 100;båügen=beugen 12, 25, 63, 67, 100.;119;a;;no;confirmed;;no
lr_0119_028;bäule;bald, beinahe;bäule;bald, beinahe;27, 28, 47;bäule=bald, beinahe 27, 28, 47.;119;a;;no;confirmed;;no
lr_0119_029;bäum, m.;Baum;bäum, m.;Baum;4, 28;bäum, m.=Baum 4, 28.;119;a;;no;confirmed;;no
lr_0119_030;bäune, f.;Bohne;bäune, f.;Bohne;27;bäune, f.=Bohne 27.;119;a;;no;confirmed;;no
lr_0119_031;bäurn, f.;die Barte;bäurn, f.;die Barte (das Beil);28, 56, 76;bäurn, f.=die Barte 28, 56, 76.;119;a;;no;corrected;;no
lr_0119_032;bäurt, m.;Bart;bäurt, m.;Bart;20, 28;bäurt, m.=Bart 20, 28.;119;a;;no;confirmed;;no
lr_0119_033;båüſe;zornig, böse;båüſe;zornig, böse;29;båüſe=zornig, böse 29.;119;a;;no;confirmed;;no
lr_0119_034;bäuten, f.;Laub der Garbenfrüchte.;bäuten, f.;Laub der Garbenfrüchte;;bäuten, f.=Laub der Garbenfrüchte.;119;a;;no;confirmed;;no
lr_0119_035;bedār’n, sik;thöricht handeln;bedār’n, sik;thöricht handeln;96;bedār’n, sik=thöricht handeln 96.;119;a;;no;confirmed;;no
lr_0119_036;bedbuür’n, f.;die Zieche.;bedbuür’n, f.;die Zieche (Bettbezug);;bedbuür’n, f.=die Zieche.;119;a;;no;confirmed;corrected;no
lr_0119_037;beddesträu, iuſer låiwen frübben b.;wilder Thymian, Am 1. Mai ins Bett gelegt, damit die Flöhe nicht hineinkommen;beddesträu, iuſer låiwen frübben b.;wilder Thymian, Am 1. Mai ins Bett gelegt, damit die Flöhe nicht hineinkommen;73;beddesträu, iuſer låiwen frübben b.=wilder Thymian, Am 1. Mai ins Bett gelegt, damit die Flöhe nicht hineinkommen 73.;119;a;;no;confirmed;;no
lr_0119_038;bediarwet;in Noth;bediarwet;in Noth;36;bediarwet=in Noth 36.;119;b;;no;confirmed;;no
lr_0119_039;bedingen, stv.;bedingen;bedingen, stv.;bedingen;86;bedingen, stv.=bedingen 86.;119;b;;no;confirmed;;no
lr_0119_040;bedråigen, stv.;betriegen;bedråigen, stv.;betrügen;26, 27, 31, 35, 40, 91;bedråigen, stv.=betriegen 26, 27, 31, 35, 40, 91.;119;b;;no;corrected;;no
lr_0119_041;bedrüeſeln;betäuben;bedrüeſeln;betäuben;40, 99;bedrüeſeln=betäuben 40, 99.;119;b;;no;confirmed;;no
lr_0119_042;beduüen;bedeuten;beduüen;bedeuten;8, 55, 100;beduüen=bedeuten 8, 55, 100.;119;b;;no;confirmed;;no
lr_0119_043;bedwoelen (sik);sich verirren;bedwoelen (sik);sich verirren;34, 97;bedwoelen (sik)=sich verirren 34, 97.;119;b;;no;confirmed;;no
lr_0119_044;beempten.;„se sü̂t sau beempten ût“=sie sieht so hochmüthig, zimpferlich aus (Schildesche).;beempten.;„se sü̂t sau beempten ût“=sie sieht so hochmüthig, zimpferlich aus (Schildesche).;;beempten. „se sü̂t sau beempten ût“=sie sieht so hochmüthig, zimpferlich aus (Schildesche).;119;b;;no;confirmed;corrected;no
lr_0119_045;befialen, stv.;befehlen;befialen, stv.;befehlen;11, 28, 34, 36, 86;befialen, stv.=befehlen 11, 28, 34, 36, 86.;119;b;;no;confirmed;;no
lr_0119_046;bek, m.;das Maul.;bek, m.;das Maul;;bek, m.=das Maul.;119;b;;no;confirmed;;no
lr_0119_047;beklîben, stv.;anschlagen (von gereiserten Bäumen);beklîben, stv.;anschlagen (von gereiserten Bäumen);90;beklîben, stv.=anschlagen (von gereiserten Bäumen) 90.;119;b;;no;confirmed;;no
lr_0119_048;bekloekern, sik;sich belehren;bekloekern, sik;sich belehren;98;bekloekern, sik=sich belehren 98.;119;b;;no;confirmed;;no
lr_0119_049;bekruigen, bekuomen, sik;sich erholen.;bekruigen, bekuomen, sik;sich erholen;;bekruigen, bekuomen, sik=sich erholen.;119;b;bekuomen;no;confirmed;;no
lr_0119_050;belt, n.;Bild;belt, n.;Bild;9, 42, 56;belt, n.=Bild 9, 42, 56.;119;b;;no;confirmed;;no
lr_0119_051;benoewet;unwohl, ängstlich, bekümmert;benoewet;unwohl, ängstlich, bekümmert;52;benoewet=unwohl, ängstlich, bekümmert 52.;119;b;;no;confirmed;;no
lr_0119_052;beok, n.;Buch;beok, n.;Buch;2, 33, 34;beok, n.=Buch 2, 33, 34.;119;b;;no;confirmed;;no
lr_0119_053;beok, n.;die Buchecker(n);beok, n.;die Buchecker(n);34, 73;beok, n.=die Buchecker(n) 34, 73.;119;b;;no;confirmed;;no
lr_0119_054;beort, f.;Bord;beort, f.;Bord;34, 35;beort, f.=Bord 34, 35.;119;b;;no;confirmed;;no
lr_0119_055;beoſem, m.;Busen, daher Rauchfang;beoſem, m.;Busen, daher Rauchfang;33, 44;beoſem, m.=Busen, daher Rauchfang 33, 44.;119;b;;no;confirmed;;no
lr_0119_056;beschuatennot;Muscatnuss.;beschuatennot;Muscatnuss;;beschuatennot=Muscatnuss.;119;b;;no;confirmed;;no
lr_0119_057;beschuüt, m.;Zwieback;beschuüt, m.;Zwieback;31;beschuüt, m.=Zwieback 31.;119;b;;no;confirmed;;no
lr_0119_058;bessem, m.;Besen;bessem, m.;Besen;45, 60, 78;bessem, m.=Besen 45, 60, 78.;119;b;;no;confirmed;;no
lr_0119_059;bestrīens;rittlings.;bestrīens;rittlings;;bestrīens=rittlings.;119;b;;no;confirmed;;no
lr_0119_060;beswoegen;1) ohnmächtig werden, 2) beseufzen;beswoegen;1) ohnmächtig werden, 2) beseufzen;34, 97;beswoegen=1) ohnmächtig werden, 2) beseufzen 34, 97.;119;b;;no;confirmed;;no
lr_0119_061;bet;bis, wieder;bet;bis, wieder;9;bet=bis, wieder 9.;119;b;;no;confirmed;;no
lr_0119_062;betālen;bezahlen;betālen;bezahlen;14, 96;betālen=bezahlen 14, 96.;119;b;;no;confirmed;;no
lr_0119_063;betiamen;1) wagen, 2) bet. lå̂den=zufrieden lassen;betiamen;1) wagen, 2) bet. lå̂den=zufrieden lassen.;37;betiamen=1) wagen, 2) bet. lå̂den=zufrieden lassen 37.;119;b;;no;confirmed;;no
lr_0119_064;betüenen;bestricken;betüenen;bestricken;40;betüenen=bestricken 40.;119;b;;no;confirmed;;no
lr_0119_065;betünteln;bestricken, betriegen;betünteln;bestricken, verwirren, betrügen;13;betünteln=bestricken, betriegen 13.;119;b;;no;corrected;;no
lr_0119_066;bewandnisse, f.;Bewandnis;bewandnisse, f.;Bewandnis;60;bewandnisse, f. Bewandnis 60.;119;b;;no;confirmed;;no
lr_0119_067;bewiagen, stv.;bewegen;bewiagen, stv.;bewegen;11, 12, 34, 35, 37, 87;bewiagen, stv.=bewegen 11, 12, 34, 35, 37, 87.;119;b;;no;confirmed;;no
lr_0119_068;biadeln;betteln;biadeln;betteln;36, 56, 99;biadeln=betteln 36, 56, 99.;119;b;;no;confirmed;;no
lr_0119_069;biader;besser;biader;besser;37, 55;biader=besser 37, 55.;119;b;;no;confirmed;;no
lr_0119_070;biaen;beten;biaen;beten;36, 97;biaen=beten 36, 97.;119;b;;no;confirmed;;no
lr_0119_071;biarch, m.;Berg;biarch, m.;Berg;37, 44, 63, 67;biarch, m.=Berg 37, 44, 63, 67.;119;b;;no;confirmed;;no
lr_0120_001;bidden, stv.;bitten;bidden, stv.;bitten;6, 10, 24, 55, 55, 56, 87;bidden, stv.=bitten 6, 10, 24, 55, 55, 56, 87.;120;a;;no;confirmed;;no
lr_0120_002;bidderste, nich dat;nicht das geringste;bidderste, nich dat;nicht das geringste;56;bidderste, nich dat=nicht das geringste 56.;120;a;;no;confirmed;;no
lr_0120_003;bieden, n.;das Bischen;bieden, n.;das Bischen;55;bieden, n.=das Bischen 55.;120;a;;no;confirmed;;no
lr_0120_004;bieke, f.;Bach;bieke, f.;Bach;35, 74;bieke, f.=Bach 35, 74.;120;a;;no;confirmed;;no
lr_0120_005;bieſebäum, m.;der Wiesbaum;bieſebäum, m.;der Wiesenbaum;35, 53;bieſebäum, m.=der Wiesbaum 35, 53.;120;a;;no;corrected;;no
lr_0120_006;biete, m.;Biss;biete, m.;Biss;35;biete, m.=Biss 35.;120;a;;no;confirmed;;no
lr_0120_007;bichten;beichten;bichten;beichten;;bichten=beichten.;120;a;;no;confirmed;;no
lr_0120_008;bickä̂s, m.;Wolf, vom Reiten;bickä̂s, m.;Wolf, vom Reiten;;bickä̂s, m.=Wolf, vom Reiten.;120;a;;no;confirmed;;no
lr_0120_009;bicken;picken;bicken;picken;95;bicken=picken 95.;120;a;;no;confirmed;;no
lr_0120_010;*bil, m.;Schnabel;bil, m.;Schnabel;72;*bil, m.=Schnabel 72.;120;a;;no;confirmed;;no
lr_0120_011;biltangen, f.;Schnabelzange;biltangen, f.;Schnabelzange;;biltangen, f.=Schnabelzange.;120;a;;no;confirmed;;no
lr_0120_012;binse, f.;Stirnbinde der Frauen;binse, f.;Stirnbinde der Frauen;46, 76;binse, f.=Stirnbinde der Frauen 46, 76.;120;a;;no;confirmed;;no
lr_0120_013;bīrke, f.;Birke;bīrke, f.;Birke;19, 20, 35;bīrke, f.=Birke 19, 20, 35.;120;a;;no;confirmed;;no
lr_0120_014;bīſe, f.;starker, kurzer Regen;bīſe, f.;starker, kurzer Regen;76;bīſe, f.=starker, kurzer Regen 76.;120;a;;no;confirmed;;no
lr_0120_015;bissen, biſſen;wild umherrennen;bissen, biſſen;wild umherrennen;7, 95;bissen, biſſen=wild umherrennen 7, 95.;120;a;;no;confirmed;;no
lr_0120_016;bissewentke, f.;Mädchen, das gern aushäusig ist;bissewentke, f.;Mädchen, das gern aushäusig ist;;bissewentke, f.=Mädchen, das gern aushäusig ist.;120;a;;no;confirmed;;no
lr_0120_017;biude, beode, f.;Bude;biude, beode, f.;Bude;29, 34, 55;biude, beode, f.=Bude 29, 34, 55.;120;a;beode;no;confirmed;;no
lr_0120_018;biuden, bûten;drauſsen;biuden, bûten;draußen;17, 29;biuden, bûten=drauſsen 17, 29.;120;a;bûten;no;confirmed;;no
lr_0120_019;biuk, m.;Bauch;biuk, m.;Bauch;29;biuk, m.=Bauch 29.;120;a;;no;confirmed;;no
lr_0120_020;biur', m.;Bauer;biur', m.;Bauer;30, 76;biur', m.=Bauer 30, 76.;120;a;;no;confirmed;;no
lr_0120_021;biustern;bumsen;biustern;bumsen;99;biustern=bumsen 99.;120;a;;no;confirmed;;no
lr_0120_022;bīwen, bīwern;beben;bīwen, bīwern;beben;15, 96, 98;bīwen, bīwern=beben 15, 96, 98.;120;a;bīwern;no;confirmed;;no
lr_0120_023;bīwerken (auch ī), n.;Heidelbeere;bīwerken (auch ī), n.;Heidelbeere;7, 15;bīwerken (auch ī), n.=Heidelbeere 7, 15.;120;a;;no;confirmed;;no
lr_0120_024;blåf, blåw;blau;blæ̊f, blæ̊w;blau;52, 53, 79;blåf, blåw=blau 52, 53, 79.;120;a;blæ̊f;no;corrected;corrected;no
lr_0120_025;blāge, f.;Kind (Sch.);blāge, f.;Kind (Sch.);15, 63, 74;blāge, f.=Kind (Sch.) 15, 63, 74.;120;a;;no;confirmed;;no
lr_0120_026;blak, n.;Tinte;blak, n.;Tinte;6, 65, 73;blak, n.=Tinte 6, 65, 73.;120;a;;no;confirmed;;no
lr_0120_027;blakstairt, auch blikst.;der bloſse Hintere;blakstairt, auch blikst.;der bloße Hintere;;blakstairt, auch blikst.=der bloſse Hintere.;120;a;;no;confirmed;;no
lr_0120_028;blanksmet, m.;ein Käfer;blanksmet, m.;ein Käfer;9;blanksmet, m.=ein Käfer 9.;120;a;;no;confirmed;;no
lr_0120_029;blārren;plärren;blāren;plärren;49, 96;blārren=plärren 49, 96.;120;a;;no;confirmed;corrected;no
lr_0120_030;blå̂ſen, stv.;blasen;blå̂ſen, stv.;blasen;12, 25, 35, 93;blå̂ſen, stv.=blasen 12, 25, 35, 93.;120;a;;no;confirmed;;no
lr_0120_031;blat, n.;Blatt;blat, n.;Blatt;37;blat, n.=Blatt 37.;120;a;;no;confirmed;;no
lr_0120_032;bläut;bloſs;bläut;bloß;27;bläut=bloſs 27.;120;a;;no;confirmed;;no
lr_0120_033;bleodich;blutig;bleodich;blutig;;bleodich=blutig.;120;a;;no;confirmed;;no
lr_0120_034;bleoen;bluten;bleoen;bluten;33, 54, 96;bleoen=bluten 33, 54, 96.;120;a;;no;confirmed;;no
lr_0120_035;bleot, n.;Blut;bleot, n.;Blut;33;bleot, n.=Blut 33.;120;a;;no;confirmed;;no
lr_0120_036;bleome, f.;Blume;bleome, f.;Blume;33;bleome, f.=Blume 33.;120;a;;no;confirmed;;no
lr_0120_037;*blesse, -en, f.;weiſser Stirnfleck, Stirn;blesse, blessen, f.;weißer Stirnfleck, Stirn;9, 76;*blesse, -en, f.=weiſser Stirnfleck, Stirn 9, 76.;120;a;blesse;no;confirmed;;no
lr_0120_038;blessen, pl.;Stränge ungebundener Haare;blessen, pl.;Stränge ungebundener Haare;;blessen, pl.=Stränge ungebundener Haare.;120;b;;no;confirmed;;no
lr_0120_039;blessen;einen Baum „lachen“;blessen;einen Baum „lachen“;;blessen=einen Baum „lachen“.;120;b;;no;confirmed;;no
lr_0120_040;blieken;bellen;blieken;bellen;35, 43, 97;blieken=bellen 35, 43, 97.;120;b;;no;confirmed;;no
lr_0120_041;blik, n.;der entblöſste Hintere;blik, n.;der entblößte Hintere;47, 73;blik, n.=der entblöſste Hintere 47, 73.;120;b;;no;confirmed;;no
lr_0120_042;bloemen, ferbloemen;trüben, verblümen;bloemen, ferbloemen;trüben, verblümen;97;bloemen, ferbloemen=trüben, verblümen 97.;120;b;;yes;confirmed;;no
lr_0120_043;blojjen;blühen;bloijjen;blühen;10, 68;blojjen=blühen 10, 68.;120;b;;no;corrected;;no
lr_0120_044;blom;trübe, von lehmigem Wasser;blom;trübe, von lehmigem Wasser;49;blom=trübe, von lehmigem Wasser 49.;120;b;;no;confirmed;;no
lr_0120_045;bluiben, stv.;bleiben;bluiben, stv.;bleiben;10, 16, 24, 52, 89;bluiben, stv.=bleiben 10, 16, 24, 52, 89.;120;b;;no;confirmed;;no
lr_0120_046;bluich, n.;Blei;bluich, n.;Blei;68, 69;bluich, n.=Blei 68, 69.;120;b;;no;confirmed;;no
lr_0120_047;bluijjert, m.;die Bleihe;bluijjert, m.;die Bleihe (Weißfischart);68;bluijjert, m.=die Bleihe 68.;120;b;;no;confirmed;corrected;no
lr_0120_048;bluiken, stv.;bleichen;bluiken, stv.;bleichen;90;bluiken, stv.=bleichen 90.;120;b;;no;confirmed;;no
lr_0120_049;bluint;blind;bluint;blind;79, 83;bluint=blind 79, 83.;120;b;;no;confirmed;;no
lr_0120_050;bluintheon, n.;Gericht aus Mohrrüben, Bohnen, Kartoffeln und Äpfeln;bluintheon, n.;Gericht aus Mohrrüben, Bohnen, Kartoffeln und Äpfeln;;bluintheon, n.=Gericht aus Mohrrüben, Bohnen, Kartoffeln und Äpfeln.;120;b;;no;confirmed;;no
lr_0120_051;böbben, böwwen;bauen;böbben, böwwen;bauen;48;böbben, böwwen=bauen 48.;120;b;böwwen;no;confirmed;;no
lr_0120_052;"bodder, f.; als Neutrum";das Butterbrod;"bodder, f.; als Neutrum";das Butterbrot;78, 92;"bodder, f.; als Neutrum=das Butterbrod 78, 92.";120;b;;no;confirmed;;no
lr_0120_053;boeden, boeen;"heizen; besprechen z. B. „de reoſe b.“; stillen, ausbessern, büſsen";boeden, boeen;"heizen; besprechen z. B. „de reoſe b.“; stillen, ausbessern, büßen";11, 31, 55, 56, 58, 100;"boeden, boeen=heizen; besprechen z. B. „de reoſe b.“; stillen, ausbessern, büſsen 11, 31, 55, 56, 58, 100.";120;b;boeen;no;confirmed;;no
lr_0120_054;bohåi, westf.-hd. bŏhé, m.;Lärm, lärmende Festlichkeit;bohåi, westf.-hd. bŏhé, m.;Lärm, lärmende Festlichkeit;;bohåi, westf.-hd. bŏhé, m.=Lärm, lärmende Festlichkeit.;120;b;;no;confirmed;;no
lr_0120_055;bollen, m.;Knollen, Hinterbacken;bollen, m.;Knollen, Hinterbacken;75;bollen, m.=Knollen, Hinterbacken 75.;120;b;;no;confirmed;;no
lr_0120_056;bolse, m.;Kater;bolse, m.;Kater;11, 75;bolse, m.=Kater 11, 75.;120;b;;no;confirmed;;no
lr_0120_057;bolsenbrät, n.;scherzhaft für „binse“;bolsenbrät, n.;scherzhaft für „Binse“ (Binsenweisheit);;bolsenbrät, n., scherzhaft für „binse“.;120;b;;no;confirmed;corrected;no
lr_0120_058;bolwjarken;hart arbeiten;bolwiarken;hart arbeiten;69;bolwjarken=hart arbeiten 69.;120;b;;no;corrected;checked_no_change;no
lr_0120_059;bössen;bürsten;bössen;bürsten;13, 44, 60;bössen=bürsten 13, 44, 60.;120;b;;no;confirmed;;no
lr_0120_060;bössen, pl.;die Borsten;bössen, pl.;die Borsten;;bössen, pl.=die Borsten.;120;b;;no;confirmed;;no
lr_0120_061;bost, f.;Brust;bost, f.;Brust;11, 44;bost, f.=Brust 11, 44.;120;b;;no;confirmed;;no
lr_0120_062;bost, m.;Borst;bost, m.;Borst;;bost, m.=Borst.;120;b;;no;checked_no_change;;no
lr_0120_063;brå̂en, m.;Braten;brå̂en, m.;Braten;;brå̂en, m.=Braten.;120;b;;no;confirmed;;no
lr_0120_064;bråien;breiten;bråien;breiten;9, 55, 100;bråien=breiten 9, 55, 100.;120;b;;no;confirmed;;no
lr_0120_065;bråif, m.;Brief;bråif, m.;Brief;26, 70;bråif, m.=Brief 26, 70.;120;b;;no;confirmed;;no
lr_0120_066;bråigen, m.;Gehirn;bråigen, m.;Gehirn;;bråigen, m. Gehirn.;120;b;;no;confirmed;;no
lr_0120_067;brait;breit;brait;breit;;brait=breit.;120;b;;no;confirmed;;no
lr_0120_068;brå̂k;brach;brå̂k;brach;18;brå̂k=brach 18.;120;b;;no;confirmed;;no
lr_0120_069;brå̂ken;braken;brå̂ken;brachen;15, 96;brå̂ken=braken 15, 96.;120;b;;no;corrected;;no
lr_0120_070;brāke, m.;Ast, Schlagholz;brāke, m.;Ast, Schlagholz;15, 64;brāke, m.=Ast, Schlagholz 15, 64.;120;b;;no;confirmed;;no
lr_0121_001;bracke, f.;1) Jagdhund, 2) Sch. für Kind;bracke, f.;1) Jagdhund, 2) Sch. für Kind;6, 64;bracke, f.=1) Jagdhund, 2) Sch. für Kind 6, 64.;121;a;;no;confirmed;;no
lr_0121_002;brå̂m, m.;Giuster;brå̂m, m.;Ginster;18;brå̂m, m.=Giuster 18.;121;a;;no;corrected;;no
lr_0121_003;brändåürn, m.;Brombeere;brändåürn, m.;Brombeere;;brändåürn, m.=Brombeere.;121;a;;no;confirmed;;no
lr_0121_004;brandwåiden, m.;Brandweizen;brandwåiden, m.;Brandweizen;;brandwåiden, m.=Brandweizen.;121;a;;no;confirmed;;no
lr_0121_005;bränne, up de br. smuiden;etwas absichtlich nebenbei erwähnen;bränne, up de br. smuiden;etwas absichtlich nebenbei erwähnen;;bränne, up de br. smuiden=etwas absichtlich nebenbei erwähnen.;121;a;;no;confirmed;;no
lr_0121_006;brännen;brennen;brännen;brennen;95, 101;brännen=brennen 95, 101.;121;a;;no;confirmed;;no
lr_0121_007;bräuen, stv.;braten;bräuen, stv.;braten;12, 25, 28, 35, 54, 93;bräuen, stv.=braten 12, 25, 28, 35, 54, 93.;121;a;;no;confirmed;;no
lr_0121_008;brauſen, briuſen;kämpfen, anrennen;brauſen, briuſen;kämpfen, anrennen;;brauſen, briuſen=kämpfen, anrennen.;121;a;brauſen;no;;;no
lr_0121_009;bräut, n.;Brod;bräut, n.;Brot;27, 28, 55, 73;bräut, n.=Brod 27, 28, 55, 73.;121;a;;no;confirmed;;no
lr_0121_010;bredde, f.;Breite;bredde, f.;Breite;9, 55, 74;bredde, f.=Breite 9, 55, 74.;121;a;;no;confirmed;;no
lr_0121_011;breoer, m.;Bruder;breoer, m.;Bruder;33, 54, 77;breoer, m.=Bruder 33, 54, 77.;121;a;;no;confirmed;;no
lr_0121_012;breok, n. u. m.;das Brūch;breok, n. u. m.;das Brūch;33, 73;breok, n. u. m.=das Brūch 33, 73.;121;a;;no;confirmed;;no
lr_0121_013;briagen, m.;das Gehirn;briagen, m.;das Gehirn;73;briagen, m.=das Gehirn 73.;121;a;;no;confirmed;;no
lr_0121_014;briaken, stv.;brechen;briaken, stv.;brechen;11, 36, 38, 58, 65, 88;briaken, stv.=brechen 11, 36, 38, 58, 65, 88.;121;a;;no;confirmed;;no
lr_0121_015;bricke, f.;Wickelbrettchen;bricke, f.;Wickelbrettchen;7, 49;bricke, f.=Wickelbrettchen 7, 49.;121;a;;no;confirmed;;no
lr_0121_016;bringen;bringen;bringen;bringen;101;bringen=bringen 101.;121;a;;no;confirmed;;no
lr_0121_017;brink, m.;Hügel, Rand;brink, m.;Hügel, Rand;72;brink, m.=Hügel, Rand 72.;121;a;;no;confirmed;;no
lr_0121_018;britsen;ruthenstreichen;britsen;Rutenstreichen (öffentliche Prügelstrafe);;britsen=ruthenstreichen.;121;a;;no;confirmed;corrected;no
lr_0121_019;briuken;brauchen;briuken;brauchen;29, 97;briuken=brauchen 29, 97.;121;a;;no;confirmed;;no
lr_0121_020;briuſe, f.;Brause;briuſe, f.;Brause;30;briuſe, f.=Brause 30.;121;a;;no;confirmed;;no
lr_0121_021;briut, f.;Braut, junge Frau;briut, f.;Braut, junge Frau;29, 47;briut, f.=Braut, junge Frau 29, 47.;121;a;;no;confirmed;;no
lr_0121_022;broeen;brüten;broeen;brüten;34, 100;broeen=brüten 34, 100.;121;a;;no;confirmed;;no
lr_0121_023;brojje;Brühe;broijje;Brühe;68;brojje=Brühe 68.;121;a;;no;confirmed;corrected;no
lr_0121_024;brom-som;ein Spiel;brom-som;ein Spiel;45;brom-som, ein Spiel 45.;121;a;;no;confirmed;;no
lr_0121_025;brüggem, bruüjjem, brüjjem, m.;Bräutigam;brüggem, bruüjjem, brüjjem, m.;Bräutigam;14, 63, 68, 78;brüggem, bruüjjem, brüjjem, m.=Bräutigam 14, 63, 68, 78.;121;a;brüggem | brüjjem;no;confirmed;;no
lr_0121_026;brüggen, f.;Brücke;brüggen, f.;Brücke;76;brüggen, f.=Brücke 76.;121;a;;no;confirmed;;no
lr_0121_027;brümber, f.;Brombeere;brümber, f.;Brombeere;;brümber, f.=Brombeere.;121;a;;no;confirmed;;no
lr_0121_028;brüöke, f.;Bruch im Holz, Glas;brüöke, f.;Bruch im Holz, Glas;74;brüöke, f.=Bruch im Holz, Glas 74.;121;a;;no;confirmed;;no
lr_0121_029;brüwwen;brauen;brüwwen;brauen;52, 95;brüwwen=brauen 52, 95.;121;a;;no;confirmed;;no
lr_0121_030;bruiben, stv.;reiben;bruiben, stv.;reiben;43, 49, 51;bruiben, stv.=reiben 43, 49, 51.;121;a;;no;confirmed;;no
lr_0121_031;bruüen;necken;bruüen;necken;30, 54, 97;bruüen=necken 30, 54, 97.;121;a;;no;confirmed;;no
lr_0121_032;buaben;oben;buaben;oben;38;buaben=oben 38.;121;a;;no;confirmed;;no
lr_0121_033;buae, m.;Bote;buae, m.;Bote;38;buae, m.=Bote 38.;121;a;;no;confirmed;;no
lr_0121_034;buam, m.;Boden;buam, m.;Boden;38, 45;buam, m.=Boden 38, 45.;121;a;;no;confirmed;;no
lr_0121_035;buar'n;bohren;buar'n;bohren;38;buar'n=bohren 38.;121;a;;no;confirmed;;no
lr_0121_036;buddel, m.;plattes Fläschchen;buddel, m.;plattes Fläschchen;8;buddel, m.=plattes Fläschchen 8.;121;a;;no;confirmed;;no
lr_0121_037;büeker, m.;Böttcher;büeker, m.;Böttcher;40, 64;büeker, m.=Böttcher 40, 64.;121;a;;no;confirmed;;no
lr_0121_038;büeker, büöker, m.;"Keule zum Flachsboken; ein Prahlhans(Sch.)";büeker, büöker, m.;"Keule zum Flachsboken; ein Prahlhans (Sch.)";;"büeker, büöker, m.=Keule zum Flachsboken; ein Prahlhans(Sch.).";121;a;büeker;no;confirmed;;no
lr_0121_039;büene, -en, f.;1) oberer Gaumen, 2) Bühne, Bodenkammer. Wan de rogge int der schåtbüenen kümt=wenn die Ähre aus dem Roggenhalme schieſst.;büene, büenen, f.;1) oberer Gaumen, 2) Bühne, Bodenkammer. Wan de Rogge iut de schåtbüenen kümt=wenn die Ähre aus dem Roggenhalme schießt.;76;büene, -en, f.=1) oberer Gaumen, 2) Bühne, Bodenkammer. Wan de rogge int der schåtbüenen kümt=wenn die Ähre aus dem Roggenhalme schieſst. 76.;121;a;büene;no;confirmed;corrected;no
lr_0121_040;bǖgel, m.;Bügel;bǖgel, m.;Bügel;16;bǖgel, m.=Bügel 16.;121;b;;no;confirmed;;no
lr_0121_041;bucht, f.;Biegung, tor b. kruigen=niederbeugen, unterdrücken;bucht, f.;Biegung, tor b. kruigen=niederbeugen, unterdrücken;67;bucht, f.=Biegung, tor b. kruigen=niederbeugen, unterdrücken 67.;121;b;;no;confirmed;;no
lr_0121_042;buiden, stv.;beiſsen;buiden, stv.;beißen;10, 24, 32, 36, 55, 87, 89;buiden, stv.=beiſsen 10, 24, 32, 36, 55, 87, 89.;121;b;;no;confirmed;;no
lr_0121_043;buikrå̂m, m.;Abortus;buikrå̂m, m.;Abortus;;buikrå̂m, m.=Abortus.;121;b;;no;confirmed;;no
lr_0121_044;buikuomern;zutraulich;buikuomern;zutraulich;10, 44, 80;buikuomern=zutraulich 10, 44, 80.;121;b;;no;confirmed;;no
lr_0121_045;buinen, stv.;binden;buinen, stv.;binden;28, 30, 31, 32, 86;buinen, stv.=binden 28, 30, 31, 32, 86.;121;b;;no;confirmed;;no
lr_0121_046;buirbäum, m.;Birnbaum;buirbäum, m.;Birnbaum;32;buirbäum, m.=Birnbaum 32.;121;b;;no;confirmed;;no
lr_0121_047;buisoekern;einschmeichelnd, habsüchtig;buisoekern;einschmeichelnd, habsüchtig;10, 32, 79;buisoekern=einschmeichelnd, habsüchtig 10, 32, 79.;121;b;;no;confirmed;;no
lr_0121_048;buisterbān, f.;Irrweg;buisterbān, f.;Irrweg;;buisterbān, f.=Irrweg.;121;b;;no;confirmed;;no
lr_0121_049;buk, m.;Bock;buk, m.;Bock;8, 64;buk, m.=Bock 8, 64.;121;b;;no;confirmed;;no
lr_0121_050;bucken;lehnen an jemand;bucken;lehnen an jemand;95;bucken=lehnen an jemand 95.;121;b;;no;confirmed;;no
lr_0121_051;buksen;stehlen (in die Tasche);buksen;stehlen (in die Tasche);8;buksen=stehlen (in die Tasche) 8.;121;b;;no;confirmed;;no
lr_0121_052;bullerbäune, f.;türkische Bohne;bullerbäune, f.;türkische Bohne;;bullerbäune, f.=türkische Bohne.;121;b;;no;confirmed;;no
lr_0121_053;bullern;kollern;bullern;kollern;98;bullern=kollern 98.;121;b;;no;confirmed;;no
lr_0121_054;bulst, m.;Wulst;bulst, m.;Wulst;49;bulst, m.=Wulst 49.;121;b;;no;confirmed;;no
lr_0121_055;bulster, f.;Schale der Hülsenfrüchte;bulster, f.;Schale der Hülsenfrüchte;;bulster, f.=Schale der Hülsenfrüchte.;121;b;;no;confirmed;;no
lr_0121_056;bulthäup, m.;Erdhauf;bulthäup, m.;Erdhauf von Maulwürfen;8, 26;bulthäup, m.=Erdhauf 8, 26.;121;b;;no;corrected;;no
lr_0121_057;bulwern;brodeln, Blasen treiben;bulwern;brodeln, Blasen treiben;42, 99;bulwern=brodeln, Blasen treiben 42, 99.;121;b;;no;confirmed;;no
lr_0121_058;bumpers, pl.;groſse Stücke;bumpers, pl.;große Stücke;;bumpers, pl.=groſse Stücke.;121;b;;no;confirmed;;no
lr_0121_059;bunge, f.;ein Fischnetz;bunge, f.;ein Fischnetz;;bunge, f.=ein Fischnetz.;121;b;;no;confirmed;;no
lr_0121_060;bunken;schlagen, pochen;bunken;schlagen, pochen;95;bunken=schlagen, pochen 95.;121;b;;no;confirmed;;no
lr_0121_061;bunken, pl.;groſse Steine, scherzweise: die Läuse;bunken, pl.;große Steine, scherzweise: die Läuse;8;bunken, pl.=groſse Steine, scherzweise: die Läuse 8.;121;b;;no;confirmed;;no
lr_0121_062;bünſel, m;Knirps;bünſel, m;Knirps;61;bünſel, m=Knirps 61.;121;b;;no;confirmed;;no
lr_0121_063;bunt, n.;das Bündel;bunt, n.;das Bündel;31, 46, 73;bunt, n.=das Bündel 31, 46, 73.;121;b;;no;confirmed;;no
lr_0121_064;buoken;stampfen;buoken;stampfen;39, 97;buoken=stampfen 39, 97.;121;b;;no;confirmed;;no
lr_0121_065;buorch, būrk, m.;Eber;buorch, būrk, m.;verschnittener Jungeber;39, 44, 67;buorch, būrk, m.=Eber 39, 44, 67.;121;b;būrk;no;corrected;;no
lr_0121_066;Buorchel;Familienname;Buorchel;"Familienname; hochdeutsch Borgelt";44, 67;Buorchel, Familienname 44, 67.;121;b;;no;corrected;;no
lr_0121_067;buorchpiesk, m.;penis suis exsectus;buorchpiesk, m.;penis suis exsectus;;buorchpiesk, m.=penis suis exsectus.;121;b;;no;confirmed;;no
lr_0121_068;būrchfässen;frohnen;būrchfässen;fronen, von burgfesten;60, 95;būrchfässen=frohnen 60, 95.;121;b;;no;corrected;;no
lr_0121_069;bûrskop, f.;eine Bauerschaft;bûrskop, f.;eine Bauerschaft;60;bûrskop, f.=eine Bauerschaft 60.;121;b;;no;confirmed;;no
lr_0121_070;büsse, f.;Büchse;büsse, f.;Büchse;60;büsse, f.=Büchse 60.;121;b;;no;confirmed;;no
lr_0121_071;buſſeln, wuſſeln;wühlen;buſſeln, wuſſeln;wühlen;8, 49, 61, 98;buſſeln, wuſſeln=wühlen 8, 49, 61, 98.;121;b;wuſſeln;no;confirmed;;no
lr_0121_072;*but;grob, unreif;but;grob, unreif;8, 79;*but=grob, unreif 8, 79.;121;b;;no;confirmed;;no
lr_0121_073;*but, m., bütken, n.;junger Ochse, Kalb, dem die Hörner ausbrechen;but, m., bütken, n.;junger Ochse, Kalb, dem die Hörner ausbrechen;13, 57;*but, m., bütken, n.=junger Ochse, Kalb, dem die Hörner ausbrechen 13, 57.;121;b;but;no;confirmed;;no
lr_0122_001;buts;sogleich;buts;sogleich;8, 49;buts=sogleich 8, 49.;122;a;;no;confirmed;;no
lr_0122_002;butse, f.;Bretterhütte, Verschlag;butse, f.;Bretterhütte, Verschlag;57, 76;butse, f.=Bretterhütte, Verschlag 57, 76.;122;a;;no;confirmed;;no
lr_0122_003;buüken;auslaugen;buüken;auslaugen;30, 97;buüken=auslaugen 30, 97.;122;a;;no;confirmed;;no
lr_0122_004;Buüne;Ortsn. Bünde;Buüne;Ortsn. Bünde;31, 46;Buüne=Ortsn. Bünde 31, 46.;122;a;;no;confirmed;;no
lr_0122_005;buür'n;heben;buür'n;heben;31, 39, 97, 99;buür'n=heben 31, 39, 97, 99.;122;a;;no;confirmed;;no
lr_0122_006;buürunge, f.;Hebung, Hausrichtung;buürunge, f.;Hebung, Hausrichtung;74;buürunge, f.=Hebung, Hausrichtung 74.;122;a;;no;confirmed;;no
lr_0122_007;dåf;taub;dæ̊f;taub;12, 51;dåf=taub 12, 51.;122;a;;no;corrected;corrected;no
lr_0122_008;dåf, dåw, m.;der Thau;dæ̊f, dæ̊w, m.;der Thau;53;dåf, dåw, m.=der Thau 53.;122;a;dæ̊f;no;confirmed;corrected;no
lr_0122_009;däftich;gediegen, kräftich;däftich;gediegen, kräftich;51;däftich=gediegen, kräftich 51.;122;a;;no;confirmed;;no
lr_0122_010;dach, m.;Tag. „for'n dach kruigen“=„zu Tage fördern“, fan dāge, dāe=heute;dach, m.;Tag. „for'n dach kruigen“=„zu Tage fördern“, fan dāge, dāe=heute;13, 63, 72;dach, m.=Tag. „for'n dach kruigen“=„zu Tage fördern“, fan dāge, dāe=heute 13, 63, 72.;122;a;;no;confirmed;;no
lr_0122_011;dåch;doch;dåch;doch;12, 67;dåch=doch 12, 67.;122;a;;no;confirmed;;no
lr_0122_012;dächt, m.;Docht;dächt, m.;Docht;11;dächt, m.=Docht 11.;122;a;;no;confirmed;;no
lr_0122_013;dåchter, -der, f.;Tochter;dåchter, dochder, f.;Tochter;12, 67, 77;dåchter, -der, f.=Tochter 12, 67, 77.;122;a;dåchter;no;confirmed;;no
lr_0122_014;dåif, m.;Dieb;dåif, m.;Dieb;26, 51;dåif, m.=Dieb 26, 51.;122;a;;no;confirmed;;no
lr_0122_015;dåil, m. und n.;Theil;dåil, m. und n.;Theil;72;dåil, m. und n.=Theil 72.;122;a;;no;confirmed;;no
lr_0122_016;daimsk;schwindelig, engbrüstig;daimsk;schwindelig, engbrüstig;24;daimsk=schwindelig, engbrüstig 24.;122;a;;no;confirmed;;no
lr_0122_017;dåinen;dienen;dåinen;dienen;26, 46, 57, 96, 100;dåinen=dienen 26, 46, 57, 96, 100.;122;a;;no;confirmed;;no
lr_0122_018;dåipe;tief;dåipe;tief;26, 49, 80;dåipe=tief 26, 49, 80.;122;a;;no;confirmed;;no
lr_0122_019;dåipte, -de, depte, f.;Tiefe;dåipte, dåipde, depte, f.;Tiefe;9, 58;dåipte, -de, depte, f.=Tiefe 9, 58.;122;a;dåipde | depte;no;confirmed;;no
lr_0122_020;*dåir, n.;Dirne, nur als Sch. „dumme dåir“!;dåir, n.;Dirne, nur als Sch. „dumme dåir“!;26, 78;*dåir, n.=Dirne, nur als Sch. „dumme dåir“! 26, 78.;122;a;;no;confirmed;;no
lr_0122_021;*dåir'n;(ein Kalb mit Milch) auffüttern;dåir'n;(ein Kalb mit Milch) auffüttern;26, 98;*dåir'n=(ein Kalb mit Milch) auffüttern 26, 98.;122;a;;no;confirmed;;no
lr_0122_022;dåiweruijje, f.;Dieberei;dåiweruijje, f.;Dieberei;45, 68, 74;dåiweruijje, f.=Dieberei 45, 68, 74.;122;a;;no;confirmed;;no
lr_0122_023;dajjen;aufthauen;daijjen;aufthauen;68, 95, 99;dajjen=aufthauen 68, 95, 99.;122;a;;no;corrected;checked_no_change;no
lr_0122_024;dāken, „dat käurn dāket“;das Korn legt sich (vom Regen);dāken, „dat käurn dāket“;das Korn legt sich (vom Regen);;dāken, „dat käurn dāket“=das Korn legt sich (vom Regen).;122;a;„dat käurn dāket“;no;confirmed;;no
lr_0122_025;dāl, n.;Hof-, Kampthür;dāl, n.;Hof-, Kampthür;14, 73;dāl, n.=Hof-, Kampthür 14, 73.;122;a;;no;confirmed;;no
lr_0122_026;dāl;herunter;dāl;herunter;14;dāl=herunter 14.;122;a;;no;confirmed;;no
lr_0122_027;dammeln;tändeln, auch adj. dammelich=dämelig;dammeln;tändeln, auch adj. dammelich=dämelig;98;dammeln=tändeln, auch adj. dammelich=dämelig 98.;122;a;;no;confirmed;;no
lr_0122_028;damper, adv.;sehr, tüchtig;damper, adv.;sehr, tüchtig;45;damper, adv.=sehr, tüchtig 45.;122;a;;no;confirmed;;no
lr_0122_029;dannen, f.;Fichte, Tanne;dannen, f.;Fichte, Tanne;76;dannen, f.=Fichte, Tanne 76.;122;a;;no;confirmed;;no
lr_0122_030;dansen;tanzen;dansen;tanzen;46;dansen=tanzen 46.;122;a;;no;confirmed;;no
lr_0122_031;där;da;där;da;11, 81;där=da 11, 81.;122;a;;no;confirmed;;no
lr_0122_032;dårín;hinein;dårín;hinein;79;dårín=hinein 79.;122;a;;no;confirmed;;no
lr_0122_033;dasken, stv.;dreschen;dasken, stv.;dreschen;6, 11, 13, 45, 60, 86;dasken, stv.=dreschen 6, 11, 13, 45, 60, 86.;122;a;;no;confirmed;;no
lr_0122_034;daspen, f.;Trespe, Lolch;daspen, f.;Trespe, Lolch;6, 44, 45, 56, 60;daspen, f.=Trespe, Lolch 6, 44, 45, 56, 60.;122;b;;no;confirmed;;no
lr_0122_035;däude;todt;däude;todt;9, 54, 80;däude=todt 9, 54, 80.;122;b;;no;confirmed;;no
lr_0122_036;däue, m.;der Todte;däue, m.;der Todte;54;däue, m.=der Todte 54.;122;b;;no;confirmed;;no
lr_0122_037;däur;da, dort;däur;da, dort;28;däur=da, dort 28.;122;b;;no;confirmed;;no
lr_0122_038;dåürn, m.;Dorn;dåürn, m.;Dorn;;dåürn, m.=Dorn.;122;b;;no;confirmed;;no
lr_0122_039;däut, m.;Tod;däut, m.;Tod;27, 57, 73;däut, m.=Tod 27, 57, 73.;122;b;;no;confirmed;;no
lr_0122_040;dåwwen;thauen;döwwen;thauen;68, 95;dåwwen=thauen 68, 95.;122;b;;no;corrected;;no
lr_0122_041;de, dai;der;de, dai;der;82;de, dai=der 82.;122;b;dai;no;confirmed;;no
lr_0122_042;denken;denken;denken;denken;67, 101;denken=denken 67, 101.;122;b;;no;confirmed;;no
lr_0122_043;den, denne;her, weg, wådenne?=woher? wå se fan denne was=woher sie stammte;den, denne;"her, weg, von dannen; wådenne?=woher? wå se fan denne was=woher sie stammte.";9;den, denne=her, weg, wådenne?=woher? wå se fan denne was=woher sie stammte 9.;122;b;den;no;corrected;;no
lr_0122_044;denst, m.;Dienst, de denste=die Dienstboten;denst, m.;Dienst, de denste=die Dienstboten;9;denst, m.=Dienst, de denste=die Dienstboten 9.;122;b;;no;confirmed;;no
lr_0122_045;deok, m.;das Tuch;deok, m.;das Tuch;;deok, m.=das Tuch.;122;b;;no;confirmed;;no
lr_0122_046;*deolaim, m.;Tonlehm;deolaim, m.;Tonlehm;;*deolaim, m.=Tonlehm.;122;b;;no;confirmed;;no
lr_0122_047;deon;"thun, en krüüs deon=ein Kreutz schlagen; fan åinem deon=von gleichem Alter";deon;"thun, en kruüs Deon=ein Kreuz schlagen; fan åinem deon=von gleichem Alter.";24, 27, 33, 54, 57, 94, 101;"deon=thun, en krüüs deon=ein Kreutz schlagen; fan åinem deon=von gleichem Alter 24, 27, 33, 54, 57, 94, 101.";122;b;;no;confirmed;corrected;no
lr_0122_048;deor, n.;das Thor;deor, n.;das Thor;78;deor, n.=das Thor 78.;122;b;;no;confirmed;;no
lr_0122_049;diagen, m.;Degen;diagen, m.;Degen;36;diagen, m.=Degen 36.;122;b;;no;confirmed;;no
lr_0122_050;dial, f.;Tenne;dial, f.;Tenne, Deele;36, 75;dial, f.=Tenne 36, 75.;122;b;;no;confirmed;corrected;no
lr_0122_051;diarm, m.;Darm;diarm, m.;Darm;37;diarm, m.=Darm 37.;122;b;;no;confirmed;;no
lr_0122_052;dibbern;schwatzen (jüd.);dibbern;schwatzen (jüd.);48;dibbern=schwatzen (jüd.) 48.;122;b;;no;confirmed;;no
lr_0122_053;diele, f.;Diele;diele, f.;Diele;35;diele, f.=Diele 35.;122;b;;no;confirmed;;no
lr_0122_054;diene, f.;Thal;diene, f.;Thal;74;diene, f.=Thal 74.;122;b;;no;confirmed;;no
lr_0122_055;dīgel, m.;Tiegel;dīgel, m.;Tiegel;15;dīgel, m.=Tiegel 15.;122;b;;no;confirmed;;no
lr_0122_056;dîch, m.;Gedeihen;dîch, m.;Gedeihen;17;dîch, m.=Gedeihen 17.;122;b;;no;confirmed;;no
lr_0122_057;dîch;gedeihend;dîch;gedeihend;72;dîch=gedeihend 72.;122;b;;no;confirmed;;no
lr_0122_058;dicke, adj.;dick, stark betrunken, 'ne dicke stunne;dicke, adj.;dick, stark betrunken, 'ne dicke stunne;17, 72, 80;dicke, adj.=dick, stark betrunken, 'ne dicke stunne 17, 72, 80.;122;b;;no;confirmed;;no
lr_0122_059;"dingen; stv.";dingen;"dingen; stv.";dingen;86;"dingen; stv.=dingen 86.";122;b;;no;confirmed;;no
lr_0122_060;dinges, n.;Dingelchen;dinges, n.;Dingelchen;74;dinges, n.=Dingelchen 74.;122;b;;no;confirmed;;no
lr_0122_061;dingesdach, m.;Dinstag;dingesdach, m.;Dienstag;47;dingesdach, m.=Dinstag 47.;122;b;;no;corrected;;no
lr_0122_062;dink, n.;Ding;dink, n.;Ding;47, 74, 77;dink, n.=Ding 47, 74, 77.;122;b;;no;confirmed;;no
lr_0122_063;dīr, n.;Thier;dīr, n.;Thier;20;dīr, n.=Thier 20.;122;b;;no;confirmed;;no
lr_0122_064;dīrt, n.;Unthier;dīrt, n.;Unthier;20;dīrt, n.=Unthier 20.;122;b;;no;confirmed;;no
lr_0122_065;diu, du;du;diu, du;du;6;diu, du=du 6.;122;b;du;no;confirmed;;no
lr_0122_066;diuwe, -ben, f.;Taube;diuwe, diuben, f.;Taube;48;diuwe, -ben, f.=Taube 48.;122;b;diuwe;no;confirmed;;no
lr_0122_067;diuduiſsel, f.;sonchus olerac. Saudistel;diuduißel, f.;sonchus olerac. Saudistel;29, 53;diuduiſsel, f.=sonchus olerac. Saudistel 29, 53.;122;b;;no;corrected;;no
lr_0122_068;diuf, m.;1) Bund (Stroh), 2) penis;diuf, m.;1) Bund (Stroh), 2) penis;29;diuf, m.=1) Bund (Stroh), 2) penis 29.;122;b;;no;confirmed;;no
lr_0122_069;diugen, dǖgen, däugen;taugen;diugen, dǖgen, däugen;taugen;12, 27, 100, 102;diugen, dǖgen, däugen=taugen 12, 27, 100, 102.;122;b;dǖgen | däugen;no;confirmed;;no
lr_0123_001;diuk, m.;knollige Anschwellung;diuk, m.;knollige Anschwellung;;diuk, m.=knollige Anschwellung.;123;a;;no;confirmed;;no
lr_0123_002;diuken, -pen, st. u. sw. v.;tauchen;diuken, diupen, st. u. sw. v.;tauchen;29, 91;diuken, -pen, st. u. sw. v.=tauchen 29, 91.;123;a;diupen;no;confirmed;;no
lr_0123_003;dium;schwindelig;dium;schwindelig;45;dium=schwindelig 45.;123;a;;no;confirmed;;no
lr_0123_004;diume, m.;Daumen;diume, m.;Daumen;29, 75;diume, m.=Daumen 29, 75.;123;a;;no;confirmed;;no
lr_0123_005;dius, n.;das Ass;dius, n.;das Ass;;dius, n.=das Ass.;123;a;;no;confirmed;;no
lr_0123_006;diuwuoken, pl.;Ackerschachtelhalm, equisetum hiemale;diuwuoken, pl.;Ackerschachtelhalm, equisetum hiemale;29;diuwuoken, pl.=Ackerschachtelhalm, equisetum hiemale 29.;123;a;;no;confirmed;;no
lr_0123_007;dobbel, m.;Würfel;dobbel, m.;Würfel;10;dobbel, m.=Würfel 10.;123;a;;no;confirmed;;no
lr_0123_008;dobbeln;würfeln;dobbeln;würfeln;48, 98;dobbeln=würfeln 48, 98.;123;a;;no;confirmed;;no
lr_0123_009;docke, f.;1) Puppe, 2) Kuhname;docke, f.;1) Puppe, 2) Kuhname;;docke, f.=1) Puppe, 2) Kuhname.;123;a;;no;confirmed;;no
lr_0123_010;dolse, f.;Puppe;dolse, f.;Puppe;42;dolse, f.=Puppe 42.;123;a;;no;confirmed;;no
lr_0123_011;donne;gespannt;donne;gespannt;10, 40, 80;donne=gespannt 10, 40, 80.;123;a;;no;confirmed;;no
lr_0123_012;donnerdach, m.;Donnerstag;donnerdach, m.;Donnerstag;78;donnerdach, m.=Donnerstag 78.;123;a;;no;confirmed;;no
lr_0123_013;donnerläuk, m.;Donnerlauch;donnerläuk, m.;Donnerlauch;;donnerläuk, m.=Donnerlauch.;123;a;;no;confirmed;;no
lr_0123_014;dop, m.;1) Kreisel, gewöhnlich pindop, 2) die (halbe) Eischale;dop, m.;1) Kreisel, gewöhnlich pindop, 2) die (halbe) Eischale;10, 72;dop, m.=1) Kreisel, gewöhnlich pindop, 2) die (halbe) Eischale 10, 72.;123;a;;no;confirmed;;no
lr_0123_015;dopk, m.;Eidop;dopk, m.;Eidop;65, 72;dopk, m.=Eidop 65, 72.;123;a;;no;confirmed;;no
lr_0123_016;döpkenspieler, m.;Taschenspieler, Schwindler;döpkenspieler, m.;Taschenspieler, Schwindler;;döpkenspieler, m.=Taschenspieler, Schwindler.;123;a;;no;confirmed;;no
lr_0123_017;döppen;aushülsen;döppen;aushülsen;95;döppen=aushülsen 95.;123;a;;no;confirmed;;no
lr_0123_018;dōrt, m.;ein Ausdruck beim Sauhütespiel. Bedeutung dunkel;dōrt, m.;ein Ausdruck beim Sauhütespiel. Bedeutung dunkel;;dōrt, m.=ein Ausdruck beim Sauhütespiel. Bedeutung dunkel.;123;a;;no;confirmed;;no
lr_0123_019;dössen;dürsten;dössen;dürsten;45;dössen=dürsten 45.;123;a;;no;confirmed;;no
lr_0123_020;doste (sik);wagte;doste (sik);wagte;10, 102;doste (sik)=wagte 10, 102.;123;a;;no;confirmed;;no
lr_0123_021;dracht, f.;Tracht;dracht, f.;Tracht;;dracht, f.=Tracht.;123;a;;no;confirmed;;no
lr_0123_022;dråigen up, sik;sich verlassen auf;dråigen up, sik;sich verlassen auf;91;dråigen up, sik=sich verlassen auf 91.;123;a;;no;confirmed;;no
lr_0123_023;draich, m.;Drehung;draich, m.;Drehung;69;draich, m.=Drehung 69.;123;a;;no;confirmed;;no
lr_0123_024;Dråjjen;Ortsn. Dreien;Dråijjen;Ortsn. Dreyen;68;Dråjjen=Ortsn. Dreien 68.;123;a;;no;corrected;;no
lr_0123_025;dråins;dreimal;dråins;dreimal;;dråins=dreimal.;123;a;;no;confirmed;;no
lr_0123_026;dråisk;brach, davon de dråisken, m.=das Brachland;dråisk;brach, davon de dråisken, m.=das Brachland.;;dråisk=brach, davon de dråisken, m.=das Brachland.;123;a;;no;confirmed;;no
lr_0123_027;drajjen;drehen;draijjen;drehen;68, 95;drajjen=drehen 68, 95.;123;a;;no;corrected;;no
lr_0123_028;drāke, m.;Enterich;drāke, m.;Enterich;15;drāke, m.=Enterich 15.;123;a;;no;confirmed;;no
lr_0123_029;dräkrich;schmutzig;dräkrich;schmutzig;64;dräkrich=schmutzig 64.;123;a;;no;confirmed;;no
lr_0123_030;drå̂nerich;saumselig;dræ̊̅nerich;saumselig;;drå̂nerich=saumselig.;123;a;;no;corrected;corrected;no
lr_0123_031;drank, m.;Spülicht;drank, m.;Spülicht;;drank, m.=Spülicht.;123;a;;no;confirmed;;no
lr_0123_032;drap, m.;Zufall;drap, m.;Zufall;;drap, m.=Zufall.;123;a;;no;confirmed;;no
lr_0123_033;drås, m.;Niederschlag von Oel etc. immedrås=die Drusen von Honig und Wachs. Wird gegen Halsbräune angewendet.;drås, m.;Niederschlag von Oel etc. immedrås=die Drusen von Honig und Wachs. Wird gegen Halsbräune angewendet.;;drås, m.=Niederschlag von Oel etc. immedrås=die Drusen von Honig und Wachs. Wird gegen Halsbräune angewendet.;123;a;;no;confirmed;;no
lr_0123_034;drå̂t, m.;Draht;drå̂t, m.;Draht;;drå̂t, m.=Draht.;123;a;;no;confirmed;;no
lr_0123_035;dräue, adv.;schnell;dräue, adv.;schnell;28, 54;dräue, adv.=schnell 28, 54.;123;a;;no;confirmed;;no
lr_0123_036;dräum, m.;Traum;dräum, m.;Traum;27;dräum, m.=Traum 27.;123;a;;no;confirmed;;no
lr_0123_037;dråümen;träumen;dråümen;träumen;12, 28, 100;dråümen=träumen 12, 28, 100.;123;b;;no;confirmed;;no
lr_0123_038;drawweln;zöckeln, zaudern;drawweln;zöckeln, zaudern;52, 98;drawweln=zöckeln, zaudern 52, 98.;123;b;;no;confirmed;;no
lr_0123_039;dreoſsel, f.;Drossel;dreoßel, f.;Drossel;34;dreoſsel, f.=Drossel 34.;123;b;;no;confirmed;;no
lr_0123_040;driagen, stv.;tragen;driagen, stv.;tragen;33, 35, 37, 63, 89;driagen, stv.=tragen 33, 35, 37, 63, 89.;123;b;;no;confirmed;;no
lr_0123_041;driapen, stv.;treffen;driaben, stv.;treffen;11, 34, 36, 38, 50, 88, 89;driapen, stv.=treffen 11, 34, 36, 38, 50, 88, 89.;123;b;;no;corrected;;no
lr_0123_042;drieſen;tröpfeln, fein regnen;drieſen;tröpfeln, fein regnen;61, 97;drieſen=tröpfeln, fein regnen 61, 97.;123;b;;no;confirmed;;no
lr_0123_043;dringen, stv.;dringen;dringen, stv.;dringen;6, 13, 67, 86;dringen, stv.=dringen 6, 13, 67, 86.;123;b;;no;confirmed;;no
lr_0123_044;drinken, stv.;trinken;drinken, stv.;trinken;13, 86;drinken, stv.=trinken 13, 86.;123;b;;no;confirmed;;no
lr_0123_045;driuf, m.;untersetzter Kerl;driuf, m.;untersetzter Kerl;29;driuf, m.=untersetzter Kerl 29.;123;b;;no;;;no
lr_0123_046;drius, dreos, m.;der Teufel. „dat di de dreos!“ auch „dat di de ses diusent!“ - Eigentlich „Pestbeule“?;drius, dreos, m.;der Teufel. „dat di de dreos!“ auch „dat di de ses diusent!“ - Eigentlich „Pestbeule“?;;drius, dreos, m.=der Teufel. „dat di de dreos!“ auch „dat di de ses diusent!“ - Eigentlich „Pestbeule“?.;123;b;drius;no;confirmed;;no
lr_0123_047;drübben, m.;Tropfen;drübben, m.;Tropfen;13, 45, 48;drübben, m.=Tropfen 13, 45, 48.;123;b;;no;confirmed;;no
lr_0123_048;drübben;tropfen;drübben;tropfen;;drübben=tropfen.;123;b;;no;confirmed;;no
lr_0123_049;drüeben;dürfen;drüeben;dürfen;40, 44, 49, 51, 52, 53, 102;drüeben=dürfen 40, 44, 49, 51, 52, 53, 102.;123;b;;no;confirmed;;no
lr_0123_050;drüedeln;säumig sein;drüedeln;säumig sein;99;drüedeln=säumig sein 99.;123;b;;no;confirmed;;no
lr_0123_051;drüemel, drüömel, m.;aus Garnfäden gedrehte Schnur;drüemel, drüömel, m.;aus Garnfäden gedrehte Schnur;40;drüemel, drüömel, m.=aus Garnfäden gedrehte Schnur 40.;123;b;drüömel;no;confirmed;;no
lr_0123_052;drüemeln (uö);dick spinnen, in die Länge ziehen;drüemeln (uö);dick spinnen, in die Länge ziehen;98;drüemeln (uö)=dick spinnen, in die Länge ziehen 98.;123;b;;no;confirmed;;no
lr_0123_053;druffel, drubbel, m.;"Schaar; Menge";druffel, drubbel, m.;"Schaar; Menge";8, 51;"druffel, drubbel, m.=Schaar; Menge 8, 51.";123;b;druffel;no;confirmed;;no
lr_0123_054;drü̂ge, dråüge;trocken;drü̂ge, dråüge;trocken;17, 29, 80;drü̂ge, dråüge=trocken 17, 29, 80.;123;b;dråüge;no;confirmed;;no
lr_0123_055;drü̂geldeok, m.;Handtuch;drü̂geldeok, m.;Handtuch;43;drü̂geldeok, m.=Handtuch 43.;123;b;;no;confirmed;;no
lr_0123_056;drǖgen (ü̂);trocknen;drǖgen (ü̂);trocknen;67, 96, 99, 100;drǖgen (ü̂)=trocknen 67, 96, 99, 100.;123;b;;no;confirmed;;no
lr_0123_057;druibåin, m.;Dreifuſs;druibåin, m.;Dreifuß;80;druibåin, m.=Dreifuſs 80.;123;b;;no;confirmed;;no
lr_0123_058;druibastich;zähe;druibastich;zähe;32;druibastich=zähe 32.;123;b;;no;confirmed;;no
lr_0123_059;druiben, druiwen, stv.;treiben;druiben, druiwen, stv.;treiben;16, 24, 34, 45, 48, 51, 70, 89;druiben, druiwen, stv.=treiben 16, 24, 34, 45, 48, 51, 70, 89.;123;b;druiwen;no;confirmed;;no
lr_0123_060;*druihåürch;trotzig, borstig, hart;druihåürch;trotzig, borstig, hart;28;*druihåürch=trotzig, borstig, hart 28.;123;b;;no;confirmed;;no
lr_0123_061;druiste;dreist;druiste;dreist;83;druiste=dreist 83.;123;b;;no;confirmed;;no
lr_0123_062;druk suin, dr. häbben;mit Geschäften überhäuft sein;druk suin, dr. häbben;mit Geschäften überhäuft sein;;druk suin, dr. häbben=mit Geschäften überhäuft sein.;123;b;;no;confirmed;;no
lr_0123_063;drüwwen, drüggen;drohen;drüwwen, drüggen;drohen;52, 64, 95;drüwwen, drüggen=drohen 52, 64, 95.;123;b;drüggen;no;confirmed;;no
lr_0123_064;duaer, m.;Dotter;duaer, m.;Dotter;38;duaer, m.=Dotter 38.;123;b;;no;confirmed;;no
lr_0123_065;duarp, dǟrp, n.;Dorf;duarp, dǟrp, n.;Dorf;37, 38, 44, 50;duarp, dǟrp, n.=Dorf 37, 38, 44, 50.;123;b;;no;confirmed;;no
lr_0123_066;duarte, f.;altes Weib (Sch.);duarte, f.;altes Weib (Sch.);38;duarte, f.=altes Weib (Sch.) 38.;123;b;;no;confirmed;;no
lr_0123_067;düenen;häufen;düenen;häufen;;düenen=häufen.;123;b;;no;confirmed;;no
lr_0123_068;duffert, m.;der Tauber;duffert, m.;der Tauber;51;duffert, m.=der Tauber 51.;123;b;;no;confirmed;;no
lr_0123_069;dǖgede;taugend, brav;dǖgede;taugend, brav;16, 54, 99;dǖgede=taugend, brav 16, 54, 99.;123;b;;no;confirmed;;no
lr_0124_001;duiger;sehr;duiger;sehr;;duiger=sehr.;124;a;;no;confirmed;;no
lr_0124_002;duihen, duijjen, stv.;gedeihen, deihen;duihen, duijjen, stv.;gedeihen, deihen;8, 16, 24, 68, 69, 90;duihen, duijjen, stv.=gedeihen, deihen, 8, 16, 24, 68, 69, 90.;124;a;duihen;no;confirmed;;no
lr_0124_003;duik, m.;Teich;duik, m.;Teich;;duik, m.=Teich.;124;a;;no;confirmed;;no
lr_0124_004;duin;dein;duin;dein;81;duin=dein 81.;124;a;;no;confirmed;;no
lr_0124_005;duiſsel, f.;Distel;duißel, f.;Distel;59;duiſsel, f.=Distel 59.;124;a;;no;confirmed;;no
lr_0124_006;duiſsen, dissen, f.;die Dächse;duißen, dissen, f.;die Dächse;60;duiſsen, dissen, f.=die Dächse 60.;124;a;dissen;no;confirmed;;no
lr_0124_007;duiſsen, f.;Deichsel;duißen, f.;Deichsel;59, 76;duiſsen, f.=Deichsel 59, 76.;124;a;;no;confirmed;;no
lr_0124_008;duiwisk;schwindelig (hd. sich „diebisch“ freuen);duiwisk;schwindelig (hd. sich „diebisch“ freuen).;;duiwisk=schwindelig (hd. sich „diebisch“ freuen).;124;a;;no;confirmed;;no
lr_0124_009;duks, m.;1) Gefängnis (scherzhaft), um Diepholz „Winkel“, 2) dummer Junge (Sch.);duks, m.;1) Gefängnis (scherzhaft), um Diepholz „Winkel“, 2) dummer Junge (Sch.).;7, 65, 73;duks, m.=1) Gefängnis (scherzhaft), um Diepholz „Winkel“, 2) dummer Junge (Sch.) 7, 65, 73.;124;a;;no;confirmed;;no
lr_0124_010;dul;toll;dul;toll;8;dul=toll 8.;124;a;;no;confirmed;;no
lr_0124_011;dullen;faulen;dullen;faulen;95;dullen=faulen 95.;124;a;;no;confirmed;;no
lr_0124_012;duls, m.;Beule;duls, m.;Beule;8, 56;duls, m.=Beule 8, 56.;124;a;;no;confirmed;;no
lr_0124_013;dum;dumm;dum;dumm;45, 60, 79;dum=dumm 45, 60, 79.;124;a;;no;confirmed;;no
lr_0124_014;dümke-forman, m.;das Reuterlein (im groſsen Bären);dümke-forman, m.;das Reuterlein (im großen Bären);34;dümke-forman, m.=das Reuterlein (im groſsen Bären) 34.;124;a;;no;confirmed;;no
lr_0124_015;dumpen;sticken;dumpen;sticken;8, 95;dumpen=sticken 8, 95.;124;a;;no;confirmed;;no
lr_0124_016;dünde, f.;Dünnigkeit;dünde, f.;Dünnigkeit;;dünde, f.=Dünnigkeit.;124;a;;no;confirmed;;no
lr_0124_017;dünje, -en, f.;Schlaf am Kopf;dünje, dünjen, f.;Schlaf am Kopf;13, 69, 76;dünje, -en, f.=Schlaf am Kopf 13, 69, 76.;124;a;;yes;confirmed;;no
lr_0124_018;dünken;dünken;dünken;dünken;95, 101;dünken=dünken 95, 101.;124;a;;no;confirmed;;no
lr_0124_019;dunnerjetken!;ein Fluch;dunnerjetken!;ein Fluch;9;dunnerjetken! ein Fluch 9.;124;a;;no;confirmed;;no
lr_0124_020;duok, m.;Beule;duok, m.;Beule;72;duok, m.=Beule 72.;124;a;;no;confirmed;;no
lr_0124_021;düödel, m.;Stummel, penis;düödel, m.;Stummel, penis;40, 54;düödel, m.=Stummel, penis 40, 54.;124;a;;no;confirmed;;no
lr_0124_022;duormel, m.;der Dusel;duormel, m.;der Dusel;44;duormel, m.=der Dusel 44.;124;a;;no;confirmed;;no
lr_0124_023;dûr, f.;Dauer;dûr, f.;Dauer;20;dûr, f.=Dauer 20.;124;a;;no;confirmed;;no
lr_0124_024;dûr'n;1) dauern, 2) Mitleid erregen;dûr'n;1) dauern, 2) Mitleid erregen;20, 96;dûr'n=1) dauern, 2) Mitleid erregen 20, 96.;124;a;;no;confirmed;;no
lr_0124_025;düſſe, düsse;dieser;düſſe, düsse;dieser;13, 14, 60, 82;düſſe, düsse=dieser 13, 14, 60, 82.;124;a;düſſe;no;confirmed;;no
lr_0124_026;duſſeln;duseln;duſſeln;duseln;98;duſſeln=duseln 98.;124;a;;no;confirmed;;no
lr_0124_027;düſſetwiagen;deswegen;düſſetwiagen;deswegen;82;düſſetwiagen=deswegen 82.;124;a;;no;confirmed;;no
lr_0124_028;dustholt, n.;Unterholz;dustholt, n.;Unterholz;;dustholt, n.=Unterholz.;124;a;;no;confirmed;;no
lr_0124_029;dutk, m.;Verschlag, Alkoven;dutk, m.;Verschlag, Alkoven;57;dutk, m.=Verschlag, Alkoven 57.;124;a;;no;confirmed;;no
lr_0124_030;dutten, inne d. gäun;"entzwei gehen, bes. bildlich; holsteinisch: en dut=entzwei";dutten, inne d. gäun;"entzwei gehen, bes. bildlich; holsteinisch: en dut=entzwei.";;"dutten, inne d. gäun=entzwei gehen, bes. bildlich; holsteinisch: en dut=entzwei.";124;a;;no;confirmed;;no
lr_0124_031;duüker, m.;Teufel (in Flüchen);duüker, m.;Teufel (in Flüchen);30;duüker, m.=Teufel (in Flüchen) 30.;124;a;;no;confirmed;;no
lr_0124_032;duümsk;duselig;duümsk;duselig;;duümsk=duselig.;124;a;;no;confirmed;;no
lr_0124_033;duür, f.;Thür;duür, f.;Thür;31, 74;duür, f.=Thür 31, 74.;124;a;;no;confirmed;;no
lr_0124_034;duür;durch;duür;durch;31, 39, 69;duür=durch 31, 39, 69.;124;a;;no;confirmed;;no
lr_0124_035;duür;theuer;duür;theuer;31, 56;duür=theuer 31, 56.;124;a;;no;confirmed;;no
lr_0124_036;duürde, f.;Theuerung;duürde, f.;Theuerung;31;duürde, f.=Theuerung 31.;124;a;;no;confirmed;;no
lr_0124_037;duürnajjen;durchtrieben;duürnaijjen;durchtrieben;57;duürnajjen=durchtrieben 57.;124;a;;no;corrected;;no
lr_0124_038;duürnuſſeln;durchschnüffeln;duürnuſſeln;durchschnüffeln;61;duürnuſſeln=durchschnüffeln 61.;124;a;;no;confirmed;;no
lr_0124_039;duüster;düster;duüster;düster;30;duüster=düster 30.;124;b;;no;confirmed;;no
lr_0124_040;duüt;tüchtig, brav;duüt;tüchtig, brav;80;duüt=tüchtig, brav 80.;124;b;;no;confirmed;;no
lr_0124_041;duütsk;deutsch, treuherzig;duütsk;deutsch, treuherzig;30, 57;duütsk=deutsch, treuherzig 30, 57.;124;b;;no;confirmed;;no
lr_0124_042;duüwel, m.;Teufel, auch dreos, duüker, krambairnt genannt;duüwel, m.;Teufel, auch dreos, duüker, krambairnt genannt;30;duüwel, m.=Teufel, auch dreos, duüker, krambairnt genannt 30.;124;b;;no;confirmed;;no
lr_0124_043;duwwelt;doppelt;duwwelt, dubbelt;doppelt;52;duwwelt=doppelt 52.;124;b;;no;confirmed;;no
lr_0124_044;dwiar;quer;dwiar;quer;;dwiar=quer.;124;b;;no;confirmed;;no
lr_0124_045;dwintwilsk;schwindelig;dwintwilsk;schwindelig;56;dwintwilsk=schwindelig 56.;124;b;;no;confirmed;;no
lr_0124_046;êfa, m.;Epheu;êfa, m.;Epheu;18;êfa, m.=Epheu 18.;124;b;;no;confirmed;;no
lr_0124_047;*Egge, f.;Bergrücken, auch Bergschlucht;Egge, f.;Bergrücken, auch Bergschlucht;63;*Egge, f.=Bergrücken, auch Bergschlucht 63.;124;b;;no;confirmed;;no
lr_0124_048;*elk, ellenbut, m.;Iltis;elk, ellenbut, m.;Iltis;9, 42, 72;*elk, ellenbut, m.=Iltis 9, 42, 72.;124;b;elk;no;confirmed;;no
lr_0124_049;eller, f.;Erle;eller, f.;Erle;9, 42;eller, f.=Erle 9, 42.;124;b;;no;confirmed;;no
lr_0124_050;emmel, m.;Mehlthau;emmel, m.;Mehlthau;;emmel, m.=Mehlthau.;124;b;;no;confirmed;;no
lr_0124_051;emmer, m.;Eimer;emmer, m.;Eimer;48;emmer, m.=Eimer 48.;124;b;;no;confirmed;;no
lr_0124_052;empten, empel;empfindlich in Bezug auf Reinlichkeit, Ordnung;empten, empel;empfindlich in Bezug auf Reinlichkeit, Ordnung;;empten, empel=empfindlich in Bezug auf Reinlichkeit, Ordnung.;124;b;;yes;confirmed;;no
lr_0124_053;en, ent;und;en, ent;und;9, 58, 80;en, ent=und 9, 58, 80.;124;b;ent;no;confirmed;;no
lr_0124_054;enge;eng;enge;eng;80;enge=eng 80.;124;b;;no;confirmed;;no
lr_0124_055;Engermaine;ein Markttag in Enger;Engermaine;ein Markttag in Enger;64;Engermaine, ein Markttag in Enger 64.;124;b;;no;confirmed;;no
lr_0124_056;enkel, n.;das Enkel;enkel, n.;das Enkel(-kind);9, 78;enkel, n.=das Enkel 9, 78.;124;b;;no;confirmed;corrected;no
lr_0124_057;ens;einmal, einst;ens;einmal, einst;60;ens=einmal, einst 60.;124;b;;no;confirmed;;no
lr_0124_058;ent, m. u. n.;der Kopf eines Gegenstandes;ent, m. u. n.;der Kopf eines Gegenstandes;57, 72;ent, m. u. n.=der Kopf eines Gegenstandes 57, 72.;124;b;;no;confirmed;;no
lr_0124_059;eolf, m.;das Wühlen, „sinnen eolf häbben“=im Vollen leben;eolf, m.;das Wühlen, „sinnen eolf häbben“=im Vollen leben.;53, 72;eolf, m.=das Wühlen, „sinnen eolf häbben“=im Vollen leben 53, 72.;124;b;;no;confirmed;;no
lr_0124_060;eort, f.;Ecke;eort, f.;Ecke;74;eort, f.=Ecke 74.;124;b;;no;confirmed;;no
lr_0124_061;*eoschāle, f.;Bachausterschale;eoschāle, f.;Bachausterschale;53;*eoschāle, f.=Bachausterschale 53.;124;b;;no;confirmed;;no
lr_0124_062;Eoſenbrügge;Osnabrück;Eoſenbrügge;Osnabrück;34, 61;Eoſenbrügge=Osnabrück 34, 61.;124;b;;no;confirmed;;no
lr_0124_063;eower, n.;Ufer;eower, oewer, n.;Ufer;33, 78;eower, n.=Ufer 33, 78.;124;b;;no;confirmed;;no
lr_0124_064;esk, m.;ein Esch;esk, m.;ein Esch;9;esk, m.=ein Esch 9.;124;b;;no;confirmed;;no
lr_0124_065;et;das;et;das;82;et=das 82.;124;b;;no;confirmed;;no
lr_0124_066;et;es;et;es;81;et=es 81.;124;b;;no;confirmed;;no
lr_0124_067;fāer, m.;Vater;fāer, m.;Vater;15, 37, 54, 77;fāer, m.=Vater 15, 37, 54, 77.;124;b;;no;confirmed;;no
lr_0124_068;faggeln;fackeln;faggeln;fackeln;63;faggeln=fackeln 63.;124;b;;no;confirmed;;no
lr_0124_069;fächten, stv.;fechten;fächten, stv.;fechten;86;fächten, stv.=fechten 86.;124;b;;no;confirmed;;no
lr_0124_070;faige;dem Tode verfallen;faige;dem Tode verfallen;23;faige=dem Tode verfallen 23.;124;b;;no;confirmed;;no
lr_0124_071;fåih, n.;Vieh;fåih, n.;Vieh;25, 73;fåih, n.=Vieh 25, 73.;124;b;;no;confirmed;;no
lr_0124_072;fajjel, m.;Fehler;faijjel, m.;Fehler;;fajjel, m.=Fehler.;124;b;;no;corrected;;no
lr_0124_073;fajjeln;fehlen;faijjeln;fehlen;68;fajjeln=fehlen 68.;124;b;;no;corrected;;no
lr_0124_074;failt, n;Feld;failt, n;Feld;24, 42, 56;failt, n=Feld 24, 42, 56,;124;b;;no;confirmed;;no
lr_0124_075;fåiwer, m.;Fieber;fåiwer, m.;Fieber;25;fåiwer, m.=Fieber 25.;124;b;;no;confirmed;;no
lr_0124_076;fāken;oft;fāken;oft;15, 50, 64, 65;fāken=oft 15, 50, 64, 65.;124;b;;no;confirmed;;no
lr_0124_077;fakwiark, n.;die Fächer der Wand;fakwiark, n.;die Fächer der Wand;6, 65;fakwiark, n.=die Fächer der Wand 6, 65.;124;b;;no;confirmed;;no
lr_0124_078;fāl;falb;fāl;falb;14;fāl=falb 14.;124;b;;no;confirmed;;no
lr_0125_001;fallen, stv.;fallen;fallen, stv.;fallen;6, 9, 11, 13, 92;fallen, stv.=fallen 6, 9, 11, 13, 92.;125;a;;no;confirmed;;no
lr_0125_002;falsk;falsch, treulos, böse;falsk;falsch, treulos, böse;42;falsk=falsch, treulos, böse 42.;125;a;;no;confirmed;;no
lr_0125_003;fâm;Faden;fâm;Faden;17, 37, 47;fâm=Faden 17, 37, 47.;125;a;;no;confirmed;;no
lr_0125_004;fāmeltüeten, pl.;Fabeln;fāmeltüeten, pl.;Fabeln;40;fāmeltüeten, pl.=Fabeln 40.;125;a;;no;confirmed;;no
lr_0125_005;fan åir;früher, ehemals;fan åir;früher, ehemals;6;fan åir=früher, ehemals 6.;125;a;;no;confirmed;;no
lr_0125_006;fangen, stv.;fangen;fangen, stv.;fangen;6, 9, 63, 92;fangen, stv.=fangen 6, 9, 63, 92.;125;a;;no;confirmed;;no
lr_0125_007;fäntken, m.;Bursche, „bis en nedden fäntken“;fäntken, m.;Bursche, „bis en nedden fäntken“.;11, 47;fäntken, m.=Bursche, „bis en nedden fäntken“ 11, 47.;125;a;;no;confirmed;;no
lr_0125_008;fār;fern;fār;fern;;fār=fern.;125;a;;no;confirmed;;no
lr_0125_009;fǟr'ch;fertig;fǟr'ch;fertig;56;fǟr'ch=fertig 56.;125;a;;no;confirmed;;no
lr_0125_010;fārn, n.;Farnkraut;fārn, n.;Farnkraut;19;fārn, n.=Farnkraut 19.;125;a;;no;confirmed;;no
lr_0125_011;få̄rts, få̄rtens, fåttens;sofort;få̄rts, få̄rtens, fåttens;sofort;20;få̄rts, få̄rtens, fåttens=sofort 20.;125;a;få̄rtens | fåttens;no;confirmed;;no
lr_0125_012;farwe, f.;Farbe;farwe, f.;Farbe;44;farwe, f.=Farbe 44.;125;a;;no;confirmed;;no
lr_0125_013;fāſelswuin, n.;junges Schwein;fāſelswuin, n.;junges Schwein;15;fāſelswuin, n.=junges Schwein 15.;125;a;;no;confirmed;;no
lr_0125_014;fäsk, m.;Vers;fäsk, m.;Vers;44;fäsk, m.=Vers 44.;125;a;;no;confirmed;;no
lr_0125_015;fast, n.;Dachfirst;fast, n.;Dachfirst;6, 44, 73;fast, n.=Dachfirst 6, 44, 73.;125;a;;no;confirmed;;no
lr_0125_016;faste, adj;fest;faste, adj;fest;6, 59, 80;faste, adj=fest 6, 59, 80.;125;a;;no;confirmed;;no
lr_0125_017;fäste, adv.;stark, sehr;fäste, adv.;stark, sehr;11, 60;fäste, adv.=stark, sehr 11, 60.;125;a;;no;confirmed;;no
lr_0125_018;fäulen, stv.;falten;fäulen, stv.;falten;27, 92;fäulen, stv.=falten 27, 92.;125;a;;no;confirmed;;no
lr_0125_019;fedder, m.;Onkel, Vetter;fedder, m.;Onkel, Vetter;9;fedder, m.=Onkel, Vetter 9.;125;a;;no;confirmed;;no
lr_0125_020;felgen;wenden, pflügen, graben;felgen;wenden, pflügen, graben;42, 50;felgen=wenden, pflügen, graben 42, 50.;125;a;;no;confirmed;;no
lr_0125_021;fellers, pl.;Pellkartoffeln;fellers, pl.;Pellkartoffeln;;fellers, pl.=Pellkartoffeln.;125;a;;no;confirmed;;no
lr_0125_022;feot, m.;Fuſs;feot, m.;Fuß;33, 34, 72;feot, m.=Fuſs 33, 34, 72.;125;a;;no;confirmed;;no
lr_0125_023;ferbiargen, stv.;verbergen;ferbiargen, stv.;verbergen;19, 20, 86;ferbiargen, stv.=verbergen 19, 20, 86.;125;a;;no;confirmed;;no
lr_0125_024;ferblikst;verblitzt, verflucht!;ferblikst;verblitzt, verflucht!;;ferblikst=verblitzt, verflucht!;125;a;;no;confirmed;;no
lr_0125_025;ferbuistern;verbistern;ferbuistern;verbistern;98;ferbuistern=verbistern 98.;125;a;;no;confirmed;;no
lr_0125_026;ferdiarben, stv.;verderben;ferdiarben, stv.;verderben;19, 20, 37, 39, 86;ferdiarben, stv.=verderben 19, 20, 37, 39, 86.;125;a;;no;confirmed;;no
lr_0125_027;ferdråiden, stv.;verdrieſsen;ferdråiden, stv.;verdrießen;27, 28, 40, 91;ferdråiden, stv.=verdrieſsen 27, 28, 40, 91.;125;a;;no;confirmed;;no
lr_0125_028;ferfuiren, sik;erschrecken;ferfuiren, sik;erschrecken;32, 96;ferfuiren, sik=erschrecken 32, 96.;125;a;;no;confirmed;;no
lr_0125_029;fergieden, stv.;vergessen, et fergit mi=ich vergesse;fergieden, stv.;vergessen, et fergit mi=ich vergesse.;6, 11, 24, 27, 81, 87;fergieden, stv.=vergessen, et fergit mi=ich vergesse 6, 11, 24, 27, 81, 87.;125;a;;no;confirmed;;no
lr_0125_030;fergnoeget;vergnügt;fergnoeget;vergnügt;79;fergnoeget=vergnügt 79.;125;a;;no;confirmed;;no
lr_0125_031;fergüſſelt;durchwühlt, verwirrt, erschreckt;fergüſſelt;durchwühlt, verwirrt, erschreckt;66;fergüſſelt=durchwühlt, verwirrt, erschreckt 66.;125;a;;no;confirmed;;no
lr_0125_032;ferhaftich;wahrhaftig;ferhaftich;wahrhaftig;51;ferhaftich=wahrhaftig 51.;125;a;;no;confirmed;;no
lr_0125_033;ferhakstücken;verarbeiten, durchschwätzen;ferhakstücken;verarbeiten, durchschwätzen;96;ferhakstücken=verarbeiten, durchschwätzen 96.;125;a;;no;confirmed;;no
lr_0125_034;ferhiagen;aufbewahren;ferhiagen;aufbewahren;97;ferhiagen=aufbewahren 97.;125;a;;no;confirmed;;no
lr_0125_035;ferhiagen, sik;sich verstecken;ferhiagen, sik;sich verstecken;37;ferhiagen, sik=sich verstecken 37.;125;a;;no;confirmed;;no
lr_0125_036;ferhialen, stv.;verhehlen;ferhialen, stv.;verhehlen;11, 34, 36, 38, 86;ferhialen, stv.=verhehlen 11, 34, 36, 38, 86.;125;a;;no;confirmed;;no
lr_0125_037;ferhuüen;verstecken;ferhuüen;verstecken;100;ferhuüen=verstecken 100.;125;a;;no;confirmed;;no
lr_0125_038;ferjāgen, sik;erschrecken;ferjāgen, sik;erschrecken;;ferjāgen, sik=erschrecken.;125;b;;no;confirmed;;no
lr_0125_039;ferklicken;1) verachten, 2) vergeuden;ferklicken;1) verachten, 2) vergeuden;7, 95;ferklicken=1) verachten, 2) vergeuden 7, 95.;125;b;;no;confirmed;;no
lr_0125_040;ferkluomen, ptc.;erstarrt, steif geworden von Gicht oder Frost;ferkluomen, ptc.;erstarrt, steif geworden von Gicht oder Frost;39, 88;ferkluomen, ptc.=erstarrt, steif geworden von Gicht oder Frost 39, 88.;125;b;;no;confirmed;;no
lr_0125_041;ferkümnigen;proclamiren;ferkümnigen;proklamieren;98;ferkümnigen=proclamiren 98.;125;b;;no;corrected;;no
lr_0125_042;ferlå̂den;albern;ferlå̂den;albern;18;ferlå̂den=albern 18.;125;b;;no;confirmed;;no
lr_0125_043;ferlåiſen, stv.;verlieren;ferlåiſen, stv.;verlieren;26, 31, 40, 44, 61, 91;ferlåiſen, stv.=verlieren 26, 31, 40, 44, 61, 91.;125;b;;no;confirmed;;no
lr_0125_044;ferlåüf, m.;Urlaub;ferlåüf, m.;Urlaub;;ferlåüf, m.=Urlaub.;125;b;;no;confirmed;;no
lr_0125_045;ferlieden;vergangen, letzthin;ferlieden;vergangen, letzthin;55, 90;ferlieden=vergangen, letzthin 55, 90.;125;b;;no;confirmed;;no
lr_0125_046;ferluüs, n.;Verlust, das Verlieſs;ferluüs, n.;Verlust, das Verließ;;ferluüs, n.=Verlust, das Verlieſs.;125;b;;no;confirmed;;no
lr_0125_047;fermoeden;„dat was'k mi nich fermoeden“=das vermuthete ich nicht;fermeoden;„dat was'k mi nich fermeoden“=das vermuthete ich nicht.;100;fermoeden, „dat was'k mi nich fermoeden“=das vermuthete ich nicht 100.;125;b;;no;corrected;;no
lr_0125_048;fermukt!;verflucht!;fermukt!;verflucht!;8;fermukt!=verflucht! 8.;125;b;;no;confirmed;;no
lr_0125_049;fernien, ferniens;neulich. „dat sen'k mi nich fernien fan dui“=das lasse ich mir von dir nicht gefallen;fernien, ferniens;unzumutbar. „dat sen'k mi nich fernien fan dui“=das lasse ich mir von dir nicht gefallen.;35;fernien, ferniens=neulich 35. „dat sen'k mi nich fernien fan dui“=das lasse ich mir von dir nicht gefallen.;125;b;ferniens;no;confirmed;corrected;no
lr_0125_050;fernuin, m.;Eiter, Hass;fernuin, m.;Eiter, Hass;;fernuin, m.=Eiter, Hass.;125;b;;no;confirmed;;no
lr_0125_051;ferpaiſen, sik;sich „verprassen“, die Trommelsucht kriegen;ferpaiſen, sik;sich „verprassen“, die Trommelsucht kriegen.;24, 55, 96;ferpaiſen, sik=sich „verprassen“, die Trommelsucht kriegen 24, 55, 96.;125;b;;no;confirmed;;no
lr_0125_052;ferquackeln;vergeuden;ferquackeln;vergeuden;;ferquackeln=vergeuden.;125;b;;no;confirmed;;no
lr_0125_053;ferruaten;verfault, „en f. appel“;ferruaten;verfault, „en f. appel“.;92;ferruaten=verfault, „en f. appel“ 92.;125;b;;no;confirmed;;no
lr_0125_054;ferrükt;verrückt;ferrükt;verrückt;64;ferrükt=verrückt 64.;125;b;;no;confirmed;;no
lr_0125_055;fersāget;verzagt;fersāget;verzagt;59;fersāget=verzagt 59.;125;b;;no;confirmed;;no
lr_0125_056;ferschielt, et;es macht einen Unterschied;ferschielt, et;es macht einen Unterschied;;ferschielt, et=es macht einen Unterschied.;125;b;;no;confirmed;;no
lr_0125_057;ferschrecken, stv.;erschrecken, intr.;ferschrecken, stv.;erschrecken, intr;10, 27, 86;ferschrecken, stv.=erschrecken, intr. 10, 27, 86.;125;b;;no;confirmed;;no
lr_0125_058;ferstiuken;verstauchen;ferstiuken;verstauchen;97;ferstiuken=verstauchen 97.;125;b;;no;confirmed;;no
lr_0125_059;*fertāget met, tohäupe;eng befreundet mit, zusammen;fertāget met, tohäupe;eng befreundet mit, zusammen;15, 63;*fertāget met, tohäupe=eng befreundet mit, zusammen 15, 63.;125;b;;no;confirmed;;no
lr_0125_060;fertaiwert;verirrt;fertaiwert;verirrt;;fertaiwert=verirrt.;125;b;;no;confirmed;;no
lr_0125_061;fertellen;erzählen;fertellen;erzählen;42;fertellen=erzählen 42.;125;b;;no;confirmed;;no
lr_0125_062;fertelsel, n.;Anekdote, Neuigkeit;fertelsel, n.;Anekdote, Neuigkeit;;fertelsel, n.=Anekdote, Neuigkeit.;125;b;;no;confirmed;;no
lr_0125_063;fertiaren;verzehren;fertiaren;verzehren;97;fertiaren=verzehren 97.;125;b;;no;confirmed;;no
lr_0125_064;fertoer'n, sik;sich erzürnen;fertoer'n, sik;sich erzürnen;47, 97;fertoer'n, sik=sich erzürnen 47, 97.;125;b;;no;confirmed;;no
lr_0125_065;fertüedern;verwickeln;fertüedern;verwickeln;40, 55;fertüedern=verwickeln 40, 55.;125;b;;no;confirmed;;no
lr_0125_066;fertuijjen;verstören (ein Nest);fertuijjen;verstören (ein Nest);54, 68;fertuijjen=verstören (ein Nest) 54, 68.;125;b;;no;confirmed;;no
lr_0125_067;ferwoemsken, adv.;„dat dai gans ferwoemsken wåi=das that sehr weh;ferwoemsken, adv.;„dat dai gans ferwoemsken wåi=das that sehr weh.;;ferwoemsken, adv. „dat dai gans ferwoemsken wåi=das that sehr weh.;125;b;;no;confirmed;;no
lr_0126_001;ferwoemt;„et es en gans ferwoemten kǟrl“=ein „höllischer“ Kerl;ferwoemt;„et es en gans ferwoemten kǟrl“=ein „höllischer“ Kerl.;;ferwoemt, „et es en gans ferwoemten kǟrl“=ein „höllischer“ Kerl.;126;a;;no;confirmed;;no
lr_0126_002;ferwuiden, stv.;verweisen, tadeln;ferwuiden, stv.;verweisen, tadeln;24, 90;ferwuiden, stv.=verweisen, tadeln 24, 90.;126;a;;no;confirmed;;no
lr_0126_003;fetmänken, m.;Engerling;fetmänken, n.;Engerling;78;fetmänken, m.=Engerling 78.;126;a;;no;corrected;;no
lr_0126_004;fi, wi, wui;wir;fi, wi, wui;wir;51;fi, wi, wui=wir 51.;126;a;fi | wi;no;confirmed;;no
lr_0126_005;fiagert, m.;ein „Feger“;fiagert, m.;ein „Feger“ (leichtes Mädchen).;58;fiagert, m.=ein „Feger“ 58.;126;a;;no;corrected;;no
lr_0126_006;fia'r, f.;Feder;fia'r, f.;Feder;36;fia'r, f.=Feder 36.;126;a;;no;confirmed;;no
lr_0126_007;fiarken, fiarkel, n.;Ferkel;fiarken, fiarkel, n.;Ferkel;37;fiarken, fiarkel, n.=Ferkel 37.;126;a;fiarkel;no;confirmed;;no
lr_0126_008;fiarwen;färben;fiarwen;färben;37, 97;fiarwen=färben 37, 97.;126;a;;no;confirmed;;no
lr_0126_009;fiaſe, f.;Faser;fiaſe, f.;Faser;74;fiaſe, f.=Faser 74.;126;a;;no;confirmed;;no
lr_0126_010;fiaſerlink, m.;Schmetterling;fiaſerlink, m.;Schmetterling;36;fiaſerlink, m.=Schmetterling 36.;126;a;;no;confirmed;;no
lr_0126_011;fiel;viel;fiel;viel;35, 83;fiel=viel 35, 83.;126;a;;no;confirmed;;no
lr_0126_012;fîk, fîk!;Lockruf für Schweine;fîk, fîk!;Lockruf für Schweine;16;fîk, fîk!=Lockruf für Schweine 16.;126;a;;no;confirmed;;no
lr_0126_013;fickel, n.;Ferkel;fickel, n.;Ferkel;;fickel, n.=Ferkel.;126;a;;no;confirmed;;no
lr_0126_014;filler, m.;Schinder;filler, m.;Schinder;;filler, m.=Schinder.;126;a;;no;confirmed;;no
lr_0126_015;finnich käult;bitterkalt;finnich käult;bitterkalt;46;finnich käult=bitterkalt 46.;126;a;;no;confirmed;;no
lr_0126_016;fipseln;mit Marmeln spielen;fipseln;mit Marmeln spielen;;fipseln=mit Marmeln spielen.;126;a;;no;confirmed;;no
lr_0126_017;fiskblat, n.;potamogeton;fiskblat, n.;potamogeton (Laichkraut);60, 72;fiskblat, n.=potamogeton 60, 72.;126;a;;no;corrected;;no
lr_0126_018;fispeln;flistern;fispeln;flüstern;;fispeln=flistern.;126;a;;no;corrected;;no
lr_0126_019;fisse, m.;feiner Flachsfaden;fisse, m.;feiner Flachsfaden;60;fisse, m.=feiner Flachsfaden 60.;126;a;;no;confirmed;;no
lr_0126_020;fissel, f.;Fistel;fissel, f.;Fistel;59;fissel, f.=Fistel 59.;126;a;;no;confirmed;;no
lr_0126_021;fitk, m.;Fittig;fitk, m.;Fittig;65;fitk, m.=Fittig 65.;126;a;;no;confirmed;;no
lr_0126_022;fitken, n.;Etwas;fitken, n.;Etwas;7;fitken, n.=Etwas 7.;126;a;;no;corrected;corrected;no
lr_0126_023;fitse, f.;Theil der Thürangel;fitse, f.;Theil der Thürangel;;fitse, f.=Theil der Thürangel.;126;a;;no;confirmed;;no
lr_0126_024;fitsen;mit Ruthen streichen;fitsen;mit Ruthen streichen;57, 99;fitsen=mit Ruthen streichen 57, 99.;126;a;;no;confirmed;;no
lr_0126_025;fiul;faul;fiul;faul;29;fiul=faul 29.;126;a;;no;confirmed;;no
lr_0126_026;flå̂ge, f.;Schicht;flå̂ge, f.;Schicht;50;flå̂ge, f.=Schicht 50.;126;a;;no;confirmed;;no
lr_0126_027;flächten, stv.;flechten;flächten, stv.;flechten;86;flächten, stv.=flechten 86.;126;a;;no;confirmed;;no
lr_0126_028;flåiden, stv.;flieſsen;flåiden, stv.;fließen;26, 27, 40, 91;flåiden, stv.=flieſsen 26, 27, 40, 91.;126;a;;no;confirmed;;no
lr_0126_029;flåigen, stv.;fliegen;flåigen, stv.;fliegen;17, 26, 27, 35, 67, 91;flåigen, stv.=fliegen 17, 26, 27, 35, 67, 91.;126;a;;no;confirmed;;no
lr_0126_030;flaimern;schmeicheln;flaimern;schmeicheln;24, 98;flaimern=schmeicheln 24, 98.;126;a;;no;confirmed;;no
lr_0126_031;flåisk, n.;Fleisch;flåisk, n.;Fleisch;25, 60;flåisk, n.=Fleisch 25, 60.;126;a;;no;confirmed;;no
lr_0126_032;flammen;schlagen, prügeln;flammen;schlagen, prügeln;;flammen=schlagen, prügeln.;126;a;;no;confirmed;;no
lr_0126_033;flännern;laxieren;flännern;laxieren (forcierten Stuhlgang bewirken);;flännern=laxieren.;126;a;;no;corrected;;no
lr_0126_034;flas, m.;Flachs;flas, m.;Flachs;59, 60, 73;flas, m.=Flachs 59, 60, 73.;126;a;;no;confirmed;;no
lr_0126_035;flasbäude, f.;die Garbe Flachs;flasbäude, f.;die Garbe Flachs;28;flasbäude, f.=die Garbe Flachs 28.;126;a;;no;confirmed;;no
lr_0126_036;flaske, f.;Kürbis;flaske, f.;Kürbis;;flaske, f.=Kürbis.;126;a;;no;confirmed;;no
lr_0126_037;flasmåppel, m.;Hänfling;flasmæ̊ppel, m.;Hänfling;;flasmåppel, m.=Hänfling.;126;a;;no;corrected;corrected;no
lr_0126_038;flässen;flächsern;flässen;flächsern;;flässen=flächsern.;126;a;;no;confirmed;;no
lr_0126_039;fläu;unwohl, vor Hunger;fläu;unwohl, vor Hunger;50;fläu=unwohl, vor Hunger 50.;126;a;;no;confirmed;;no
lr_0126_040;fläuh, f.;Floh;fläuh, f.;Floh;27, 74;fläuh, f.=Floh 27, 74.;126;a;;no;confirmed;;no
lr_0126_041;fläut;flach, seicht;fläut;flach, seicht;;fläut=flach, seicht.;126;a;;no;confirmed;;no
lr_0126_042;flāwe, flārre, f.;Weidenbastflöte, -pfeife;flāwe, flārre, f.;Weidenbastflöte, -pfeife;15, 74;flāwe, flārre, f.=Weidenbastflöte, -pfeife 15, 74.;126;a;flārre;no;confirmed;;no
lr_0126_043;fleom, m.;1) Fett der Gänse, Schweine, 2) trübes Wasser;fleom, m.;1) Fett der Gänse, Schweine, 2) trübes Wasser;33, 72;fleom, m.=1) Fett der Gänse, Schweine, 2) trübes Wasser 33, 72.;126;a;;no;confirmed;checked_no_change;no
lr_0126_045;fleot, f.;"Fluth; ümfleot, f.=Nebenbett eines Baches";fleot, f.;"Fluth; ümfleot, f.=Nebenbett eines Baches.";33;"fleot, f.=Fluth; ümfleot, f.=Nebenbett eines Baches 33.";126;b;;no;confirmed;;no
lr_0126_046;flet, n.;Raum um den Heerd herum. Mindisch i. j. 1789. Noch lebendig?;flet, n.;Raum um den Heerd herum. Mindisch i. j. 1789. Noch lebendig?;;flet, n.=Raum um den Heerd herum. Mindisch i. j. 1789. Noch lebendig?;126;b;;no;confirmed;;no
lr_0126_047;fliagel, m.;Dreschflegel;fliagel, m.;Dreschflegel;;fliagel, m.=Dreschflegel.;126;b;;no;confirmed;;no
lr_0126_048;fliagelmius, f.;Fledermaus;fliagelmius, f.;Fledermaus;;fliagelmius, f.=Fledermaus.;126;b;;no;confirmed;;no
lr_0126_049;flīr'n, pl.;Launen;flīr'n, pl.;Launen;20;flīr'n, pl.=Launen 20.;126;b;;no;confirmed;;no
lr_0126_050;flitsebuagen, m.;Armbrust;flitsebuagen, m.;Armbrust;;flitsebuagen, m.=Armbrust.;126;b;;no;confirmed;;no
lr_0126_051;fliusk, m.;"Flausch; witfliusk, m. weiſshaariger Junge (Sch.)";fliusk, m.;"Flausch; witfliusk, m. weißhaariger Junge (Sch.)";60;"fliusk, m.=Flausch; witfliusk, m. weiſshaariger Junge (Sch.) 60.";126;b;;no;confirmed;;no
lr_0126_052;floeden;flöten;floeden;flöten;58, 100;floeden=flöten 58, 100.;126;b;;no;confirmed;;no
lr_0126_053;floeken;fluchen;floeken;fluchen;11, 50, 58, 64, 100, 101;floeken=fluchen 11, 50, 58, 64, 100, 101.;126;b;;no;confirmed;;no
lr_0126_054;floemen;trüben;floemen;trüben;34;floemen=trüben 34.;126;b;;no;confirmed;;no
lr_0126_055;flot, m.;Rahm;flot, m.;Rahm;72;flot, m.=Rahm 72.;126;b;;no;confirmed;;no
lr_0126_056;flüaksterich;flatterhaft;flüaksterich;flatterhaft;;flüaksterich=flatterhaft.;126;b;;no;confirmed;;no
lr_0126_057;fludderich;flatterhaft;fludderich;flatterhaft;;fludderich=flatterhaft.;126;b;;no;confirmed;;no
lr_0126_058;flüede, f.;Quellbach;flüede, f.;Quellbach;40, 74;flüede, f.=Quellbach 40, 74.;126;b;;no;confirmed;;no
lr_0126_059;flüede, flüöde, pl.;Rheumatismus;flüede, flüöde, pl.;Rheumatismus;40, 73;flüede, flüöde, pl.=Rheumatismus 40, 73.;126;b;flüöde;no;confirmed;;no
lr_0126_060;flüchelken, n.;Schmetterling;flüchelken, n.;Schmetterling;77;flüchelken, n.=Schmetterling 77.;126;b;;no;confirmed;;no
lr_0126_061;flucht, f.;1) die Flucht des Spinnrades, 2) Vogelschaar;flucht, f.;1) die Flucht des Spinnrades, 2) Vogelschaar;67;flucht, f.=1) die Flucht des Spinnrades, 2) Vogelschaar 67.;126;b;;no;confirmed;;no
lr_0126_062;fluijjen;putzen, schmücken;fluijjen;putzen, schmücken;58, 96;fluijjen=putzen, schmücken 58, 96.;126;b;;no;confirmed;;no
lr_0126_063;flǖrk, m.;Flügel;flǖrk, m.;Flügel;;flǖrk, m.=Flügel.;126;b;;no;confirmed;;no
lr_0126_064;födder;fürder;födder;fürderhin;44, 55;födder=fürder 44, 55.;126;b;;no;corrected;;no
lr_0126_065;föddern;fordern;föddern;fordern;13, 55, 98;föddern=fordern 13, 55, 98.;126;b;;no;confirmed;;no
lr_0126_066;foelen;fühlen;foelen;fühlen;11, 100;foelen=fühlen 11, 100.;126;b;;no;confirmed;;no
lr_0126_067;fōern, feoern;füttern;fōern, feoern;füttern;33, 54;fōern, feoern=füttern 33, 54.;126;b;fōern;no;confirmed;;no
lr_0126_068;foeern;fahren;foeern;fahren;;foeern=fahren.;126;b;;no;confirmed;;no
lr_0126_069;*fö̂gesman, m.;Ehevermittler;fö̂gesman, m.;Ehevermittler;19, 63;*fö̂gesman, m.=Ehevermittler 19, 63.;126;b;;no;confirmed;;no
lr_0126_070;folgen;folgen;folgen;folgen;57, 69;folgen=folgen 57, 69.;126;b;;no;confirmed;;no
lr_0126_071;folk, n.;Volk, Volk Rebhühner, de fölker=das Gesinde;folk, n.;Volk, Volk Rebhühner, de fölker=das Gesinde.;;folk, n.=Volk, Volk Rebhühner, de fölker=das Gesinde.;126;b;;no;confirmed;;no
lr_0126_072;föllen, feolen, n.;Fohlen;föllen, feolen, n.;Fohlen;34;föllen, feolen, n.=Fohlen 34.;126;b;feolen;no;confirmed;;no
lr_0126_073;fōrman, m.;Fuhrmann;fōrman, m.;Fuhrmann;;fōrman, m.=Fuhrmann.;126;b;;no;confirmed;;no
lr_0126_074;for;für, vor;for;für, vor;50;for=für, vor 50.;126;b;;no;confirmed;;no
lr_0126_075;fos, m.;Fuchs;fos, m.;Fuchs;60;fos, m.=Fuchs 60.;126;b;;no;confirmed;;no
lr_0126_076;fosswans, m.;Fuchsschwanz, Alopecura;fosswans, m.;Fuchsschwanz, Alopecura;;fosswans, m.=Fuchsschwanz, Alopecura.;126;b;;no;confirmed;;no
lr_0126_077;fosper, f.;Fuſsspur;fosper, f.;Fußspur;58;fosper, f.=Fuſsspur 58.;126;b;;no;confirmed;;no
lr_0126_078;fotse, f.;cunnus;fotse, f.;cunnus (weibliche Scham, Vulva);10;fotse, f.=cunnus 10.;126;b;;no;corrected;;no
lr_0126_079;frå̂gen, stv.;fragen;frå̂gen, stv.;fragen;18, 28, 35, 89;frå̂gen, stv.=fragen 18, 28, 35, 89.;126;b;;no;confirmed;;no
lr_0127_001;frä̂ch (ǟ?);frisch, frank, keck;frä̂ch (ǟ?);frisch, frank, keck;18, 67;frä̂ch (ǟ?)=frisch, frank, keck 18, 67.;127;a;;no;confirmed;;no
lr_0127_002;fråiſen, stv.;frieren;fråiſen, stv.;frieren;14, 26, 27, 40, 61, 91;fråiſen, stv.=frieren 14, 26, 27, 40, 61, 91.;127;a;;no;confirmed;;no
lr_0127_003;fråiſen, pl.;die Frieseln;fråiſen, pl.;die Frieseln (Hautausschlag, der durch starkes Schwitzen oder große Hitze entsteht);;fråiſen, pl.=die Frieseln.;127;a;;no;corrected;;no
lr_0127_004;fråisk;friesisch;fråisk;friesisch;26;fråisk=friesisch 26.;127;a;;no;confirmed;;no
lr_0127_005;frangen, sik;sich balgen;frangen, sik;sich balgen;51, 95;frangen, sik=sich balgen 51, 95.;127;a;;no;confirmed;;no
lr_0127_006;Franseoſe, m.;Franzose;Franseoſe, m.;Franzose;33;Franseoſe, m.=Franzose 33.;127;a;;no;confirmed;;no
lr_0127_007;fräuh;froh;fräuh;froh;28, 69, 80;fräuh=froh 28, 69, 80.;127;a;;no;confirmed;;no
lr_0127_008;freo, froe;früh;freo, froe;früh;33, 34;freo, froe=früh 33, 34.;127;a;froe;no;confirmed;;no
lr_0127_009;friaden, stv.;fressen;friaden, stv.;fressen;69;friaden, stv.=fressen 69.;127;a;;no;confirmed;;no
lr_0127_010;friae, m.;Friede;friae, m.;Friede;36, 54, 73;friae, m.=Friede 36, 54, 73.;127;a;;no;confirmed;;no
lr_0127_011;frojjen, fröwwen, sik;sich freuen;froijjen, fröwwen, sik;sich freuen;52, 68, 95;frojjen, fröwwen, sik=sich freuen 52, 68, 95.;127;a;fröwwen;no;corrected;;no
lr_0127_012;frübben, wwe, frugge, f.;Frau;frübben, fruwwe, frugge, f.;Frau;52, 64, 69, 76, 77;frübben, wwe, frugge, f.=Frau 52, 64, 69, 76, 77.;127;a;fruwwe | frugge;no;corrected;;no
lr_0127_013;fruich;frei;fruich;frei;50;fruich=frei 50.;127;a;;no;confirmed;;no
lr_0127_014;fruijjen;freien;fruijjen;freien;96;fruijjen=freien 96.;127;a;;no;confirmed;;no
lr_0127_015;fruiwiarwer, m.;Brautwerber;fruiwiarwer, m.;Brautwerber;53;fruiwiarwer, m.=Brautwerber 53.;127;a;;no;confirmed;;no
lr_0127_016;frünt, fruünt, m.;Freund;frünt, fruünt, m.;Freund;14, 31;frünt, fruünt, m.=Freund 14, 31.;127;a;fruünt;no;confirmed;;no
lr_0127_017;früntlik;freundlich;früntlik;freundlich;79, 80;früntlik=freundlich 79, 80.;127;a;;no;confirmed;;no
lr_0127_018;früömt;fremd;früömt;fremd;;früömt=fremd.;127;a;;no;confirmed;;no
lr_0127_019;früsminske, n.;Frauenzimmer;frusminske, n.;Frauenzimmer;53, 74, 77;früsminske, n.=Frauenzimmer 53, 74, 77.;127;a;;no;confirmed;corrected;no
lr_0127_020;fuaget, m.;Vogt;fuaget, m.;Vogt;50;fuaget, m.=Vogt 50.;127;a;;no;confirmed;;no
lr_0127_021;füar, for, adv. u. praep.;vor;füar, for, adv. u. praep.;vor;;füar, for, adv. u. praep.=vor.;127;a;füar;no;confirmed;;no
lr_0127_022;fuar, f.;Furche;fuar, f.;Furche;28;fuar, f.=Furche 28.;127;a;;no;confirmed;;no
lr_0127_023;fuar', -r'n, f.;die Fuhre;fuar', fuar'n, f.;die Fuhre;38;fuar', -r'n, f.=die Fuhre 38.;127;a;;no;confirmed;;no
lr_0127_024;fuddika!;pfui!;fuddika!;pfui!;7;fuddika!=pfui! 7.;127;a;;no;confirmed;;no
lr_0127_025;fudden, pl.;Zeuglappen, Ramsch;fudden, pl.;Zeuglappen, Ramsch;8;fudden, pl.=Zeuglappen, Ramsch 8.;127;a;;no;confirmed;;no
lr_0127_026;fūgel, m.;Vogel;fūgel, m.;Vogel;16, 17, 38, 40, 78;fūgel, m.=Vogel 16, 17, 38, 40, 78.;127;a;;no;confirmed;;no
lr_0127_027;füchten, f.;Kiefer, Fichte;füchten, f.;Kiefer, Fichte;76;füchten, f.=Kiefer, Fichte 76.;127;a;;no;confirmed;;no
lr_0127_028;fuiksebäune, f.;Vitsbohne, phaseolus vulg.;fuiksebäune, f.;Vitsbohne, phaseolus vulg.;64;fuiksebäune, f.=Vitsbohne, phaseolus vulg. 64.;127;a;;no;confirmed;corrected;no
lr_0127_029;fuikstāken, m.;Bohnenstange;fuikstāken, m.;Bohnenstange;;fuikstāken, m.=Bohnenstange.;127;a;;no;confirmed;;no
lr_0127_030;fuilen;feilen;fuilen;feilen;96;fuilen=feilen 96.;127;a;;no;confirmed;;no
lr_0127_031;fuilte, f.;das Feilsel;fuilte, f.;das Feilsel;74;fuilte, f.=das Feilsel 74.;127;a;;no;confirmed;;no
lr_0127_032;fuinen, stv.;finden;fuinen, stv.;finden;28, 30, 32, 46, 55, 57, 69, 86;fuinen, stv.=finden 28, 30, 32, 46, 55, 57, 69, 86.;127;a;;no;confirmed;;no
lr_0127_033;fuint, m.;Feind;fuint, m.;Feind;;fuint, m.=Feind.;127;a;;no;confirmed;;no
lr_0127_034;fuir, f.;Feier;fuir, f.;Feier;32;fuir, f.=Feier 32.;127;a;;no;confirmed;;no
lr_0127_035;fuirkeoh, f.;altmilchende Kuh;fuirkeoh, f.;altmilchende Kuh;32;fuirkeoh, f.=altmilchende Kuh 32.;127;a;;no;confirmed;;no
lr_0127_036;fuir'n;feiern;fuir'n;feiern;44;fuir'n=feiern=44.;127;a;;no;confirmed;;no
lr_0127_037;fuist;ekel;fuist;ekel;;fuist=ekel.;127;a;;no;confirmed;;no
lr_0127_038;fuk, m.;Passlichkeit. „dat hät fuk.“;fuk, m.;Passlichkeit, „dat hät fuk.“;;fuk, m.=Passlichkeit. „dat hät fuk.“;127;a;;no;corrected;;no
lr_0127_039;ful;voll, viel;ful;voll, viel;8;ful=voll, viel 8.;127;a;;no;confirmed;;no
lr_0127_040;fulhellich;vollblütig;fulhellich;vollblütig;;fulhellich=vollblütig.;127;b;;no;confirmed;;no
lr_0127_041;"*fülliepel; fülle, f.";Schöpflöffel, Gieſskelle (ags. ful, n.=Becher);"fülliepel; fülle, f.";Schöpflöffel, Gießkelle (ags. ful, n.=Becher).;76;"*fülliepel; fülle, f.=Schöpflöffel, Gieſskelle (ags. ful, n.=Becher) 76.";127;b;;no;confirmed;;no
lr_0127_042;fummel, f.;cunnus;fummel, f.;"cunnus; siehe fotse";78;fummel, f.=cunnus 78.;127;b;;no;corrected;;no
lr_0127_043;fummeln;betasten;fummeln;betasten;98;fummeln=betasten 98.;127;b;;no;confirmed;;no
lr_0127_044;*füönich;faul, schimmelig;füönich;faul, schimmelig;40;*füönich=faul, schimmelig 40.;127;b;;no;confirmed;;no
lr_0127_045;fuſſel, m.;Fusel;fuſſel, m.;Fusel;8;fuſſel, m.=Fusel 8.;127;b;;no;confirmed;;no
lr_0127_046;fuürdeok, fuüd. m.;Schürze;fuürdeok, fuüd. m.;Schürze;44;fuürdeok, fuüd. m.=Schürze 44.;127;b;fuüd. m.;no;;;no
lr_0127_047;fuür;vorn;fuür;vorn;50;fuür=vorn 50.;127;b;;no;confirmed;;no
lr_0127_048;fuür, n.;Feuer;fuür, n.;Feuer;31;fuür, n.=Feuer 31.;127;b;;no;confirmed;;no
lr_0127_049;gaffel, f.;Heu-, Flachsgabel;gaffel, f.;Heu-, Flachsgabel;51;gaffel, f.=Heu-, Flachsgabel 51.;127;b;;no;confirmed;;no
lr_0127_050;gaffeltange, f.;Ohrwurm;gaffeltange, f.;"Ohrwurm; Lästerweib";;gaffeltange, f.=Ohrwurm.;127;b;;no;corrected;;no
lr_0127_051;gåiden, stv.;gieſsen;gåiden, stv.;gießen;26, 27, 31, 38, 91;gåiden, stv.=gieſsen 26, 27, 31, 38, 91.;127;b;;no;confirmed;;no
lr_0127_052;gaigel, gåigel, f.;das Zahnfleisch;gaigel, gåigel, f.;das Zahnfleisch;24, 26;gaigel, gåigel, f.=das Zahnfleisch 24, 26.;127;b;gåigel;no;confirmed;;no
lr_0127_053;gåijjel, m.;die Geile;gåijjel, m.;die Geile (üppig wachsendes Gras um Kuhfladen herum);68;gåijjel, m.=die Geile 68.;127;b;;no;confirmed;corrected;no
lr_0127_054;gåijjel;geil;gåijjel;geil;68;gåijjel=geil 68.;127;b;;no;confirmed;;no
lr_0127_055;gåilen, stv.;gelten;gåilen, stv.;gelten;7, 14, 26, 28, 40, 42, 86;gåilen, stv.=gelten 7, 14, 26, 28, 40, 42, 86.;127;b;;no;confirmed;;no
lr_0127_056;gairn;gern;gairn;gern;24;gairn=gern 24.;127;b;;no;confirmed;;no
lr_0127_057;gåiſich;bleich (von Gesicht);gåiſich;bleich (von Gesicht);26;gåiſich=bleich (von Gesicht) 26.;127;b;;no;confirmed;;no
lr_0127_058;*gäk, jäk, n.;Zierrat (drehbarer) am Giebel;gäk, jäk, n.;Zierrat an Giebelspitze;12, 73;*gäk, jäk, n.=Zierrat (drehbarer) am Giebel 12, 73.;127;b;jäk;no;confirmed;corrected;no
lr_0127_059;galgen, m.;Galgen;galgen, m.;Galgen;63, 66;galgen, m.=Galgen 63, 66.;127;b;;no;confirmed;;no
lr_0127_060;*gallern;wund hauen;gallern;wund hauen;98;*gallern=wund hauen 98.;127;b;;no;confirmed;;no
lr_0127_061;gans;ganz;gans;ganz;46;gans=ganz 46.;127;b;;no;confirmed;;no
lr_0127_062;gante, m.;Gänserich;gante, m.;Gänserich;46, 75;gante, m.=Gänserich 46, 75.;127;b;;no;confirmed;;no
lr_0127_063;gä̂sk, gåisk, m.;aegopodium podagr.;gä̂sk, gåisk, m.;Aegopodium podagraria (Giersch);18, 60, 72;gä̂sk, gåisk, m.=aegopodium podagr. 18, 60, 72.;127;b;;yes;corrected;;no
lr_0127_064;gasse, -en, f.;Gerste;gasse, gassen, f.;Gerste;6, 45, 60;gasse, -en, f.=Gerste 6, 45, 60.;127;b;;yes;confirmed;;no
lr_0127_065;gasseln;(das Brod) leise anrösten;gasseln;(das Brod) leise anrösten;98;gasseln=(das Brod) leise anrösten 98.;127;b;;no;confirmed;;no
lr_0127_066;gast, m.;Gast Kind (Sch.);gast, m.;Gast Kind (Sch.);;gast, m.=Gast Kind (Sch.);127;b;;no;confirmed;;no
lr_0127_067;gat, n.;Loch, anus;gat, n.;Loch, anus;6, 66, 73;gat, n.=Loch, anus, 6, 66, 73.;127;b;;no;confirmed;;no
lr_0127_068;gat, a-gat!;Ausruf des Ekels;gat, a-gat!;Ausruf des Ekels;;gat, a-gat!=Ausruf des Ekels.;127;b;;yes;confirmed;;no
lr_0127_069;Gåt;Gott;Gåt;Gott;12, 13, 66;Gåt=Gott 12, 13, 66.;127;b;;no;confirmed;;no
lr_0127_070;gäun;gehn;gäun;gehn;7, 12, 14, 25, 101;gäun=gehn 7, 12, 14, 25, 101.;127;b;;no;confirmed;;no
lr_0127_071;gäurn, m.;Garten;gäurn, m.;Garten;28, 56;gäurn, m. Garten 28, 56.;127;b;;no;confirmed;;no
lr_0127_072;gäurn, n.;Garn;gäurn, n.;Garn;;gäurn, n.=Garn.;127;b;;no;confirmed;;no
lr_0127_073;gäus, f.;Gans;gäus, f.;Gans;28, 47, 66, 74;gäus, f.=Gans 28, 47, 66, 74.;127;b;;no;confirmed;;no
lr_0127_074;gebiaren, stv.;gebären;gebiaren, stv.;gebären;38, 88;gebiaren, stv.=gebären 38, 88.;127;b;;no;confirmed;;no
lr_0127_075;gelingen, stv.;gelingen;gelingen, stv.;gelingen;86;gelingen, stv.=gelingen 86.;127;b;;no;confirmed;;no
lr_0127_076;gelstrich;ranzig, spröde;gelstrich;ranzig, spröde;9, 60;gelstrich=ranzig, spröde 9, 60.;127;b;;no;confirmed;;no
lr_0127_077;gemåinhåit, f.;Gemeindegrundstück;gemåinhåit, f.;Gemeindegrundstück;75;gemåinhåit, f.=Gemeindegrundstück 75.;127;b;;no;confirmed;;no
lr_0128_001;gemächte, n.;Genitalien (männliche);gemächte, n.;Genitalien (männliche);;gemächte, n.=Genitalien (männliche).;128;a;;no;confirmed;;no
lr_0128_002;gemoede, n.;Gemütsart;gemoede, n.;Gemütsart;54;gemoede, n.=Gemütsart 54.;128;a;;no;confirmed;;no
lr_0128_003;genåiden, stv.;genieſsen;genåiden, stv.;genießen;26, 55, 92;genåiden, stv.=genieſsen 26, 55, 92.;128;a;;no;confirmed;;no
lr_0128_004;gensten, pl.;Gegenden;gensten, pl.;Gegenden;;gensten, pl.=Gegenden.;128;a;;no;confirmed;;no
lr_0128_005;geonsdach, jeonsd., jônsd., m.;Mittwoch;geonsdach, jeonsd., jônsd., m.;Mittwoch;33, 53, 65, 66;geonsdach, jeonsd., jônsd., m.=Mittwoch 33, 53, 65, 66.;128;a;jeonsd. | jônsd.;no;confirmed;;no
lr_0128_006;geot, jeot, gud, gaut;gut;geot, jeot, gud, gaut;gut;3, 8, 33, 45, 57, 67, 69, 73, 79, 83;geot, jeot, gud, gaut=gut 3, 8, 33, 45, 57, 67, 69, 73, 79, 83.;128;a;jeot | gud | gaut;no;confirmed;;no
lr_0128_007;gepȫbel, n.;Pöbel;gepȫbel, n.;Pöbel;;gepȫbel, n.=Pöbel.;128;a;;no;confirmed;;no
lr_0128_008;gest, jest, m.;Sauerteig;gest, jest, m.;Sauerteig, auch Hefeteig;9, 60, 67;gest, jest, m.=Sauerteig 9, 60, 67.;128;a;jest;no;corrected;;no
lr_0128_009;gewairen lå̂den;zufrieden lassen;gewairn lå̂den;zufrieden lassen;;gewairen lå̂den=zufrieden lassen.;128;a;;no;confirmed;corrected;no
lr_0128_010;gewölwe, n.;Gewölbe;gewölwe, n.;Gewölbe;;gewölwe, n.=Gewölbe.;128;a;;no;confirmed;;no
lr_0128_011;gial;gelb;gial;gelb;36, 66;gial=gelb 36, 66.;128;a;;no;confirmed;;no
lr_0128_012;gialgoeſe, m.;Goldammer;gialgoeſe, m.;Goldammer;34, 75;gialgoeſe, m.=Goldammer 34, 75.;128;a;;no;confirmed;;no
lr_0128_013;gialsnāwel, m.;Gelbschnabel;gialsnāwel, m.;Gelbschnabel;;gialsnāwel, m.=Gelbschnabel.;128;a;;no;confirmed;;no
lr_0128_014;giarkāmer, f.;Beichtkammer;giarkāmer, f.;Beichtkammer;;giarkāmer, f.=Beichtkammer.;128;a;;no;confirmed;;no
lr_0128_015;gīben, -wen, stv.;geben;gīben, gīwen, stv.;geben;6, 7, 16, 24, 45, 48, 51, 52, 66, 69, 70, 87, 98;gīben, -wen, stv.=geben 6, 7, 16, 24, 45, 48, 51, 52, 66, 69, 70, 87, 98.;128;a;gīwen;no;confirmed;;no
lr_0128_016;giegent, f.;Gegend;giegent, f.;Gegend;36;giegent, f.=Gegend 36.;128;a;;no;confirmed;;no
lr_0128_017;gienst;bis gegen hin;gienst;bis gegen hin;60;gienst=bis gegen hin 60.;128;a;;no;confirmed;;no
lr_0128_018;giensuit, gients;jenseits;giensuit, gients;jenseits;66, 82;giensuit, gients=jenseits 66, 82.;128;a;gients;no;confirmed;;no
lr_0128_019;gient;dort;gient;dort;;gient=dort.;128;a;;no;confirmed;;no
lr_0128_020;gienten;drüben, dorthin;gienten;drüben, dorthin;36, 82;gienten=drüben, dorthin 36, 82.;128;a;;no;confirmed;;no
lr_0128_021;gifte, f.;Gabe;gifte, f.;Gabe;51;gifte, f.=Gabe 51.;128;a;;no;confirmed;;no
lr_0128_022;gink, m.;40 Fäden eines Gewebes;gink, m.;40 Fäden eines Gewebes;;gink, m.=40 Fäden eines Gewebes.;128;a;;no;confirmed;;no
lr_0128_023;gissen;muthmaſsen;gissen;muthmaßen;7, 95;gissen=muthmaſsen 7, 95.;128;a;;no;confirmed;;no
lr_0128_024;gistern;gestern;gistern;gestern;66;gistern=gestern 66.;128;a;;no;confirmed;;no
lr_0128_025;gisterdach;gestern;gisterdach;gestern;;gisterdach=gestern.;128;a;;no;confirmed;;no
lr_0128_026;gīwe, to g.;zur Gabe, geschenkt;gīwe, to g.;zur Gabe, geschenkt;15;gīwe, to g.=zur Gabe, geschenkt 15.;128;a;;no;confirmed;;no
lr_0128_027;gīwel, m.;Giebel;gīwel, m.;Giebel;15;gīwel, m.=Giebel 15.;128;a;;no;confirmed;;no
lr_0128_028;glas, n.;Glas;glas, n.;Glas;37;glas, n.=Glas 37.;128;a;;no;confirmed;;no
lr_0128_029;gläuwe, m.;Glaube (kirchl.);gläuwe, m.;Glaube (kirchl.);27, 48;gläuwe, m.=Glaube (kirchl.) 27, 48.;128;a;;no;confirmed;;no
lr_0128_030;glemmen (i), stv.;glimmen;glemmen (i), stv.;glimmen;9, 10, 86;glemmen (i), stv.=glimmen 9, 10, 86.;128;a;;no;confirmed;;no
lr_0128_031;gleot, f.;Glut;gleot, f.;Glut;33;gleot, f.=Glut 33.;128;a;;no;confirmed;;no
lr_0128_032;gliasker, m.;Glaser;gliasker, m.;Glaser;60;gliasker, m.=Glaser 60.;128;a;;no;confirmed;;no
lr_0128_033;gliepe, f.;Spalte;gliepe, f.;Spalte;;gliepe, f.=Spalte.;128;a;;no;confirmed;;no
lr_0128_034;glium, m.;Feuerhaken;glium, m.;Feuerhaken;30, 66, 72;glium, m.=Feuerhaken 30, 66, 72.;128;a;;no;confirmed;;no
lr_0128_035;gliupen;tückisch blicken;gliupen;tückisch blicken;29, 66, 99;gliupen=tückisch blicken 29, 66, 99.;128;a;;no;confirmed;;no
lr_0128_036;gloenich;roth glühend;gloenich;roth glühend;56;gloenich=roth glühend 56.;128;a;;no;confirmed;;no
lr_0128_037;glojjen;glühen;gloijjen;glühen;68;glojjen=glühen 68.;128;a;;no;corrected;;no
lr_0128_038;gluien, stv.;gleiten;gluien, stv.;gleiten;24, 90;gluien, stv.=gleiten 24, 90.;128;a;;no;confirmed;;no
lr_0128_039;gluiken, stv.;gleichen;gluiken, stv.;gleichen;90;gluiken, stv.=gleichen 90.;128;a;;no;confirmed;;no
lr_0128_040;gluikspel, n.;Gleichniss;gluikspel, n.;Gleichnis;;gluikspel, n.=Gleichniss.;128;a;;no;confirmed;;no
lr_0128_041;glücke, n.;Glück;glücke, n.;Glück;73;glücke, n.=Glück 73.;128;b;;no;confirmed;;no
lr_0128_042;glümkeholt, n.;leuchtendes faules Holz;glümkeholt, n.;leuchtendes faules Holz;14;glümkeholt, n.=leuchtendes faules Holz 14.;128;b;;no;confirmed;;no
lr_0128_043;glūren;glimmen;glūren;glimmen;;glūren=glimmen.;128;b;;no;confirmed;;no
lr_0128_044;gluwwe;scharf hörend, sehend;gluwwe;scharf hörend, sehend;80;gluwwe=scharf hörend, sehend 80.;128;b;;no;confirmed;;no
lr_0128_045;gnaggen, naggen;nagen;gnaggen, naggen;nagen;6, 66;gnaggen, naggen=nagen 6, 66.;128;b;naggen;no;confirmed;;no
lr_0128_046;gnåiſen;grinsen;gnåiſen;grinsen;26, 96;gnåiſen=grinsen 26, 96.;128;b;;no;confirmed;;no
lr_0128_047;gnārsk;gnärrig, verdrieſslich;gnārsk;gnärrig, verdrießlich;19, 44, 60, 66;gnārsk=gnärrig, verdrieſslich 19, 44, 60, 66.;128;b;;no;confirmed;;no
lr_0128_048;gnatsich;geizig, neidisch;gnatsich;geizig, neidisch;6, 57;gnatsich=geizig, neidisch 6, 57.;128;b;;no;confirmed;;no
lr_0128_049;gnawweln, knawweln (66);benagen;gnawweln, knawweln (66);benagen;46, 66, 98;gnawweln, knawweln (66)=benagen 46, 66, 98.;128;b;knawweln (66);no;confirmed;;no
lr_0128_050;gneostern;knirschen;gneostern;knirschen;34, 66;gneostern=knirschen 34, 66.;128;b;;no;confirmed;;no
lr_0128_051;gnickern, knickern;knausern;gnickern, knickern;knausern;66, 98;gnickern, knickern=knausern 66, 98.;128;b;knickern;no;confirmed;;no
lr_0128_052;gnüadern, nüödern;gnöttern, maulen;gnüadern, nüödern;gnöttern, maulen;39, 66, 98;gnüadern, nüödern=gnöttern, maulen 39, 66, 98.;128;b;nüödern;no;corrected;;no
lr_0128_053;gnüödrich;verdrieſslich;gnüödrich;verdrießlich;;gnüödrich=verdrieſslich.;128;b;;no;confirmed;;no
lr_0128_054;gnuücheln;schmunzeln;gnuücheln;schmunzeln;66, 67, 98;gnuücheln=schmunzeln 66, 67, 98.;128;b;;no;confirmed;;no
lr_0128_055;goeſe, f.;Kehle;goeſe, f.;Kehle;66;goeſe, f.=Kehle 66.;128;b;;no;confirmed;;no
lr_0128_056;gönsken;demüthig wünschen, von Kindern;gönsken;demüthig wünschen, von Kindern;53, 66, 99;gönsken=demüthig wünschen, von Kindern 53, 66, 99.;128;b;;no;confirmed;;no
lr_0128_057;göpse, f.;die hohle Doppelhand;göpse, f.;die hohle Doppelhand;13;göpse, f.=die hohle Doppelhand 13.;128;b;;no;confirmed;;no
lr_0128_058;gȫrde, f.;Grütze, göttequern, m. Grützehandmühle;gȫrde, f.;Grütze, göttequern, m. Grützehandmühle;20, 39, 44, 45, 66;gȫrde, f.=Grütze, göttequern, m. Grützehandmühle 20, 39, 44, 45, 66.;128;b;;no;confirmed;;no
lr_0128_059;grāben, stv.;graben;grāben, stv.;graben;15, 27, 33, 35, 42, 48, 88;grāben, stv.=graben 15, 27, 33, 35, 42, 48, 88.;128;b;;no;confirmed;;no
lr_0128_060;graf, n.;Grab;graf, n.;Grab;;graf, n.=Grab.;128;b;;no;confirmed;;no
lr_0128_061;gråf;grob;gråf;grob;12, 38, 39;gråf=grob 12, 38, 39.;128;b;;no;confirmed;;no
lr_0128_062;grå̂f, m.;Graf;grå̂f, m.;Graf;18, 51;grå̂f, m.=Graf 18, 51.;128;b;;no;confirmed;;no
lr_0128_063;gracht, f.;der Graben;gracht, f.;der Graben;;gracht, f.=der Graben.;128;b;;no;confirmed;;no
lr_0128_064;graibe, f.;die Griebe;graibe, f.;die Griebe;24;graibe, f.=die Griebe 24.;128;b;;no;confirmed;;no
lr_0128_065;gråiſen, griuſen;grausen;gråiſen, griuſen;"grausen; prahlen, angeben";26, 96;gråiſen, griuſen=grausen 26, 96.;128;b;gråiſen;no;corrected;;no
lr_0128_066;Gråite;Margarethe;Gråite;Margarethe;26;Gråite=Margarethe 26.;128;b;;no;confirmed;;no
lr_0128_067;Graiwe, als Hofname, eig.;Bauernvogt;Graiwe, als Hofname, eig.;Bauernvogt;24;Graiwe, als Hofname, eig.=Bauernvogt 24.;128;b;;no;confirmed;;no
lr_0128_068;grå̂len;grollen, knallen, rollen;grå̂len;grollen, knallen, rollen;18, 47, 66;grå̂len=grollen, knallen, rollen 18, 47, 66.;128;b;;no;confirmed;;no
lr_0128_069;gram;"1) heiser; 2) gram";gram;"1) heiser; 2) gram";6;"gram=1) heiser; 2) gram 6.";128;b;;no;confirmed;;no
lr_0128_070;gräs, n.;Gras;gräs, n.;Gras;11, 37, 60, 79;gräs, n.=Gras 11, 37, 60, 79.;128;b;;no;confirmed;;no
lr_0128_071;gräsbuiter, m.;halbwüchsiges Rind, scherzweise: „Presbyter“;gräsbuiter, m.;halbwüchsiges Rind, wörtlich: Grasbeißer, scherzweise: „Presbyter“.;;gräsbuiter, m.=halbwüchsiges Rind, scherzweise: „Presbyter“.;128;b;;no;confirmed;corrected;no
lr_0128_072;gräut;groſs;gräut;groß;11, 27, 79, 80, 83;gräut=groſs 11, 27, 79, 80, 83.;128;b;;no;confirmed;;no
lr_0128_073;gräude, grådde, f.;Gröſse;gräude, græ̊dde, f.;Größe;12, 13;gräude, grådde, f.=Gröſse 12, 13.;128;b;gräude;no;confirmed;corrected;no
lr_0128_074;grāwe, m.;Graben;grāwe, m.;Graben;37;grāwe, m.=Graben 37.;128;b;;no;confirmed;;no
lr_0128_075;grawweln;grapsen;grawweln;grapsen;52, 98;grawweln=grapsen 52, 98.;128;b;;no;confirmed;;no
lr_0129_001;griaſen, grāſen, stv.;grasen;griaſen, grāſen, stv.;grasen;6, 11, 33, 37, 83, 92;griaſen, grāſen, stv.=grasen 6, 11, 33, 37, 83, 92.;129;a;grāſen;no;confirmed;;no
lr_0129_002;griddich;gierig;griddich;gierig;44, 55;griddich=gierig 44, 55.;129;a;;no;confirmed;;no
lr_0129_003;griupe, f.;Steckrübe;griuben, f.;Steckrübe;30, 49;griupe, f.=Steckrübe 30, 49.;129;a;;no;confirmed;corrected;no
lr_0129_004;griuſen;1) prahlen, „et griuſe så“=sie prahlte so sehr, 2) grausen;griuſen;1) prahlen, „et griuſe så“=sie prahlte so sehr, 2) grausen.;97;griuſen=1) prahlen, „et griuſe så“=sie prahlte so sehr, 2) grausen 97.;129;a;;no;confirmed;;no
lr_0129_005;grīwelink, m.;Dachs (selten, wie das Thier selbst);grīwelink, m.;Dachs (selten, wie das Thier selbst);15;grīwelink, m.=Dachs (selten, wie das Thier selbst) 15.;129;a;;no;confirmed;;no
lr_0129_006;groen;grün;groen;grün;34, 79;groen=grün 34, 79.;129;a;;no;confirmed;;no
lr_0129_007;groesken, f.;Grasmücke;groesken, f.;Grasmücke;34;groesken, f.=Grasmücke 34.;129;a;;no;confirmed;;no
lr_0129_008;groeten;grüſsen;groeten;grüßen;97;groeten=grüſsen 97.;129;a;;no;confirmed;;no
lr_0129_009;grüggeln, grüjjeln;grausen, gruseln;grüggeln, grüjjeln;grausen, gruseln;64, 69, 98;grüggeln, grüjjeln=grausen, gruseln 64, 69, 98.;129;a;grüjjeln;no;confirmed;;no
lr_0129_010;gruinen, stv.;weinen;gruinen, stv.;weinen;90;gruinen, stv.=weinen 90.;129;a;;no;confirmed;;no
lr_0129_011;gruipen, gruiben, stv.;greifen;gruipen, gruiben, stv.;greifen;24, 36, 50, 90;gruipen, gruiben, stv.=greifen 24, 36, 50, 90.;129;a;gruipen;no;confirmed;;no
lr_0129_012;gruis;greis;gruis;greis (bejahrt), grau;;gruis=greis.;129;a;;no;confirmed;corrected;no
lr_0129_013;gruisegråite, f.;Buttermilchssuppe;gruisegråite, f.;Buttermilchssuppe;57;gruisegråite, f.=Buttermilchssuppe 57.;129;a;;no;confirmed;;no
lr_0129_014;gruiſegrå̂len;prahlen, peitschen, knallen;gruiſegrå̂len;prahlen, peitschen, knallen;96;gruiſegrå̂len=prahlen, peitschen, knallen 96.;129;a;;no;confirmed;;no
lr_0129_015;grummeln;fernherdonnern;grummeln;fernherdonnern;8, 66;grummeln=fernherdonnern 8, 66.;129;a;;no;confirmed;;no
lr_0129_016;grummet, f.;Grummet;grummet, f.;Grummet (zweite Heuernte);8;grummet, f.=Grummet 8.;129;a;;no;confirmed;corrected;no
lr_0129_017;grut, m.;Kies, Schutt;grut, m.;Kies, Schutt;66;grut, m.=Kies, Schutt 66.;129;a;;no;confirmed;;no
lr_0129_018;grüw;grau;grüw;grau;52, 53;grüw=grau 52, 53.;129;a;;no;confirmed;;no
lr_0129_019;grüwwelik;graulich;grüwwelik;graulich;52;grüwwelik=graulich 52.;129;a;;no;confirmed;;no
lr_0129_020;grüwwen, grüggen, sik;sich grauen lassen, sich fürchten;grüwwen, grüggen, sik;sich grauen lassen, sich fürchten;13, 52, 95;grüwwen, grüggen, sik=sich grauen lassen, sich fürchten 13, 52, 95.;129;a;grüggen;no;confirmed;;no
lr_0129_021;guade, f.;Gosse;guade, f.;Gosse;55;guade, f.=Gosse 55.;129;a;;no;confirmed;;no
lr_0129_022;güaweln;sich brechen;güaweln;sich brechen, sich übergeben;39, 99;güaweln=sich brechen 39, 99.;129;a;;no;corrected;;no
lr_0129_023;guidel, gādetl;Ausdruck, der etwa besagt: Der Verschwender geräth in Noth;guidel, gādetl;Ausdruck, der etwa besagt: Der Verschwender geräth in Noth;;guidel, gādetl, Ausdruck, der etwa besagt: Der Verschwender geräth in Noth.;129;a;;yes;confirmed;;no
lr_0129_024;guiſe, to guiſe gīben;zum Geschenk geben;guiſe, to guiſe gīben;zum Geschenk geben;;guiſe, to guiſe gīben=zum Geschenk geben.;129;a;;no;confirmed;;no
lr_0129_025;gulden, m.;Gulden;gulden, m.;Gulden;42, 66;gulden, m.=Gulden 42, 66.;129;a;;no;confirmed;;no
lr_0129_026;gum;„o gum, o gum! oh Wunder! eigentlich o Mann!“;gum;„o gum, o gum! oh Wunder! eigentlich o Mann!“.;;gum. „o gum, o gum! oh Wunder! eigentlich o Mann!“;129;a;;no;confirmed;;no
lr_0129_027;günnen;1) gönnen, 2) durch Mundöffnen begehren (zu essen);günnen;1) gönnen, 2) durch Mundöffnen begehren (zu essen);13, 95, 102;günnen=1) gönnen, 2) durch Mundöffnen begehren (zu essen) 13, 95, 102.;129;a;;no;confirmed;;no
lr_0129_028;günſeln;winseln;günſeln;winseln;46, 53, 61, 66;günſeln=winseln 46, 53, 61, 66.;129;a;;no;confirmed;;no
lr_0129_029;güöde, f.;Guss (Regen);güöde, f.;Guss (Regen);;güöde, f.=Guss (Regen).;129;a;;no;confirmed;;no
lr_0129_030;güölen (üe);ergiebig sein, „der rogge güölt geot.“;güölen (üe);ergiebig sein, „de rogge güölt geot.“;40, 66, 97;güölen (üe)=ergiebig sein, „der rogge güölt geot.“ 40, 66, 97.;129;a;;no;confirmed;corrected;no
lr_0129_031;güölich;ergiebig;güölich;ergiebig;;güölich=ergiebig.;129;a;;no;confirmed;;no
lr_0129_032;*güsse;nicht milch (Kuh);güsse;nicht milchende Kuh;60;*güsse=nicht milch (Kuh) 60.;129;b;;no;corrected;;no
lr_0129_033;guüde, f.;Giesschaufel, auf der Bleiche;guüde, f.;Gießschaufel, auf der Bleiche;;guüde, f.=Giesschaufel, auf der Bleiche.;129;b;;no;corrected;;no
lr_0129_034;hä!;pfui;hä!;pfui;83;hä!=pfui 83.;129;b;;no;confirmed;;no
lr_0129_035;habbeln;hastig und undeutlich sprechen;habbeln;hastig und undeutlich sprechen;;habbeln=hastig und undeutlich sprechen.;129;b;;no;confirmed;;no
lr_0129_036;häbben, -wwen;haben;häbben, häwwen;haben;9, 11, 48, 52, 69, 101;häbben, -wwen=haben 9, 11, 48, 52, 69, 101.;129;b;häwwen;no;confirmed;;no
lr_0129_037;hâboeken, f.;Hagebuche;hâboeken, f.;Hagebuche;64;hâboeken, f.=Hagebuche 64.;129;b;;no;confirmed;;no
lr_0129_038;hâboeken, adj.;hagebuchen;hâboeken, adj.;hagebuchen;17;hâboeken, adj.=hagebuchen 17.;129;b;;no;confirmed;;no
lr_0129_039;*Habütkenlant, n.;Scheltw. für das Stift Osnabrück, Hundetürkei;Habütkenlant, n.;Scheltw. für das Stift Osnabrück, Hundetürkei;64;*Habütkenlant, n. Scheltw. für das Stift Osnabrück, Hundetürkei 64.;129;b;;no;confirmed;;no
lr_0129_040;håf, m.;Hof;håf, m.;Hof;2, 38, 39, 48, 52;håf, m.=Hof 2, 38, 39, 48, 52.;129;b;;no;confirmed;;no
lr_0129_041;hāfk, m.;Habicht. „hāfk, hāfk, kuükendåif! — hät sin’ fāer un moem’ nich låif!“;hāfk, m.;Habicht. „hāfk, hāfk, kuükendåif! - hät sin’ fāer un moem’ nich låif!“.;15, 51, 65;hāfk, m.=Habicht. „hāfk, hāfk, kuükendåif! — hät sin’ fāer un moem’ nich låif!“ 15, 51, 65.;129;b;;no;confirmed;;no
lr_0129_042;hāge, -en, m.;Hecke, Hag;hāge, hagen, m.;Hecke, Hag;75;hāge, -en, m.=Hecke, Hag 75.;129;b;hāge;no;confirmed;;no
lr_0129_043;hāgetuls, hāgedrül, m.;Drüse;hāgetuls, hāgedrül, m.;Drüse;;hāgetuls, hāgedrül, m.=Drüse.;129;b;;yes;confirmed;;no
lr_0129_044;haha!;aha!;haha!;aha!;6, 83;haha!=aha! 6, 83.;129;b;;no;confirmed;;no
lr_0129_045;håi, he;er;håi, he;er;81;håi, he=er 81.;129;b;he;no;confirmed;;no
lr_0129_046;håiden, stv.;heiſsen;håiden, stv.;heißen;9, 10, 24, 25, 56, 58, 92;håiden, stv.=heiſsen 9, 10, 24, 25, 56, 58, 92.;129;b;;no;confirmed;;no
lr_0129_047;håil, håile, adj.;heil;håil, håile, adj.;heil;80;håil, håile, adj.=heil 80.;129;b;håil;no;confirmed;;no
lr_0129_048;hain, haien, f.;Hede;hain, haien, f.;Hede;24, 54, 76;hain, haien, f.=Hede 24, 54, 76.;129;b;hain;no;confirmed;;no
lr_0129_049;håi'n, f.;die Heide, Heidekraut;håi'n, f.;die Heide, Heidekraut;25, 54, 76;håi'n, f.=die Heide, Heidekraut 25, 54, 76.;129;b;;no;confirmed;;no
lr_0129_050;hainsk;übelnehmisch;hainsk;übelnehmisch;24;hainsk=übelnehmisch 24.;129;b;;no;confirmed;;no
lr_0129_051;hair', m.;Herr;hair', m.;Herr;24, 76;hair', m.=Herr 24, 76.;129;b;;no;confirmed;;no
lr_0129_052;håir, n.;Heer;håir, n.;Heer;26;håir, n.=Heer 26.;129;b;;no;confirmed;;no
lr_0129_053;Håirm';hd. Heermann, Fam.-Name;Håirm';hd. Heermann, Fam.-Name;26;Håirm', hd. Heermann, Fam.-Name 26.;129;b;;no;confirmed;;no
lr_0129_054;hair'nk, m.;Häring;hair'nk, m.;Hering;43;hair'nk, m.=Häring 43.;129;b;;no;confirmed;;no
lr_0129_055;*hairräuk, m.;Moorrauch;hairräuk, m.;Moorrauch;;*hairräuk, m.=Moorrauch,;129;b;;no;confirmed;;no
lr_0129_056;hairt, m.;Heerd;hairt, m.;Heerd;;hairt, m.=Heerd.;129;b;;no;confirmed;;no
lr_0129_057;håiſsāpen;heiſs athmen, keuchen;håißāpen;heiß athmen, keuchen;58;håiſsāpen=heiſs athmen, keuchen 58.;129;b;;no;confirmed;;no
lr_0129_058;haister, f.;junge Buche;haister, f.;junge Buche;24, 64;haister, f.=junge Buche 24, 64.;129;b;;no;confirmed;;no
lr_0129_059;håistrich;heiser;håistrich;heiser;25;håistrich=heiser 25.;129;b;;no;confirmed;;no
lr_0129_060;hackelduür, n.;Gericht aus gehackter Leber und Lunge (veraltet);hackelduür, n.;Gericht aus gehackter Leber und Lunge (veraltet);;hackelduür, n.=Gericht aus gehackter Leber und Lunge (veraltet).;129;b;;no;confirmed;;no
lr_0129_061;hāl, n.;Kesselhaken;hāl, n.;Kesselhaken;;hāl, n.=Kesselhaken.;129;b;;no;confirmed;;no
lr_0129_062;hål, n.;Loch;hål, n.;Loch;12, 73;hål, n.=Loch 12, 73.;129;b;;no;confirmed;;no
lr_0129_063;hål;hohl;hål;hohl;12, 38;hål=hohl 12, 38.;129;b;;no;confirmed;;no
lr_0129_064;hālen;holen;hālen;holen;14, 15;hālen=holen 14, 15.;129;b;;no;confirmed;;no
lr_0129_065;hali-haleo!;Interj.;hali-haleo!;Interj.;83;hali-haleo! Interj. 83.;129;b;;no;confirmed;;no
hr_0130_001;hälfken, n.;ein halber Ort (Hohlmaſs);hälfken, n.;ein halber Ort (Hohlmaß);51;hälfken, n.=ein halber Ort (Hohlmaſs) 51.;130;a;;no;confirmed;;no
hr_0130_002;hälfte, f.;Hälfte;hälfte, f.;Hälfte;74;hälfte, f.=Hälfte 74.;130;a;;no;confirmed;;no
hr_0130_003;Halle, de, f.;Halle i. Westf.;Halle, de, f.;Halle i. Westf;74;Halle, de, f.=Halle i. Westf. 74.;130;a;;no;confirmed;;no
hr_0130_004;halm, m.;Halm;halm, m.;Halm;42;halm, m.=Halm 42.;130;a;;no;confirmed;;no
hr_0130_005;hälpen, stv.;helfen;hälpen, stv.;helfen;11, 13, 14, 42, 86;hälpen, stv.=helfen 11, 13, 14, 42, 86.;130;a;;no;confirmed;;no
hr_0130_006;hals, m.;Hals;hals, m.;Hals;42, 61;hals, m.=Hals 42, 61.;130;a;;no;confirmed;;no
hr_0130_007;halwe, f.;die Seite;halwe, f.;die Seite;48;halwe, f.=die Seite 48.;130;a;;no;confirmed;;no
hr_0130_008;hälwäch, m.;groſse Landstraſse;hälwäch, m.;große Landstraße;;hälwäch, m.=groſse Landstraſse.;130;a;;no;confirmed;;no
hr_0130_009;ham, m.;1) eine Wiese, 2) ein Fischnetz;ham, m.;1) eine Wiese, 2) ein Fischnetz;6, 72;ham, m.=1) eine Wiese, 2) ein Fischnetz 6, 72.;130;a;;no;confirmed;;no
hr_0130_010;hāmel, m.;Hammel;hāmel, m.;Hammel;37;hāmel, m.=Hammel 37.;130;a;;no;confirmed;;no
hr_0130_011;hāmer, m.;Hammer;hāmer, m.;Hammer;15, 77;hāmer, m.=Hammer 15, 77.;130;a;;no;confirmed;;no
hr_0130_012;hå̂merken, n.;Hummel auch Hornisse;hå̂merken, n.;Hummel auch Hornisse;8, 46;hå̂merken, n.=Hummel auch Hornisse 8, 46.;130;a;;no;confirmed;;no
hr_0130_013;hamp, m.;Hanf;hamp, m.;Hanf;45;hamp, m.=Hanf 45.;130;a;;no;confirmed;;no
hr_0130_014;hampern;hapern;hampern;hapern;69, 98;hampern=hapern 69, 98.;130;a;;no;confirmed;;no
hr_0130_015;hanåirken, fan åir;vorhin, früher;hanåirken, fan åir;vorhin, früher;;hanåirken, fan åir=vorhin, früher.;130;a;;no;confirmed;;no
hr_0130_016;hand-iule, f.;Uhle;hand-iule, f.;Uhle (Handfeger);30;hand-iule, f.=Uhle 30.;130;a;;no;corrected;;no
hr_0130_017;hāne, m.;Hahn;hāne, m.;Hahn;15, 75;hāne, m.=Hahn 15, 75.;130;a;;no;confirmed;;no
hr_0130_018;hangen (ä), stv.;hangen, henken;hangen (ä), stv.;hangen, henken;6, 9, 14, 92;hangen (ä), stv.=hangen, henken 6, 9, 14, 92.;130;a;;no;confirmed;;no
hr_0130_019;hānich, m.;Honig;hānich, m.;Honig;15;hānich, m.=Honig 15.;130;a;;no;corrected;;no
hr_0130_020;hännich;handlich, flink;hännich;handlich, flink;46, 67;hännich=handlich, flink 46, 67.;130;a;;no;confirmed;;no
hr_0130_021;happen;schnappen nach;happen;schnappen nach;95;happen=schnappen nach 95.;130;a;;no;confirmed;;no
hr_0130_022;happen, m.;Bissen;happen, m.;Bissen;;happen, m.=Bissen.;130;a;;no;confirmed;;no
hr_0130_023;hārde, hatte, n.;Herz;hārde, hatte, n.;Herz;19, 44, 77;hārde, hatte, n.=Herz 19, 44, 77.;130;a;hatte;no;confirmed;;no
hr_0130_024;hārde, hārt;hart, sehr;hārde, hārt;hart, sehr;;hārde, hārt=hart, sehr.;130;a;hārt;no;confirmed;;no
hr_0130_025;hārdel, n.;das Herz des Flachsstengels;hārdel, n.;das Herz des Flachsstengels;19, 78;hārdel, n.=das Herz des Flachsstengels 19, 78.;130;a;;no;confirmed;;no
hr_0130_026;hå̄rst, f.;die Horst;hå̄rst, f.;die Horst (gerodete Fläche);44;hå̄rst, f.=die Horst 44.;130;a;;no;confirmed;;no
hr_0130_027;hāſe, m.;Hase;hāſe, m.;Hase;15, 75;hāſe, m.=Hase 15, 75.;130;a;;no;confirmed;;no
hr_0130_028;hasmunt, m.;Hasenscharte;hasmunt, m.;Hasenscharte;;hasmunt, m.=Hasenscharte.;130;a;;no;confirmed;;no
hr_0130_029;hasten;eilen;hasten;eilen;;hasten=eilen.;130;a;;no;confirmed;;no
hr_0130_030;häuge;hoch;häuge;hoch;28, 69, 80;häuge=hoch 28, 69, 80.;130;a;;no;confirmed;;no
hr_0130_031;häuchmeot, m.;Groſsmuth;häuchmeot, m.;Großmuth;27;häuchmeot, m.=Groſsmuth 27.;130;a;;no;confirmed;;no
hr_0130_032;häuchstünſerken, n.;Stutzer;häuchstünſerken, n.;Stutzer (eitler Mann);;häuchstünſerken, n.=Stutzer.;130;a;;no;confirmed;corrected;no
hr_0130_033;håüch, n.;Heu;håüch, n.;Heu;67, 68, 73;håüch, n.=Heu 67, 68, 73.;130;a;;no;confirmed;;no
hr_0130_034;håüchte, f.;Höhe;håüchte, f.;Höhe;10, 58;håüchte, f.=Höhe 10, 58.;130;a;;no;confirmed;;no
hr_0130_035;Häujjel;Hoyel, Ortsname;Hoijjel;Hoyel, Ortsname;68;Häujjel, Hoyel, Ortsname 68.;130;a;;no;corrected;;no
hr_0130_036;häujānen;gähnen;häujānen;gähnen;;häujānen=gähnen.;130;a;;no;confirmed;;no
hr_0130_037;häulen, stv.;halten;häulen, stv.;halten;25, 28, 92;häulen, stv.=halten 25, 28, 92.;130;a;;no;confirmed;;no
hr_0130_038;häup, haupe, n.;Haufe;häup, haupe, n.;Haufe;3, 72;häup, haupe, n.=Haufe 3, 72.;130;a;haupe;no;confirmed;;no
hr_0130_039;häur, n.;Haar;häur, n.;Haar;73;häur, n.=Haar 73.;130;a;;no;confirmed;;no
hr_0130_040;håür'n;hören;håür'n;hören;44;håür'n=hören 44.;130;a;;no;confirmed;;no
hr_0130_041;håurn'k, m.;Hornisse;håurn'k, m.;Hornisse;72;håurn'k, m.=Hornisse 72.;130;a;;no;confirmed;;no
hr_0130_042;häurn, n.;Horn;häurn, n.;Horn;20, 73;häurn, n.=Horn 20, 73.;130;b;;no;confirmed;;no
hr_0130_043;hāwer, m.;Hafer;hāwer, m.;Hafer;52;hāwer, m.=Hafer 52.;130;b;;no;confirmed;;no
hr_0130_044;heffen;keuchen;heffen;keuchen;51, 95;heffen=keuchen 51, 95.;130;b;;no;confirmed;;no
hr_0130_045;hegge, f.;Waldsaum, Hag;hegge, f.;Waldsaum, Hag;9, 74;hegge, f.=Waldsaum, Hag 9, 74.;130;b;;no;confirmed;;no
hr_0130_046;hecht, n.;das Bund;hecht, n.;das Bund;73;hecht, n.=das Bund 73.;130;b;;no;confirmed;;no
hr_0130_047;hek, hecke, n.;Pforte, Hofthür;hek, hecke, n.;Pforte, Hofthür;73;hek, hecke, n.=Pforte, Hofthür 73.;130;b;hek;no;confirmed;;no
hr_0130_048;hemstrich;heiser;hemstrich;heiser;;hemstrich=heiser.;130;b;;no;confirmed;;no
hr_0130_049;hengede, f.;Thürangel;hengede, f.;Thürangel;;hengede, f.=Thürangel.;130;b;;no;confirmed;;no
hr_0130_050;heorn, f.;"Hure; „heorn un sneorn“=Huren und Landstreicher";heorn, f.;"Hure; „heorn un sneorn“=Huren und Landstreicher";33;"heorn, f.=Hure; „heorn un sneorn“=Huren und Landstreicher 33.";130;b;;no;corrected;;no
hr_0130_051;heoſse, m.;Husten;heoße, m.;Husten;33, 75;heoſse, m.=Husten 33, 75.;130;b;;no;confirmed;;no
hr_0130_052;heot, m.;Hut;heot, m.;Hut;27, 33;heot, m.=Hut 27, 33.;130;b;;no;confirmed;;no
hr_0130_053;Heowe;Hufe (Flurname);Heowe;Hufe (Flurname);48, 52;Heowe, Hufe (Flurname) 48, 52.;130;b;;no;confirmed;;no
hr_0130_054;hespe, f.;die Häspe;hespe, f.;die Häspe (eiserner Türhaken);;hespe, f.=die Häspe.;130;b;;no;corrected;;no
hr_0130_055;hessen, de bluinen h.;die Bremsfliege, Hessenfliege, tabanus;hessen, de bluinen h.;die Bremsfliege, Hessenfliege, tabanus;;hessen, de bluinen h.=die Bremsfliege, Hessenfliege, tabanus.;130;b;;no;confirmed;;no
hr_0130_056;hewwen, m.;Himmel, Wolken (selten);hewwen, m.;Himmel, Wolken (selten);9, 52;hewwen, m.=Himmel, Wolken (selten) 9, 52.;130;b;;no;confirmed;;no
hr_0130_057;hiakt, m.;Hecht;hiakt, m.;Hecht;58, 65;hiakt, m.=Hecht 58, 65.;130;b;;no;confirmed;;no
hr_0130_058;hiar;her;hiar;her;36;hiar=her 36.;130;b;;no;confirmed;;no
hr_0130_059;hiarbiarge, f.;Herberge;hiarbiarge, f.;Herberge;36;hiarbiarge, f.=Herberge 36.;130;b;;no;confirmed;;no
hr_0130_060;Hiargåt;Herrgott;Hiargåt;Herrgott;37;Hiargåt=Herrgott 37.;130;b;;no;confirmed;;no
hr_0130_061;hiark, m.;Hederich, rhaphanus raph.;hiark, m.;Hederich, rhaphanus raph.;37, 54;hiark, m.=Hederich, rhaphanus raph. 37, 54.;130;b;;no;corrected;;no
hr_0130_062;hiarm, m.;der Bock, Spitzname;hiarm, m.;der Bock, Spitzname;37, 69;hiarm, m.=der Bock, Spitzname 37, 69.;130;b;;no;confirmed;;no
hr_0130_063;Hiarm;"Hermann; „Hiarmken-stairt“ als Sch.";Hiarm;"Hermann; „Hiarmkenstairt“ als Sch.";36;"Hiarm=Hermann; „Hiarmken-stairt“ als Sch. 36.";130;b;;no;confirmed;corrected;no
hr_0130_064;hiarmken, n.;Wiesel;hiarmken, n.;Wiesel;36, 44;hiarmken, n.=Wiesel 36, 44.;130;b;;no;confirmed;;no
hr_0130_065;hiarmstern;prügeln;hiarmstern;prügeln;37, 99;hiarmstern=prügeln 37, 99.;130;b;;no;confirmed;;no
hr_0130_066;hiaſel, m.;Hasel;hiaſel, m.;Hasel;37;hiaſel, m.=Hasel 37.;130;b;;no;confirmed;;no
hr_0130_067;hidde, f.;Hitze;hidde, f.;Hitze;56;hidde, f.=Hitze 56.;130;b;;no;confirmed;;no
hr_0130_068;hidderich;hastig, bissig;hidderich;hastig, bissig;;hidderich=hastig, bissig.;130;b;;no;confirmed;;no
hr_0130_069;hiemde, n.;Hemd;hiemde, n.;Hemd;77;hiemde, n.=Hemd 77.;130;b;;no;confirmed;;no
hr_0130_070;hiemel, m.;Himmel, auch de lucht, selten hewwen;hiemel, m.;Himmel, auch de lucht, selten hewwen;35;hiemel, m.=Himmel, auch de lucht, selten hewwen 35.;130;b;;no;confirmed;;no
hr_0130_071;hiewenschiaet, et;die Sonne steht hinter einzelnen Wolken;hiewenschiaet, et;die Sonne steht hinter einzelnen Wolken;;hiewenschiaet, et=die Sonne steht hinter einzelnen Wolken.;130;b;;no;confirmed;;no
hr_0130_072;hīger, m.;Heher;hīger, m.;Häher;15, 63;hīger, m.=Heher 15, 63.;130;b;;no;corrected;;no
hr_0130_073;hicken, sik;sich niederlegen;hicken, sik;sich niederlegen;;hicken, sik=sich niederlegen.;130;b;;no;confirmed;;no
hr_0130_074;hiljenbelt, n.;Heiligenbild;hiljenbelt, n.;Heiligenbild;42, 64;hiljenbelt, n.=Heiligenbild 42, 64.;130;b;;no;confirmed;;no
hr_0130_075;hille;eilig;hille;eilig;;hille=eilig.;130;b;;no;confirmed;;no
hr_0130_076;hille-bille släun;vgl. „stokfisk buoken“.;hille-bille släun;vgl. „stokfisk buoken“.;;hille-bille släun, vgl. „stokfisk buoken“.;130;b;;no;confirmed;;no
hr_0130_077;hilligen, hilken, sik;sich verheirathen;hilligen, hilken, sik;sich verheirathen;8;hilligen, hilken, sik=sich verheirathen 8.;130;b;hilken;no;confirmed;;no
hr_0130_078;himp-hamp, m.;Hindernis;himp-hamp, m.;Hindernis;7, 50;himp-hamp, m.=Hindernis 7, 50.;130;b;;no;confirmed;;no
hr_0131_001;hingest, m.;Hengst;hingest, m.;Hengst;7, 63;hingest, m.=Hengst 7, 63.;131;a;;no;confirmed;;no
hr_0131_002;Hinnak;Heinrich;Hinnak;Heinrich;45;Hinnak=Heinrich 45.;131;a;;no;confirmed;;no
hr_0131_003;hinner, m.;Hindernis;hinner, m.;Hindernis;78;hinner, m.=Hindernis 78.;131;a;;no;confirmed;;no
hr_0131_004;hippe, hitte, f.;Ziege (verächtlich);hippe, hitte, f.;Ziege (verächtlich);50, 57, 69;hippe, hitte, f.=Ziege (verächtlich) 50, 57, 69.;131;a;hitte;no;confirmed;;no
hr_0131_005;hīrsk, m.;Hirsch;hīrsk, m.;Hirsch;44;hīrsk, m.=Hirsch 44.;131;a;;no;confirmed;;no
hr_0131_006;hīrn, n.;Gehirn;hīrn, n.;Gehirn;20;hīrn, n.=Gehirn 20.;131;a;;no;confirmed;;no
hr_0131_007;hissen;hetzen;hissen;hetzen;7, 60;hissen=hetzen 7, 60.;131;a;;no;confirmed;;no
hr_0131_008;hiuk, m.;das geschwollene Zäpfchen;hiuk, m.;das geschwollene Zäpfchen;30;hiuk, m.=das geschwollene Zäpfchen 30.;131;a;;no;confirmed;;no
hr_0131_009;hiuken;niederhocken;hiuken;niederhocken;27, 29, 97;hiuken=niederhocken 27, 29, 97.;131;a;;no;confirmed;;no
hr_0131_010;hiulen;heulen;hiulen;heulen;29, 97;hiulen=heulen 29, 97.;131;a;;no;confirmed;;no
hr_0131_011;hius, f.;Haus;hius, f.;Haus;29, 61;hius, f.=Haus 29, 61.;131;a;;no;confirmed;;no
hr_0131_012;hiushåime, f.;das Heim;hiushåime, f.;das Heim;25, 74;hiushåime, f.=das Heim 25, 74.;131;a;;no;confirmed;;no
hr_0131_013;hiut, f.;Haut;hiut, f.;Haut;54;hiut, f.=Haut 54.;131;a;;no;confirmed;;no
hr_0131_014;hobben, höbben, -wwen;hauen;hobben, höbben, höwwen;hauen;11, 48, 52, 95;hobben, höbben, -wwen=hauen 11, 48, 52, 95.;131;a;hobben | höwwen;no;confirmed;;no
hr_0131_015;hodde, f.;geronnene Milch;hodde, f.;geronnene Milch;56;hodde, f.=geronnene Milch 56.;131;a;;no;confirmed;;no
hr_0131_016;hoe!;ho heh!;hoe!;ho heh!;83;hoe!=ho heh! 83.;131;a;;no;confirmed;;no
hr_0131_017;hoeen;hüten;hoeen;hüten;34, 55, 97, 100;hoeen=hüten 34, 55, 97, 100.;131;a;;no;confirmed;;no
hr_0131_018;hoeke, f.;Weiber-, Trauermantel (Kapuze);hoeke, f.;Weiber-, Trauermantel (Kapuze);34, 76;hoeke, f.=Weiber-, Trauermantel (Kapuze) 34, 76.;131;a;;no;confirmed;;no
hr_0131_019;hoenken, n.;Hühnchen;hoenken, n.;Hühnchen;47;hoenken, n.=Hühnchen 47.;131;a;;no;confirmed;;no
hr_0131_020;hollåijjen, f.;Allee;hollåijjen, f.;Allee;68;hollåijjen, f.=Allee 68.;131;a;;no;confirmed;;no
hr_0131_021;holdduissel, m. hollern, pl.;Stechpalme;holdduissel, m. hollern, pl.;Stechpalme;;holdduissel, m. hollern, pl.=Stechpalme.;131;a;hollern;no;confirmed;;no
hr_0131_022;holske, m.;Holzschuh;holske, m.;Holzschuh;58, 60;holske, m.=Holzschuh 58, 60.;131;a;;no;confirmed;;no
hr_0131_023;holster;der Ranzen, plumpe Dirne;holster;1) der Ranzen, 2) plumpe Dirne;;holster=der Ranzen, plumpe Dirne.;131;a;;no;confirmed;corrected;no
hr_0131_024;holt, n.;Holz;holt, n.;Holz;58, 77;holt, n.=Holz 58, 77.;131;a;;no;confirmed;;no
hr_0131_025;hölten;hölzern;hölten;hölzern;80;hölten=hölzern 80.;131;a;;no;confirmed;;no
hr_0131_026;holt-schrå̂f, m.;Häher;holt-schrå̂f, m.;Häher;51, 62;holt-schrå̂f, m.=Häher 51, 62.;131;a;;no;confirmed;;no
hr_0131_027;höltke, pl.;Holzäpfel;höltke, pl.;Holzäpfel;72;höltke, pl.=Holzäpfel 72.;131;a;;no;confirmed;;no
hr_0131_028;hop, m.;Hüfte, Höcker;hop, m.;Hüfte, Höcker;10, 50;hop, m.=Hüfte, Höcker 10, 50.;131;a;;no;confirmed;;no
hr_0131_029;hot un hā;links und rechts;hot un hā;rechts und links;69;hot un hā=links und rechts 69.;131;a;;no;corrected;checked_no_change;no
hr_0131_030;hüalen;höhlen;hüalen;höhlen;39, 97;hüalen=höhlen 39, 97.;131;a;;no;confirmed;;no
hr_0131_031;huapen;hoffen;huapen;hoffen;10, 38, 45, 49, 70, 94, 97;huapen=hoffen 10, 38, 45, 49, 70, 94, 97.;131;a;;no;confirmed;;no
hr_0131_032;hudderich;(zum Verstecken) kalt;hudderich;(zum Verstecken) kalt;8;hudderich=(zum Verstecken) kalt 8.;131;a;;no;confirmed;;no
hr_0131_033;huffen;dumpf bellen;huffen;dumpf bellen;8, 95;huffen=dumpf bellen 8, 95.;131;a;;no;confirmed;;no
hr_0131_034;*hucht, f.;Strauch, Busch;hucht, f.;Strauch, Busch;8, 67, 74;*hucht, f.=Strauch, Busch 8, 67, 74.;131;a;;no;confirmed;;no
hr_0131_035;huigen;keuchen;huigen;keuchen;96;huigen=keuchen 96.;131;a;;no;confirmed;;no
hr_0131_036;huigen, huijen up;sinnen auf;huigen, huijen up;sinnen auf;32, 63, 96;huigen, huijen up=sinnen auf 32, 63, 96.;131;a;huijen up;no;confirmed;;no
hr_0131_037;huile, f.;die Hilde;huile, f.;die Hilde (halbhoher Vorratsraum an der Deele);32, 76;huile, f.=die Hilde 32, 76.;131;a;;no;corrected;;no
hr_0131_038;huir;hier;huir;hier;32;huir=hier 32.;131;a;;no;confirmed;;no
hr_0131_039;hulbern;heulen, weinen;hulbern;heulen, weinen;8, 99;hulbern=heulen, weinen, 8, 99.;131;a;;no;confirmed;;no
hr_0131_040;hülke, f.;Kindermütze;hülke, f.;Kindermütze;;hülke, f.=Kindermütze.;131;a;;no;confirmed;;no
hr_0131_041;hülſe, hülskrabben, f.;Stechpalme, Hülse;hülſe, hülskrabben, f.;Stechpalme, Hülse;48, 61;hülſe, hülskrabben, f.=Stechpalme, Hülse 48, 61.;131;b;;no;confirmed;;no
hr_0131_042;hummek, m.;die Hummel;hummek, m.;die Hummel;72;hummek, m.=die Hummel 72.;131;b;;no;confirmed;;no
hr_0131_043;hümpel, m.;kleiner Haufen;hümpel, m.;kleiner Haufen;77;hümpel, m.=kleiner Haufen 77.;131;b;;no;confirmed;;no
hr_0131_044;hünkelbåin, n.;das Kernhaus;hünkelbåin, n.;das Kernhaus;13;hünkelbåin, n.=das Kernhaus 13.;131;b;;no;confirmed;;no
hr_0131_045;huokepot, m.;"irdenes Gefäſs mit Kohlen, als Feuerstübchen dienend; auch Sch. für einen weibischen Menschen";huokepot, m.;"irdenes Gefäß mit Kohlen, als Feuerstübchen dienend; auch Sch. für einen weibischen Menschen";;"huokepot, m.=irdenes Gefäſs mit Kohlen, als Feuerstübchen dienend; auch Sch. für einen weibischen Menschen.";131;b;;no;confirmed;;no
hr_0131_046;hüönsken, hünsken;beschwichtigen;hüönsken, hünsken;beschwichtigen;60, 69, 98;hüönsken, hünsken=beschwichtigen 60, 69, 98.;131;b;hüönsken;no;confirmed;;no
hr_0131_047;hupk, m.;Wiedehopf;hupk, m.;Wiedehopf;8;hupk, m.=Wiedehopf 8.;131;b;;no;confirmed;;no
hr_0131_048;huppe, f.;Pfeife der Kinder aus einem Roggenhalme;huppe, f.;Pfeife der Kinder aus einem Roggenhalme;;huppe, f.=Pfeife der Kinder aus einem Roggenhalme.;131;b;;no;confirmed;;no
hr_0131_049;huüen;verstecken;huüen;verstecken;8, 30, 54, 55, 58;huüen=verstecken 8, 30, 54, 55, 58.;131;b;;no;confirmed;;no
hr_0131_050;huücheln;heucheln;huücheln;heucheln;67, 98;huücheln=heucheln 67, 98.;131;b;;no;confirmed;;no
hr_0131_051;*huüne, m.;Hüne;huüne, m.;Hüne;30;*huüne, m.=Hüne 30.;131;b;;no;confirmed;;no
hr_0131_052;huür'n;miethen, heuern;huür'n;miethen, heuern;21, 44, 97;huür'n=miethen, heuern 21, 44, 97.;131;b;;no;confirmed;;no
hr_0131_053;hǖwel, m.;1) Hobel, 2) Hügel;hǖwel, m.;1) Hobel, 2) Hügel;17, 52;hǖwel, m.=1) Hobel, 2) Hügel 17, 52.;131;b;;no;confirmed;;no
hr_0131_054;iaben, iam;eben;iaben, iam;eben;36;iaben, iam=eben 36.;131;b;iaben;no;confirmed;;no
hr_0131_055;iadel;edel;iadel;edel;37;iadel=edel 37.;131;b;;no;confirmed;;no
hr_0131_056;iaden, stv.;essen;iaden, stv.;essen;24, 36, 37, 56, 87;iaden, stv.=essen 24, 36, 37, 56, 87.;131;b;;no;confirmed;;no
hr_0131_057;iage, iagede, f.;Egge;iage, iagede, f.;Egge;57, 63;iage, iagede, f.=Egge 57, 63.;131;b;iagede;no;confirmed;;no
hr_0131_058;iagedasse, f.;Eidechse;iagedasse, f.;Eidechse;6, 60;iagedasse, f.=Eidechse 6, 60.;131;b;;no;confirmed;;no
hr_0131_059;iak, m.;Eiter;iak, m.;Eiter;;iak, m.=Eiter.;131;b;;no;confirmed;;no
hr_0131_060;iakster, f.;Elster;iakster, f.;Elster;37, 64;iakster, f.=Elster 37, 64.;131;b;;no;confirmed;;no
hr_0131_061;iale, f.;Elle;iale, f.;Elle;37;iale, f.=Elle 37.;131;b;;no;confirmed;;no
hr_0131_062;iantke, pl.;Ente, Enten, vgl. ānt;iantke, pl.;Ente, Enten, vgl. ānt;37;iantke, pl.=Ente, Enten, vgl. ānt 37.;131;b;;no;confirmed;;no
hr_0131_063;iantkeflåt, iantkeblat, n.;Wasserlinse, lemna;iantkeflåt, iantkeblat, n.;Wasserlinse, lemna;;iantkeflåt, iantkeblat, n.=Wasserlinse, lemna.;131;b;iantkeblat;no;confirmed;;no
hr_0131_064;iarfte, f.;Erbse;iarfte, f.;Erbse;37, 44, 51, 75;iarfte, f.=Erbse 37, 44, 51, 75.;131;b;;no;confirmed;;no
hr_0131_065;iargern;ärgern;iargern;ärgern;44;iargern=ärgern 44.;131;b;;no;confirmed;;no
hr_0131_066;iarwe, m.;der Erbe;iarwe, m.;der Erbe;37, 44;iarwe, m.=der Erbe 37, 44.;131;b;;no;confirmed;;no
hr_0131_067;iawai, m.;Epheu;iawai, m.;Epheu;36;iawai, m.=Epheu 36.;131;b;;no;confirmed;;no
hr_0131_068;ieſel, m.;Esel;ieſel, m.;Esel;36, 77;ieſel, m.=Esel 36, 77.;131;b;;no;confirmed;;no
hr_0131_069;ichtens;irgend;ichtens;irgend;7, 67, 82;ichtens=irgend 7, 67, 82.;131;b;;no;confirmed;;no
hr_0131_070;ik, icke;ich;ik, icke;ich;65, 81;ik, icke=ich 65, 81.;131;b;icke;no;confirmed;;no
hr_0131_071;îken;aichen;îken;aichen;17, 96;îken=aichen 17, 96.;131;b;;no;confirmed;;no
hr_0131_072;Ilsebåin, Ibbåin;Ilse Benedictine, nach den Kirchenbüchern;Ilsebåin, Ibbåin;Ilse Benedictine, nach den Kirchenbüchern;7, 36;Ilsebåin, Ibbåin=Ilse Benedictine, nach den Kirchenbüchern 7, 36.;131;b;Ibbåin;no;confirmed;;no
hr_0131_073;imme, f.;Biene, Bienenstock;imme, f.;Biene, Bienenstock;74;imme, f.=Biene, Bienenstock 74.;131;b;;no;confirmed;;no
hr_0131_074;immedrås, m.;Hefe von Wachs und Honig;immedrås, m.;Hefe von Wachs und Honig;73;immedrås, m.=Hefe von Wachs und Honig 73.;131;b;;no;confirmed;;no
hr_0131_075;imt, n.;Frühstück;imt, n.;erstes Frühstück;7, 45;imt, n.=Frühstück 7, 45.;131;b;;no;confirmed;corrected;no
hr_0131_076;in, n.;das Heim;in, n.;das Heim;;in, n.=das Heim.;131;b;;no;confirmed;;no
hr_0132_001;inbelsk;eingebildet;inbelsk;eingebildet;60;inbelsk=eingebildet 60.;132;a;;no;confirmed;;no
hr_0132_002;inne;zu Hause;inne;zu Hause;9;inne=zu Hause 9.;132;a;;no;confirmed;;no
hr_0132_003;íntåch, m.;Querholz;íntåch, m.;Querholz;12;íntåch, m.=Querholz 12.;132;a;;no;confirmed;;no
hr_0132_004;inwǖrpel, m.;Fenster- u. Thürhaken zum Verschlieſsen.;inwǖrpel, m.;Fenster- u. Thürhaken zum Verschließen;;inwǖrpel, m.=Fenster- u. Thürhaken zum Verschlieſsen.;132;a;;no;confirmed;;no
hr_0132_005;īren, īrr'n;irren;īren, īrr'n;irren;20, 44, 96;īren, īrr'n=irren 20, 44, 96.;132;a;īren;no;confirmed;;no
hr_0132_006;īrlüchten, f.;Irrrlicht;īrlüchten, f.;Irrlicht;20;īrlüchten, f.=Irrrlicht 20.;132;a;;no;confirmed;;no
hr_0132_007;iule, f.;Eule;iule, f.;Eule;29;iule, f. Eule 29.;132;a;;no;confirmed;;no
hr_0132_008;iulenflucht, f.;die Abenddämmerung.;iulenflucht, f.;die Abenddämmerung;;iulenflucht, f.=die Abenddämmerung.;132;a;;no;confirmed;;no
hr_0132_009;iuſe;unser;iuſe;unser;30, 81;iuſe=unser 30, 81.;132;a;;no;confirmed;;no
hr_0132_010;iut, iude;aus;iut, iude;aus;9;iut, iude=aus 9.;132;a;;no;confirmed;;no
hr_0132_011;iutnajjen;reiſsaus nehmen.;iutnaijjen;reißaus nehmen;;iutnajjen=reiſsaus nehmen.;132;a;;no;corrected;;no
hr_0132_012;iutruaen;ausroden;iutruaen;ausroden;38;iutruaen=ausroden 38.;132;a;;no;confirmed;;no
hr_0132_013;iutspuiker, m.;Ausbuchtung;iutspuiker, m.;Ausbuchtung;32;iutspuiker, m.=Ausbuchtung 32.;132;a;;no;confirmed;;no
hr_0132_014;jāgen, stv.;jagen;jāgen, stv.;jagen;15, 33, 35, 89;jāgen, stv.=jagen 15, 33, 35, 89.;132;a;;no;confirmed;;no
hr_0132_015;jacht, f.;Jagd;jacht, f.;Jagd;67;jacht, f.=Jagd 67.;132;a;;no;confirmed;;no
hr_0132_016;jåider;jeder;jåider;jeder;26, 82;jåider=jeder 26, 82.;132;a;;no;confirmed;;no
hr_0132_017;jåinen, m.;Reihe von gemähtem Gras, so breit als die Sense reicht;jåinen, m.;Reihe von gemähtem Gras, so breit als die Sense reicht;25, 67;jåinen, m.=Reihe von gemähtem Gras, so breit als die Sense reicht 25, 67.;132;a;;no;confirmed;;no
hr_0132_018;jåinen;reichen mit der Sense. „wuit jåinen“;jåinen;reichen mit der Sense. „wuit jåinen“;96;jåinen=reichen mit der Sense. „wuit jåinen“ 96.;132;a;;no;confirmed;;no
hr_0132_019;jåiwe, adv.;leidlich, wohl, ziemlich;jåiwe, adv.;leidlich, wohl, ziemlich;26, 67;jåiwe, adv.=leidlich, wohl, ziemlich 26, 67.;132;a;;no;confirmed;;no
hr_0132_020;jåiwe, gaiwe, adj.;„gesund“;jåiwe, gaiwe, adj.;„gesund“;80;jåiwe, gaiwe, adj.=„gesund“ 80.;132;a;jåiwe;no;confirmed;;no
hr_0132_021;jäckern;reiten, keck, zum Vergnügen;jäckern;reiten, keck, zum Vergnügen;98;jäckern=reiten, keck, zum Vergnügen 98.;132;a;;no;confirmed;;no
hr_0132_022;jānen;gähnen, gaffen;jānen;gähnen, gaffen;15, 67, 96;jānen=gähnen, gaffen 15, 67, 96.;132;a;;no;confirmed;;no
hr_0132_023;jappen;schnappen;jappen;schnappen;50;jappen=schnappen 50.;132;a;;no;confirmed;;no
hr_0132_024;jas, a jas!;pfui!;jas, a jas!;pfui!;;jas, a jas!=pfui!;132;a;;no;confirmed;;no
hr_0132_025;jäu, jå;ja.;jäu, jå;ja;;jäu, jå=ja.;132;a;jå;no;confirmed;;no
hr_0132_026;jäur, n.;Jahr;jäur, n.;Jahr;34, 73;jäur, n.=Jahr 34, 73.;132;a;;no;confirmed;;no
hr_0132_027;jäusken;seufzen, ächzen;jäusken;seufzen, ächzen;99;jäusken=seufzen, ächzen 99.;132;a;;no;confirmed;;no
hr_0132_028;jawweln, jobbeln;jaulen;jawweln, jobbeln;jaulen;52, 67, 98;jawweln, jobbeln=jaulen 52, 67, 98.;132;a;jobbeln;no;confirmed;;no
hr_0132_029;jemmant;jemand;jemmant;jemand;83;jemmant=jemand 83.;132;a;;no;confirmed;;no
hr_0132_030;jeolen;schreien, johlen;jeolen;schreien, johlen;33, 96;jeolen=schreien, johlen 33, 96.;132;a;;no;confirmed;;no
hr_0132_031;Jeoljäger, m.;der wilde Jäger.;Jeoljäger, m.;der wilde Jäger;;Jeoljäger, m.=der wilde Jäger.;132;a;;no;confirmed;;no
hr_0132_032;jest, n.;Gest;jest, n.;Gest (Hefe);67;jest, n.=Gest 67.;132;a;;no;corrected;;no
hr_0132_033;jibbeln, jibbern;piepen, zirpen, zwitschern;jibbeln, jibbern;piepen, zirpen, zwitschern;67, 98;jibbeln, jibbern=piepen, zirpen, zwitschern 67, 98.;132;a;jibbeln;no;confirmed;;no
hr_0132_034;jiddejit!;pfui!;jiddejit!;pfui!;;jiddejit!=pfui!;132;a;;no;confirmed;;no
hr_0132_035;jidder, n.;Euter;jidder, n.;Euter;67;jidder, n.=Euter 67.;132;a;;no;confirmed;;no
hr_0132_036;jie;hm!;jie;hm!;35;jie=hm! 35.;132;a;;no;confirmed;;no
hr_0132_037;jient;dort;jient;dort;67, 82;jient=dort 67, 82.;132;a;;no;confirmed;;no
hr_0132_038;jichtens;vgl. ichtens;jichtens;vgl. ichtens;67;jichtens, vgl. ichtens 67.;132;a;;no;confirmed;;no
hr_0132_039;jippen;piepen von Vögeln;jippen;piepen von Vögeln;95;jippen=piepen von Vögeln 95.;132;a;;no;confirmed;;no
hr_0132_040;jiue;euer;jiue;euer;29, 30, 57, 81;jiue=euer 29, 30, 57, 81.;132;b;;no;confirmed;;no
hr_0132_041;jiuchen;juchzen;jiuchen;juchzen;29, 97;jiuchen=juchzen 29, 97.;132;b;;no;confirmed;;no
hr_0132_042;jiwwelich;schwatzhaft;jiwwelich;schwatzhaft;7;jiwwelich=schwatzhaft 7.;132;b;;no;confirmed;;no
hr_0132_043;joesken, m.;alte Münze, etwa 6 ₰;joesken, m.;alte Münze, etwa 6 ₰;;joesken, m.=alte Münze, etwa 6 ₰.;132;b;;no;confirmed;;no
hr_0132_044;juibern, pl.;Johannisbeeren, ribes rubrum.;juibern, pl.;Johannisbeeren, ribes rubrum;;juibern, pl.=Johannisbeeren, ribes rubrum.;132;b;;no;confirmed;;no
hr_0132_045;juimern;wimmern;juimern;wimmern;32, 67, 98;juimern=wimmern 32, 67, 98.;132;b;;no;confirmed;;no
hr_0132_046;jümmer;immer;jümmer;immer;67;jümmer=immer 67.;132;b;;no;confirmed;;no
hr_0132_047;jüö, jüe!;vorwärts!;jüö, jüe!;vorwärts!;40;jüö, jüe!=vorwärts! 40.;132;b;jüe!;no;confirmed;;no
hr_0132_048;jüöche, f.;Brühe.;jüöche, f.;Brühe;;jüöche, f.=Brühe.;132;b;;no;confirmed;;no
hr_0132_049;jüöken, jüeken;jucken;jüöken, jüeken;jucken;40, 97;jüöken, jüeken=jucken 40, 97.;132;b;jüöken;no;confirmed;;no
hr_0132_050;just;grade.;just;grade;;just=grade.;132;b;;no;confirmed;;no
hr_0132_051;kabben, f.;Kappe;kabben, f.;Kappe;76;kabben, f.=Kappe 76.;132;b;;no;confirmed;;no
hr_0132_052;kabutse, klabutse, kalbutse, f.;baufällige Hütte, Zimmerchen;kabutse, klabutse, kalbutse, f.;baufällige Hütte, Zimmerchen;43;kabutse, klabutse, kalbutse, f.=baufällige Hütte, Zimmerchen 43.;132;b;klabutse | kalbutse;no;confirmed;;no
hr_0132_053;kadde, f.;Katze;kadde, f.;Katze;56;kadde, f.=Katze 56.;132;b;;no;confirmed;;no
hr_0132_054;kådde, f.;Spanferkel.;kådde, f.;Spanferkel;;kådde, f.=Spanferkel.;132;b;;no;confirmed;;no
hr_0132_055;kåddeln;langsam kochen.;kåddeln;langsam kochen;;kåddeln=langsam kochen.;132;b;;no;confirmed;;no
hr_0132_056;kädderich;zänkisch.;kädderich;zänkisch;;kädderich=zänkisch.;132;b;;no;confirmed;;no
hr_0132_057;kådderich;zum Erbrechen geneigt.;kådderich;zum Erbrechen geneigt;;kådderich=zum Erbrechen geneigt.;132;b;;no;confirmed;;no
hr_0132_058;kāe, f.;Dohle.;kāe, f.;Dohle;;kāe, f.=Dohle.;132;b;;no;confirmed;;no
hr_0132_059;kaf, n.;Spreu;kaf, n.;Spreu;73;kaf, n.=Spreu 73.;132;b;;no;confirmed;;no
hr_0132_060;käffen;keifen, anbellen;käffen;keifen, anbellen;51, 95;käffen=keifen, anbellen 51, 95.;132;b;;no;confirmed;;no
hr_0132_061;käggeln, sick käckeln;sich zanken;käggeln, sick käckeln;sich zanken;63;käggeln, sick käckeln=sich zanken 63.;132;b;;no;confirmed;;no
hr_0132_062;kaicheln;keuchen, küsteln;kaicheln;keuchen, küsteln;64, 67;kaicheln=keuchen, küsteln 64, 67.;132;b;;no;confirmed;;no
hr_0132_063;kåin;kein;kåin;kein;83;kåin=kein 83.;132;b;;no;confirmed;;no
hr_0132_064;kair'n;umkehren, sich kehren an;kair'n;umkehren, sich kehren an;24, 96;kair'n=umkehren, sich kehren an 24, 96.;132;b;;no;confirmed;;no
hr_0132_065;kaiſe, m.;Käse;kaiſe, m.;Käse;24;kaiſe, m.=Käse 24.;132;b;;no;confirmed;;no
hr_0132_066;kåk, m.;Koch;kåk, m.;Koch;12;kåk, m.=Koch 12.;132;b;;no;confirmed;;no
hr_0132_067;kāl;kahl;kāl;kahl;14, 15;kāl=kahl 14, 15.;132;b;;no;confirmed;;no
hr_0132_068;kål, m.;Kohle;kål, m.;Kohle;72;kål, m.=Kohle 72.;132;b;;no;confirmed;;no
hr_0132_069;kalbastern;poltern;kalbastern;poltern;43;kalbastern=poltern 43.;132;b;;no;confirmed;;no
hr_0132_070;kalben;kalben;kalben;kalben;42;kalben=kalben 42.;132;b;;no;confirmed;;no
hr_0132_071;kalf, n.;Kalb;kalf, n.;Kalb;51, 52;kalf, n.=Kalb 51, 52.;132;b;;no;confirmed;;no
hr_0132_072;Kallīne;Karoline;Kallīne;Karoline;45;Kallīne=Karoline 45.;132;b;;no;confirmed;;no
hr_0132_073;kam, m.;Kamm;kam, m.;Kamm;47;kam, m.=Kamm 47.;132;b;;no;;;no
hr_0132_074;kāmerfak, n.;vergl. achterkiamsel, üawerkiamsel.;kāmerfak, n.;"Wohnbereich im Bauernhaus; vergl. achterkiarmsel, üawerkiarmsel";;kāmerfak, n. vergl. achterkiamsel, üawerkiamsel.;132;b;;no;confirmed;corrected;no
hr_0132_075;kāmern, f.;Kammer.;kāmern, f.;Kammer;;kāmern, f. Kammer.;132;b;;no;confirmed;;no
hr_0132_076;kamp, m.;der Kamp, umfriedigtes Feld, Wald;kamp, m.;der Kamp, umfriedigtes Feld, Wald;45, 64;kamp, m.=der Kamp, umfriedigtes Feld, Wald 45, 64.;132;b;;no;confirmed;;no
hr_0132_077;kanalje, karnalje, f.;Canaille;kanalje, karnalje, f.;Canaille;45;kanalje, karnalje, f.=Canaille 45.;132;b;karnalje;no;confirmed;;no
hr_0132_078;kanse, f.;Gelegenheit;kanse, f.;Gelegenheit;46;kanse, f.=Gelegenheit 46.;132;b;;no;confirmed;;no
hr_0132_079;kante, f.;Ecke, Gegend.;kante, f.;Ecke, Gegend;;kante, f.=Ecke, Gegend.;132;b;;no;confirmed;;no
hr_0132_080;kapút;entwei.;kapút;entzwei;;kapút=entwei.;132;b;;no;corrected;;no
hr_0133_001;kå̄rde, f.;Karbe;kå̄rde, f.;Karbe (Kümmel);56;kå̄rde, f.=Karbe 56.;133;a;;no;corrected;;no
hr_0133_002;karjeolen;1) schreien, 2) spazieren fahren;karjeolen;1) schreien, 2) spazieren fahren;6;karjeolen=1) schreien, 2) spazieren fahren 6.;133;a;;no;confirmed;;no
hr_0133_003;kǟrl, m.;Kerl;kǟrl, m.;Kerl;20, 44, 77;kǟrl, m.=Kerl 20, 44, 77.;133;a;;no;confirmed;;no
hr_0133_004;Kå̄rl, Kå̄del;Karl;Kå̄rl, Kå̄del;Karl;20, 44, 56;Kå̄rl, Kå̄del=Karl 20, 44, 56.;133;a;Kå̄del;no;confirmed;;no
hr_0133_005;kārmialke, f.;Buttermilch.;kārmialke, f.;Buttermilch;;kārmialke, f.=Buttermilch.;133;a;;no;confirmed;;no
hr_0133_006;kārn, f.;Faſs zum Buttern;kārn, f.;Faß zum Buttern;19;kārn, f.=Faſs zum Buttern 19.;133;a;;no;confirmed;;no
hr_0133_007;kārn, m.;Kern;kārn, m.;Kern;19;kārn, m.=Kern 19.;133;a;;no;confirmed;;no
hr_0133_008;kaniude, m.;Genosse;kaniude, m.;Genosse;6, 30, 45;kaniude, m.=Genosse 6, 30, 45.;133;a;;no;confirmed;;no
hr_0133_009;kaſber, kalſber, f.;wilde Kirsche;kaſber, kalſber, f.;wilde Kirsche;6, 43, 45, 64;kaſber, kalſber, f.=wilde Kirsche 6, 43, 45, 64.;133;a;kalſber;no;confirmed;;no
hr_0133_010;Käsken;Casparchen;Käsken;Casparchen;45, 50;Käsken=Casparchen 45, 50.;133;a;;no;confirmed;;no
hr_0133_011;*kasmänken, n.;Zwölftelthalerstück.;kasmänken, n.;Zwölftelthalerstück;;*kasmänken, n.=Zwölftelthalerstück.;133;a;;no;confirmed;;no
hr_0133_012;kaspel, n.;Kirchspiel;kaspel, n.;Kirchspiel;6, 60;kaspel, n.=Kirchspiel 6, 60.;133;a;;no;confirmed;;no
hr_0133_013;*kaspeln;Ball spielen zu 2 Parteien;kaspeln;Ball spielen zu 2 Parteien;7, 58;*kaspeln=Ball spielen zu 2 Parteien 7, 58.;133;a;;no;confirmed;;no
hr_0133_014;kasse drup!;tapfer drauf!;kasse drup!;tapfer drauf!;;kasse drup!=tapfer drauf!;133;a;;no;confirmed;;no
hr_0133_015;kassen;taufen;kassen;taufen;6, 60, 64, 98;kassen=taufen 6, 60, 64, 98.;133;a;;no;confirmed;;no
hr_0133_016;kätken, n. u. f.;Kätzchen;kätken, n. u. f.;Kätzchen;57, 77, 78;kätken, n. u. f.=Kätzchen 57, 77, 78.;133;a;;no;confirmed;;no
hr_0133_017;kåtsen;sich brechen.;kåtsen;sich brechen (sich übergeben);;kåtsen=sich brechen.;133;a;;no;confirmed;;no
hr_0133_018;kåtsūge hoeen;ein Spiel mit Ochsenklauen;kåtsūge hoeen;ein Spiel mit Ochsenklauen;12;kåtsūge hoeen=ein Spiel mit Ochsenklauen 12.;133;a;;no;confirmed;;no
hr_0133_019;kattenkop, m.;Böller.;kattenkop, m.;Böller;;kattenkop, m.=Böller.;133;a;;no;confirmed;;no
hr_0133_020;käuchem;klug (jüd.);käuchem;klug (jüd.);67;käuchem=klug (jüd.) 67.;133;a;;no;confirmed;;no
hr_0133_021;käul, m.;Kohl;käul, m.;Kohl;28;käul, m.=Kohl 28.;133;a;;no;confirmed;;no
hr_0133_022;käuldåif, m.;ist bei den Kindern der, welcher ein Hosenbein im Stiefel hat.;käuldåif, m.;ist bei den Kindern der, welcher ein Hosenbein im Stiefel hat;;käuldåif, m., ist bei den Kindern der, welcher ein Hosenbein im Stiefel hat.;133;a;;no;confirmed;;no
hr_0133_023;käult;kalt;käult;kalt;27, 56;käult=kalt 27, 56.;133;a;;no;confirmed;;no
hr_0133_024;käupen;kaufen;käupen;kaufen;12, 27, 50, 51, 53, 100;käupen=kaufen 12, 27, 50, 51, 53, 100.;133;a;;no;confirmed;;no
hr_0133_025;käur'n, f.;Karre;käur'n, f.;Karre;76;käur'n, f.=Karre 76.;133;a;;no;confirmed;;no
hr_0133_026;käurn, n.;Korn;käurn, n.;Korn;28;käurn, n.=Korn 28.;133;a;;no;confirmed;;no
hr_0133_027;käusker;koscher (jüd.);käusker;koscher (jüd.);60;käusker=koscher (jüd.) 60.;133;a;;no;confirmed;;no
hr_0133_028;kawweln, käggeln;kauen, zanken;kawweln, käggeln;kauen, zanken;48, 52, 64;kawweln, käggeln=kauen, zanken 48, 52, 64.;133;a;;no;confirmed;;no
hr_0133_029;kellen;schmerzen (Zähne, Füſse vor Kälte);kellen;schmerzen (Zähne, Füße vor Kälte);9, 95;kellen=schmerzen (Zähne, Füſse vor Kälte) 9, 95.;133;a;;no;confirmed;;no
hr_0133_030;kellerküp, m.;Schrank über dem Keller.;kellerküp, m.;Schrank über dem Keller;;kellerküp, m.=Schrank über dem Keller.;133;a;;no;confirmed;;no
hr_0133_031;kellerassel, f.;die Kellerassel;kellerassel, f.;die Kellerassel;60;kellerassel, f.=die Kellerassel 60.;133;a;;no;confirmed;;no
hr_0133_032;keltern;prasseln;keltern;prasseln;9, 43, 98;keltern=prasseln 9, 43, 98.;133;a;;no;confirmed;;no
hr_0133_033;keoh, f.;Kuh;keoh, f.;Kuh;33, 68, 74;keoh, f.=Kuh 33, 68, 74.;133;a;;no;confirmed;;no
hr_0133_034;keoken, m.;Kuchen;keoken, m.;Kuchen;33, 64;keoken, m.=Kuchen 33, 64.;133;a;;no;confirmed;;no
hr_0133_035;keor, n.;das Chor;keor, n.;der Chor;34;keor, n.=das Chor 34.;133;a;;no;corrected;checked_no_change;no
hr_0133_036;kialen, f.;Kehle;kialen, f.;Kehle;36;kialen, f.=Kehle 36.;133;b;;no;confirmed;;no
hr_0133_037;kiamerken, n.;Kämmerchen;kiamerken, n.;Kämmerchen;37;kiamerken, n.=Kämmerchen 37.;133;b;;no;confirmed;;no
hr_0133_038;kiarke, -en, f.;Kirche;kiarke, kiarken, f.;Kirche;36, 76, 77;kiarke, -en, f.=Kirche 36, 76, 77.;133;b;kiarke;no;confirmed;;no
hr_0133_039;kiedel, m.;Kessel;kiedel, m.;Kessel;36, 55;kiedel, m.=Kessel 36, 55.;133;b;;no;confirmed;;no
hr_0133_040;kiedeln;kitzeln;kiedeln;kitzeln;35, 98;kiedeln=kitzeln 35, 98.;133;b;;no;confirmed;;no
hr_0133_041;kiekstern;kichern;kiekstern;kichern;36, 99;kiekstern=kichern 36, 99.;133;b;;no;confirmed;;no
hr_0133_042;kiffe, f.;verfallene Hütte;kiffe, f.;verfallene Hütte;7, 51, 76;kiffe, f.=verfallene Hütte 7, 51, 76.;133;b;;no;confirmed;;no
hr_0133_043;kīgel, m.;Kegel.;kīgel, m.;Kegel;;kīgel, m.=Kegel.;133;b;;no;confirmed;;no
hr_0133_044;kiln, f.;Kette;kiln, f.;Kette;43, 76;kiln, f.=Kette 43, 76.;133;b;;no;confirmed;;no
hr_0133_045;kimmen;kämmen;kimmen;kämmen;7, 95;kimmen=kämmen 7, 95.;133;b;;no;confirmed;;no
hr_0133_046;kinnen (pract. kinne);kennen;kinnen (pract. kinne);kennen;7;kinnen (pract. kinne)=kennen 7.;133;b;;no;confirmed;;no
hr_0133_047;kindken, n.;Kindchen;kindken, n.;Kindchen;77;kindken, n.=Kindchen 77.;133;b;;no;confirmed;;no
hr_0133_048;kīrske, f.;Kirsche;kīrske, f.;Kirsche;44;kīrske, f.=Kirsche 44.;133;b;;no;confirmed;;no
hr_0133_049;kisse, -en, f.;Kiste;kisse, kissen, f.;Kiste;60, 76;kisse, -en, f.=Kiste 60, 76.;133;b;kisse;no;confirmed;;no
hr_0133_050;kitse, f., kitsken, n.;Etwas;kitse, f., kitsken, n.;Etwas;57, 60;kitse, f., kitsken, n.=Etwas 57, 60.;133;b;kitse;no;confirmed;;no
hr_0133_051;kiule, f.;Grube;kiule, f.;Grube;29, 76;kiule, f.=Grube 29, 76.;133;b;;no;confirmed;;no
hr_0133_052;kium, adj.;engbrüstig;kium, adj.;engbrüstig;29;kium, adj.=engbrüstig 29.;133;b;;no;confirmed;;no
hr_0133_053;kiuse, f.;Backenzahn;kiuse, f.;Backenzahn;29, 76;kiuse, f.=Backenzahn 29, 76.;133;b;;no;confirmed;;no
hr_0133_054;klabastern;einherpoltern;klabastern;einherpoltern;43;klabastern=einherpoltern 43.;133;b;;no;confirmed;;no
hr_0133_055;klāderich, klāter'ch;zerlumpt;klāderich, klāter'ch;zerlumpt;8, 15;klāderich, klāter'ch=zerlumpt 8, 15.;133;b;klāderich;no;confirmed;;no
hr_0133_056;klafunkelståin, m.;Karfunkel;klafunkelståin, m.;Karfunkel;43;klafunkelståin, m.=Karfunkel 43.;133;b;;no;confirmed;;no
hr_0133_057;klāge, f.;Klage;klāge, f.;Klage;15;klāge, f.=Klage 15.;133;b;;no;confirmed;;no
hr_0133_058;klächtern(ö), f.;Klafter (Flachs);klächtern(ö), f.;Klafter (Flachs);67;klächtern(ö), f.=Klafter (Flachs) 67.;133;b;;no;confirmed;corrected;no
hr_0133_059;klajjen, klawwen;klettern, kratzen;klaijjen, klawwen;klettern, kratzen;52, 68, 95;klajjen, klawwen=klettern, kratzen 52, 68, 95.;133;b;klawwen;no;corrected;;no
hr_0133_060;klåich, m.;Kleiboden;klåich, m.;Kleiboden;67;klåich, m.=Kleiboden 67.;133;b;;no;confirmed;;no
hr_0133_061;klåiwen, stv.;spalten, „en bodder klåiwen“=ein Butterbrod abschneiden;klåiwen, stv.;spalten, „en bodder klåiwen“=ein Butterbrod abschneiden.;92;klåiwen, stv.=spalten, „en bodder klåiwen“=ein Butterbrod abschneiden 92.;133;b;;no;confirmed;;no
hr_0133_062;klak, klaklåüſich;nachlässig, unordentlich.;klak, klaklåüſich;nachlässig, unordentlich;;klak, klaklåüſich=nachlässig, unordentlich.;133;b;klak;no;confirmed;;no
hr_0133_063;klam;feucht, klebrig;klam;feucht, klebrig;6, 64;klam=feucht, klebrig 6, 64.;133;b;;no;confirmed;;no
hr_0133_064;klamuüſern;grübeln;klamuüſern;grübeln;97;klamuüſern=grübeln 97.;133;b;;no;confirmed;;no
hr_0133_065;klånsen;plump einhergehen;klånsen;plump einhergehen;99;klånsen=plump einhergehen 99.;133;b;;no;confirmed;;no
hr_0133_066;klånte, m.;Fetzen;klånte, m.;Fetzen;12;klånte, m.=Fetzen 12.;133;b;;no;confirmed;;no
hr_0133_067;klås, m.;Klotz;klås, m.;Klotz;61;klås, m.=Klotz 61.;133;b;;no;confirmed;;no
hr_0133_068;klåüben, m.;der Kloben;klåüben, m.;der Kloben;28;klåüben, m.=der Kloben 28.;133;b;;no;confirmed;;no
hr_0133_069;klåüben, -wen;klauben, spalten;klåüben, klåüwen;klauben, spalten;12, 27, 52, 92, 100;klåüben, -wen=klauben, spalten 12, 27, 52, 92, 100.;133;b;klåüwen;no;confirmed;;no
hr_0133_070;kläuster, n.;Kloster;kläuster, n.;Kloster;27;kläuster, n.=Kloster 27.;133;b;;no;confirmed;;no
hr_0133_071;kläut, m.;Hode;kläut, m.;Hode;27;kläut, m.=Hode 27.;133;b;;no;confirmed;;no
hr_0133_072;klå̂wer, m.;Klee;klå̂wer, m.;Klee;18, 52;klå̂wer, m.=Klee 18, 52.;133;b;;no;confirmed;;no
hr_0133_073;klawwern;klettern, kratzen;klawwern;klettern, kratzen;6, 98;klawwern=klettern, kratzen 6, 98.;133;b;;no;confirmed;;no
hr_0133_074;kleok;klug;kleok;klug;34, 64;kleok=klug 34, 64.;133;b;;no;confirmed;;no
hr_0133_075;kleppen;anschlagen, die Glocke;kleppen;anschlagen, die Glocke;64, 95;kleppen=anschlagen, die Glocke 64, 95.;133;b;;no;confirmed;;no
lr_0134_001;kliadern;prasseln;kliadern;prasseln;37, 98;kliadern=prasseln 37, 98.;134;a;;no;confirmed;;no
lr_0134_002;kliapern;klappern;kliapern;klappern;37, 98;kliapern=klappern 37, 98.;134;a;;no;confirmed;;no
lr_0134_003;klīben;kleben;klīben;kleben;15;klīben=kleben 15.;134;a;;no;confirmed;;no
lr_0134_004;klingen, stv.;klingen;klingen, stv.;klingen;6, 86;klingen, stv.=klingen 6, 86.;134;a;;no;confirmed;;no
lr_0134_005;klispern;räuspern;klispern;räuspern;98;klispern=räuspern 98.;134;a;;no;confirmed;;no
lr_0134_006;kliude, -en, m.;Erdscholle;kliude, kliuden, m.;Erdscholle (Kluten);29, 75;kliude, -en, m.=Erdscholle 29, 75.;134;a;kliude;no;corrected;;no
lr_0134_007;klius, f.;Klause, Kapelle;klius, f.;Klause, Kapelle;29;klius, f.=Klause, Kapelle 29.;134;a;;no;corrected;;no
lr_0134_008;klīwe, f., klīwerken, n.;Klette;klīwe, f., klīwerken, n.;Klette;15;klīwe, f., klīwerken, n.=Klette 15.;134;a;klīwerken;no;confirmed;;no
lr_0134_009;kloerde, f.;Farbe (d. h. Färbung);kloerde, f.;Farbe (d. h. Färbung);35;kloerde, f.=Farbe (d. h. Färbung) 35.;134;a;;no;confirmed;;no
lr_0134_010;klocke, f.;Glocke;klocke, f.;Glocke;64;klocke, f.=Glocke 64.;134;a;;no;confirmed;;no
lr_0134_011;klösken, pl.;Holzschuhe;klösken, pl.;Holzschuhe;;klösken, pl.=Holzschuhe.;134;a;;no;confirmed;;no
lr_0134_012;kluaben, m.;Kloben;kluaben, m.;Kloben;38;kluaben, m.=Kloben 38.;134;a;;no;confirmed;;no
lr_0134_013;klüederuijje, f.;Zotteelei, Lumperei;klüederuijje, f.;Zottelei, Lumperei;40;klüederuijje, f.=Zotteelei, Lumperei 40.;134;a;;no;confirmed;corrected;no
lr_0134_014;klüftich;klug (Verstand);klüftich;klug (Verstand);;klüftich=klug (Verstand).;134;a;;no;confirmed;;no
lr_0134_015;kluijjen, f.;Kleie;kluijjen, f.;Kleie;68;kluijjen, f.=Kleie 68.;134;a;;no;confirmed;;no
lr_0134_016;klump, m.;Kloſs;klump, m.;Kloß;;klump, m.=Kloſs.;134;a;;no;confirmed;;no
lr_0134_017;klumpså̂t, n.;Rübsamen, Herbststeckrübe;klumpså̂t, n.;Rübsamen, Herbststeckrübe;;klumpså̂t, n.=Rübsamen, Herbststeckrübe.;134;a;;no;confirmed;;no
lr_0134_018;klumſich;plump;klumſich;plump;61;klumſich=plump 61.;134;a;;no;confirmed;;no
lr_0134_019;knåi, n.;Knie;knåi, n.;Knie;26, 64;knåi, n.=Knie 26, 64.;134;a;;no;confirmed;;no
lr_0134_020;knåisailen;(ein Rind) kniefesseln, bildlich: unterdrücken;knåisailen;(ein Rind) kniefesseln, bildlich: unterdrücken;96;knåisailen=(ein Rind) kniefesseln, bildlich: unterdrücken 96.;134;a;;no;confirmed;;no
lr_0134_021;knåist, m.;der Gneist;knåist, m.;der Gneist (regional Funke oder Schorf);26;knåist, m.=der Gneist 26.;134;a;;no;;corrected;no
lr_0134_022;knåiwāge, f.;Kniegelenk;knåiwāge, f.;Kniegelenk;15, 74;knåiwāge, f.=Kniegelenk 15, 74.;134;a;;no;confirmed;;no
lr_0134_023;knap, m.;Hügel, Stiefelabsatz;knap, m.;Hügel, Stiefelabsatz;;knap, m.=Hügel, Stiefelabsatz.;134;a;;no;confirmed;;no
lr_0134_024;knâs;? Vergl. Anh. II, S. 112.;knâs;? Vergl. Anh. II, S. 112;;knâs=? Vergl. Anh. II, S. 112.;134;a;;no;confirmed;;no
lr_0134_025;knäup, m.;Knopf;knäup, m.;Knopf;27;knäup, m.=Knopf 27.;134;a;;no;confirmed;;no
lr_0134_026;knelk;schwächlich. „de rogge is knelk“=er ist eingeschrumpft von der Hitze;knelk;schwächlich. „de Rogge es knelk“=er ist eingeschrumpft von der Hitze.;;knelk=schwächlich. „de rogge is knelk“=er ist eingeschrumpft von der Hitze.;134;a;;no;confirmed;corrected;no
lr_0134_027;kniaen;kneten;kniaen;kneten;9, 36, 97;kniaen=kneten 9, 36, 97.;134;a;;no;confirmed;;no
lr_0134_028;knipseln;mit Schussern spielen;knipseln;mit Schussern (Murmeln) spielen;50;knipseln=mit Schussern spielen 50.;134;a;;no;corrected;;no
lr_0134_029;knitsken, n.;etwas;knitsken, n.;etwas;65;knitsken, n.=etwas 65.;134;a;;no;confirmed;;no
lr_0134_030;kniuben, twåich kn., stv.;zerknittern, zerdrücken;kniuben, twåich kn., stv.;zerknittern, zerdrücken;30, 38, 91;kniuben, twåich kn., stv.=zerknittern, zerdrücken 30, 38, 91.;134;a;;no;confirmed;;no
lr_0134_031;kniuffiust, f.;geballte Faust;kniuffiust, f.;geballte Faust;29;kniuffiust, f.=geballte Faust 29.;134;a;;no;confirmed;;no
lr_0134_032;kniust, m.;Knast, Knollen;kniust, m.;Knust, Knast, Knollen;65, 72;kniust, m.=Knast, Knollen 65, 72.;134;a;;no;confirmed;;no
lr_0134_033;knīwel, m.;grober, stämmiger Kerl, Knebel;knīwel, m.;grober, stämmiger Kerl, Knebel;15;knīwel, m.=grober, stämmiger Kerl, Knebel 15.;134;a;;no;confirmed;;no
lr_0134_034;knīwich;stämmig;knīwich;stämmig;15;knīwich=stämmig 15.;134;a;;no;confirmed;;no
lr_0134_035;knuaden;kneten, auftreten;knuaden;kneten, auftreten;38, 97;knuaden=kneten, auftreten 38, 97.;134;a;;no;confirmed;;no
lr_0134_036;knuake, m.;Knochen;knuake, m.;Knochen;38, 75;knuake, m.=Knochen 38, 75.;134;a;;no;confirmed;;no
lr_0134_037;knüakel, knüaksken, m.;Knöchel;knüakel, knüaksken, m.;Knöchel;39;knüakel, knüaksken, m.=Knöchel 39.;134;a;knüaksken;no;confirmed;;no
lr_0134_038;knudde, f.;Samenkapsel des Flachses, Flachsknoten;knudde, f.;Samenkapsel des Flachses, Flachsknoten;8, 76;knudde, f.=Samenkapsel des Flachses, Flachsknoten 8, 76.;134;a;;no;confirmed;;no
lr_0134_039;*knuddenkåin, m.;der Winkel der Tenne, wo die „knudden“ zum Trocknen liegen;knuddenkåin, m.;der Winkel der Tenne, wo die „knudden“ zum Trocknen liegen.;65;*knuddenkåin, m.=der Winkel der Tenne, wo die „knudden“ zum Trocknen liegen 65.;134;b;;no;confirmed;;no
lr_0134_040;knuffeln;puffen, kneifen, zerknittern;knuffeln;puffen, kneifen, zerknittern;;knuffeln=puffen, kneifen, zerknittern.;134;b;;no;confirmed;;no
lr_0134_041;knüffeln, karnüffeln;kneifen, stoſsen, mit der „kniuffiust“;knüffeln, karnüffeln;kneifen, stoßen, mit der „kniuffiust“.;44, 51, 98;knüffeln, karnüffeln=kneifen, stoſsen, mit der „kniuffiust“ 44, 51, 98.;134;b;karnüffeln;no;confirmed;;no
lr_0134_042;knüfken;1) knuffeln, 2) leise knurren;knüfken;1) knuffeln, 2) leise knurren;99;knüfken=1) knuffeln, 2) leise knurren 99.;134;b;;no;confirmed;;no
lr_0134_043;knuif, m.;Taschenmesser;knuif, m.;Taschenmesser;;knuif, m.=Taschenmesser.;134;b;;no;confirmed;;no
lr_0134_044;knuipen, stv.;kneifen;knuipen, stv.;kneifen;24, 90;knuipen, stv.=kneifen 24, 90.;134;b;;no;confirmed;;no
lr_0134_045;knuist, gnuist, knåist, m.;der Gneist;knuist, gnuist, knåist, m.;der Gneist (regional Funke oder Schorf);65, 66;knuist, gnuist, knåist, m.=der Gneist 65, 66.;134;b;knuist | knåist;no;checked_no_change;corrected;no
lr_0134_046;knuk, m.;Bruch, Stoſs;knuk, m.;Bruch, Stoß;65;knuk, m.=Bruch, Stoſs 65.;134;b;;no;confirmed;;no
lr_0134_047;knülle;betrunken;knülle;betrunken;;knülle=betrunken.;134;b;;no;confirmed;;no
lr_0134_048;knup, knüp, m.;Knoten;knup, knüp, m.;Knoten;;knup, knüp, m.=Knoten.;134;b;knup;no;confirmed;;no
lr_0134_049;knüppel, m.;Knüppel;knüppel, m.;Knüppel;50;knüppel, m.=Knüppel 50.;134;b;;no;confirmed;;no
lr_0134_050;knuoren, knūren;knurren;knuoren, knūren;knurren;44, 65;knuoren, knūren=knurren 44, 65.;134;b;knūren;no;corrected;;no
lr_0134_051;knuſſeln;zusammendrücken, knittern;knuſſeln;zusammendrücken, knittern;8, 61, 98;knuſſeln=zusammendrücken, knittern 8, 61, 98.;134;b;;no;confirmed;;no
lr_0134_052;knuwwel, -bbel, m.;Geschwulst;knuwwel, knubbel, m.;Geschwulst;;knuwwel, -bbel, m.=Geschwulst.;134;b;knuwwel;no;confirmed;;no
lr_0134_053;knüwwel, n. u. m.;Knäuel;knüwwel, n. u. m.;Knäuel;14, 52, 78;knüwwel, n. u. m.=Knäuel 14, 52, 78.;134;b;;no;confirmed;;no
lr_0134_054;koefeln;auf durchweichtem Wege die Hacken hinten auswerfen;koefeln;auf durchweichtem Wege die Hacken hinten auswerfen;51;koefeln=auf durchweichtem Wege die Hacken hinten auswerfen 51.;134;b;;no;checked_no_change;checked_no_change;no
lr_0134_055;koek, m. (aus kodik);sinapis arvenis;koek, m. (aus kodik);Sinapis arvensis (Ackersenf);54;koek, m. (aus kodik)=sinapis arvenis 54.;134;b;;no;corrected;;no
lr_0134_056;kölle, -en, f.;weiſser Stirnfleck der Kühe;kölle, köllen, f.;weißer Stirnfleck der Kühe;13, 76;kölle, -en, f.=weiſser Stirnfleck der Kühe 13, 76.;134;b;kölle;no;confirmed;;no
lr_0134_057;kolk, m.;der Kolk, Strudel;kolk, m.;der Kolk, Strudel;11, 65;kolk, m.=der Kolk, Strudel 11, 65.;134;b;;no;confirmed;;no
lr_0134_058;*kolkrāwe, m.;Rabe, die gröſste Art der Krähen;kolkrāwe, m.;Kolkrabe, die größte Art der Krähen;43;*kolkrāwe, m.=Rabe, die gröſste Art der Krähen 43.;134;b;;no;confirmed;;no
lr_0134_059;kölwern;aufstoſsen;kölwern;aufstoßen;42, 99;kölwern=aufstoſsen 42, 99.;134;b;;no;confirmed;;no
lr_0134_060;köpken, n.;Obertasse;köpken, n.;Obertasse;;köpken, n.=Obertasse.;134;b;;no;confirmed;;no
lr_0134_061;kopse (von kobbe), f.;Spinne (veraltet);kopse (von kobbe), f.;Spinne (veraltet);50;kopse (von kobbe), f.=Spinne (veraltet) 50.;134;b;;no;confirmed;;no
lr_0134_062;koråir'n;kuriren;koråir'n;kurieren;26, 45, 99, 100;koråir'n=kuriren 26, 45, 99, 100.;134;b;;no;corrected;;no
lr_0134_063;kȫrde, f.;Kürze;kȫrde, f.;Kürze;20;kȫrde, f.=Kürze 20.;134;b;;no;confirmed;;no
lr_0134_064;kōrdens;kürzlich;kōrdens;kürzlich;20, 39;kōrdens=kürzlich 20, 39.;134;b;;no;confirmed;;no
lr_0134_065;Kōrt;1) Konrad, 2) der Hase;Kōrt;1) Konrad, 2) der Hase;20, 44;Kōrt=1) Konrad, 2) der Hase 20, 44.;134;b;;no;confirmed;;no
lr_0134_066;köste, f. kösken, n. u. f.;Kruste;köste, f. kösken, n. u. f.;Kruste;13, 45, 78;köste, f. kösken, n. u. f.=Kruste 13, 45, 78.;134;b;köste;no;confirmed;;no
lr_0134_067;kråike, kräcke, f.;Kriechpflaume;kråike, kräcke, f.;Kriechpflaume;26, 64;kråike, kräcke, f.=Kriechpflaume 26, 64.;134;b;;no;confirmed;;no
lr_0134_068;krajje, f.;Krähe;kraijje, f.;Krähe;68;krajje, f.=Krähe 68.;134;b;;no;confirmed;corrected;no
lr_0135_001;krajjen;krähen;kraijjen;krähen;68, 95, 99;krajjen=krähen 68, 95, 99.;135;a;;no;corrected;;no
lr_0135_002;krajjensnüeder, m.;(Krähenrotz) die Mistel;kraijjensnüeder, m.;(Krähenrotz) die Mistel;40;krajjensnüeder, m.=(Krähenrotz) die Mistel 40.;135;a;;no;corrected;;no
lr_0135_003;kräckeln;wortzanken;kräckeln;wortzanken;98;kräckeln=wortzanken 98.;135;a;;no;confirmed;;no
lr_0135_004;kralle, f.;1) Kralle, 2) Koralle, Bernstein;kralle, f.;1) Kralle, 2) Koralle, Bernstein;65;kralle, f.=1) Kralle, 2) Koralle, Bernstein 65.;135;a;;no;confirmed;;no
lr_0135_005;*krå̂m, m.;Kram, Wochenbett;krå̂m, m.;Kram, Wochenbett;18;*krå̂m, m.=Kram, Wochenbett 18.;135;a;;no;confirmed;;no
lr_0135_006;Krambecker, Krambairnd;Spottnamen für den Teufel.;Krambecker, Krambairnd;Spottnamen für den Teufel;;Krambecker, Krambairnd, Spottnamen für den Teufel.;135;a;Krambecker;no;confirmed;;no
lr_0135_007;krängel, m.;Krängel;krängel, m.;Krängel (Hefegebäck);43;krängel, m.=Krängel 43.;135;a;;no;confirmed;corrected;no
lr_0135_008;krank;krank;krank;krank;64;krank=krank 64.;135;a;;no;confirmed;;no
lr_0135_009;krans;Kranz;krans;Kranz;46, 61;krans=Kranz 46, 61.;135;a;;no;confirmed;;no
lr_0135_010;krawweln;vgl. grawweln;krawweln;vgl. grawweln;98;krawweln, vgl. grawweln 98.;135;a;;no;confirmed;;no
lr_0135_011;krecke, f.;hölzerner Drehriegel;krecke, f.;hölzerner Drehriegel;9, 65;krecke, f.=hölzerner Drehriegel 9, 65.;135;a;;no;confirmed;;no
lr_0135_012;kreoch, m.;Schenke, Wirtskrug;kreoch, m.;Schenke, Wirtskrug;33;kreoch, m.=Schenke, Wirtskrug 33.;135;a;;no;confirmed;;no
lr_0135_013;kreome, f.;Krume.;kreome, f.;Krume;;kreome, f.=Krume.;135;a;;no;confirmed;;no
lr_0135_014;kreone, f.;Krone;kreone, f.;Krone;27, 33, 76;kreone, f.=Krone 27, 33, 76.;135;a;;no;confirmed;;no
lr_0135_015;kreone, f. u. m.;Kranich;kreone, f. u. m.;Kranich;34, 64, 76;kreone, f. u. m.=Kranich 34, 64, 76.;135;a;;no;confirmed;;no
lr_0135_016;kretten, sik;sich zanken, ärgern;kretten, sik;sich zanken, ärgern;95;kretten, sik=sich zanken, ärgern 95.;135;a;;no;confirmed;;no
lr_0135_017;kribben, -ppen, f.;Krippe;kribben, krippen, f.;Krippe;48;kribben, -ppen, f.=Krippe 48.;135;a;krippen;no;confirmed;;no
lr_0135_018;kriemel, m.;das Jucken;kriemel, m.;das Jucken;35;kriemel, m.=das Jucken 35.;135;a;;no;confirmed;;no
lr_0135_019;kriemeln;wimmeln;kriemeln;wimmeln;44, 65, 98;kriemeln=wimmeln 44, 65, 98.;135;a;;no;confirmed;;no
lr_0135_020;krīft, m.;Krebs;krīft, m.;Krebs;15, 51;krīft, m.=Krebs 15, 51.;135;a;;no;confirmed;;no
lr_0135_021;krīgel, kriegel;munter, lebhaft;krīgel, kriegel;munter, lebhaft;15, 35, 80;krīgel, kriegel=munter, lebhaft 15, 35, 80.;135;a;kriegel;no;confirmed;;no
lr_0135_022;kricheln, kröchen;hüsteln;kricheln, kröchen;hüsteln;67, 98;kricheln, kröchen=hüsteln 67, 98.;135;a;kricheln;no;confirmed;;no
lr_0135_023;krijeol, m.;Geschrei;krijeol, m.;Geschrei;68;krijeol, m.=Geschrei 68.;135;a;;no;confirmed;;no
lr_0135_024;krijeolen;schreien;krijeolen;schreien;44;krijeolen=schreien 44.;135;a;;no;confirmed;;no
lr_0135_025;krikhoenken, auch trikh., n.;Wasserhuhn;krikhoenken, auch trikh., n.;Wasserhuhn;65;krikhoenken, auch trikh., n.= Wasserhuhn 65.;135;a;;no;confirmed;;no
lr_0135_026;krimpen, stv.;krimpen;krimpen, stv.;krimpen (Schrumpfen von Textilien);8, 13, 86;krimpen, stv.=krimpen 8, 13, 86.;135;a;;no;corrected;;no
lr_0135_027;krink, m.;Kreis;krink, m.;Kreis;43, 65, 69;krink, m.=Kreis 43, 65, 69.;135;a;;no;confirmed;;no
lr_0135_028;krīsken;kreischen.;krīsken;kreischen;;krīsken=kreischen.;135;a;;no;confirmed;;no
lr_0135_029;krispel, f.;Mispel;krispel, f.;Mispel;65;krispel, f.=Mispel 65.;135;a;;no;confirmed;;no
lr_0135_030;krispeln;rascheln;krispeln;rascheln;65;krispeln=rascheln 65.;135;a;;no;confirmed;;no
lr_0135_031;kritsk;energisch, aufbrausend;kritsk;energisch, aufbrausend;7;kritsk=energisch, aufbrausend 7.;135;a;;no;confirmed;;no
lr_0135_032;kritsiur;knirschend sauer.;kritsiur;knirschend sauer;;kritsiur=knirschend sauer.;135;a;;no;confirmed;;no
lr_0135_033;kriuke, f.;ein Krug;kriuke, f.;ein Krug;30, 76;kriuke, f.=ein Krug 30, 76.;135;a;;no;confirmed;;no
lr_0135_034;kriupen, stv.;kriechen;kriupen, stv.;kriechen;27, 30, 85, 91;kriupen, stv.=kriechen 27, 30, 85, 91.;135;a;;no;confirmed;;no
lr_0135_035;kriut, n.;Birnenmuſs.;kriut, n.;Birnenmus;;kriut, n.=Birnenmuſs.;135;a;;no;corrected;;no
lr_0135_036;kriwweln, -bbeln;kribbeln;kriwweln, kribbeln;kribbeln;52;kriwweln, -bbeln=kribbeln 52.;135;a;kriwweln;no;confirmed;;no
lr_0135_037;krop, krip, m.;Kropf.;krop, krip, m.;Kropf;;krop, krip, m.=Kropf.;135;a;krip;no;confirmed;;no
lr_0135_038;kruide, f.;Kreide;kruide, f.;Kreide;32;kruide, f.=Kreide 32.;135;a;;no;confirmed;;no
lr_0135_039;kruigen, stv.;kriegen;kruigen, stv.;kriegen;7, 89;kruigen, stv.=kriegen 7, 89.;135;a;;no;confirmed;;no
lr_0135_040;krülle, f.;Locke.;krülle, f.;Locke;;krülle, f.=Locke.;135;b;;no;confirmed;;no
lr_0135_041;krüllen;kräuseln;krüllen;kräuseln;95;krüllen=kräuseln 95.;135;b;;no;confirmed;;no
lr_0135_042;krünſelich;zerknittert.;krünſelich;zerknittert;;krünſelich=zerknittert.;135;b;;no;confirmed;;no
lr_0135_043;krünſeln;kräuseln.;krünſeln;kräuseln;;krünſeln=kräuseln.;135;b;;no;confirmed;;no
lr_0135_044;kruüen;jäten;kruüen;jäten;97;kruüen=jäten 97.;135;b;;no;confirmed;;no
lr_0135_045;kruüper, m.;Zwergbohne;kruüper, m.;Zwergbohne;30;kruüper, m.=Zwergbohne 30.;135;b;;no;confirmed;;no
lr_0135_046;kruüs, n.;Kreuz;kruüs, n.;Kreuz;30, 61;kruüs, n.=Kreuz 30, 61.;135;b;;no;confirmed;;no
lr_0135_047;küake, f.;Küche;küake, f.;Küche;40, 64;küake, f.=Küche 40, 64.;135;b;;no;confirmed;;no
lr_0135_048;kuaken;kochen;kuaken;kochen;97;kuaken=kochen 97.;135;b;;no;confirmed;;no
lr_0135_049;kuade, kudden, m.;Kotten;kuade, kudden, m.;Kotten;38, 55, 64, 75;kuade, kudden, m.=Kotten 38, 55, 64, 75.;135;b;kudden;no;confirmed;;no
lr_0135_050;küader, m.;Kötter, Käthner;küader, m.;Kötter, Käthner;39;küader, m.=Kötter, Käthner 39.;135;b;;no;confirmed;;no
lr_0135_051;kuarf, m.;Korb;kuarf, m.;Korb;38, 39;kuarf, m.=Korb 38, 39.;135;b;;no;confirmed;;no
lr_0135_052;kubbe, f.;schlechtes Zimmer der kleinen Leute;kubbe, f.;schlechtes Zimmer der kleinen Leute;76;kubbe, f.=schlechtes Zimmer der kleinen Leute 76.;135;b;;no;confirmed;;no
lr_0135_053;kübbunge, f.;Verlängerung des Daches am „kāmerfak“, ein Ausbau;kübbunge, f.;Verlängerung des Daches am „kāmerfak“, ein Ausbau.;48, 74;kübbunge, f.=Verlängerung des Daches am „kāmerfak“, ein Ausbau 48, 74.;135;b;;no;confirmed;;no
lr_0135_054;kudde, kütke, f.;cunnus;kudde, kütke, f.;cunnus (weiblicher Geschlechtsteil);8, 56, 76;kudde, kütke, f.=cunnus 8, 56, 76.;135;b;kudde;no;corrected;;no
lr_0135_055;kūgel, f.;Kugel;kūgel, f.;Kugel;16;kūgel, f.=Kugel 16.;135;b;;no;confirmed;;no
lr_0135_056;kuiken, stv.;schauen, gucken;kuiken, stv.;schauen, gucken;24, 36, 64, 90;kuiken, stv.=schauen, gucken 24, 36, 64, 90.;135;b;;no;confirmed;;no
lr_0135_057;kuik-inne-welt, m.;Baby (Sch.);kuik-inne-welt, m.;Baby (Sch.);;kuik-inne-welt, m.=Baby (Sch.);135;b;;no;confirmed;;no
lr_0135_058;kuint, n.;Kind;kuint, n.;Kind;32, 46, 78, 79;kuint, n.=Kind 32, 46, 78, 79.;135;b;;no;confirmed;;no
lr_0135_059;kuipe, -ben, f.;Kiepe;kuipe, kuiben, f.;Kiepe;32, 48;kuipe, -ben, f.=Kiepe 32, 48.;135;b;kuipe;no;confirmed;;no
lr_0135_060;kuir'n;kehren;kuir'n;kehren;96;kuir'n=kehren 96.;135;b;;no;confirmed;;no
lr_0135_061;kuks, m.;Gefängnis.;kuks, m.;Gefängnis;;kuks, m.=Gefängnis.;135;b;;no;confirmed;;no
lr_0135_062;küllen;den Rest geben;küllen;den Rest geben;95;küllen=den Rest geben 95.;135;b;;no;confirmed;;no
lr_0135_063;kuller, f.;runde Holzscheibe;kuller, f.;runde Holzscheibe;76;kuller, f.=runde Holzscheibe 76.;135;b;;no;confirmed;;no
lr_0135_064;kullern;rollen, kollern, mit der „kuller“ spielen. Eine Partei schleudert sie, die andere treibt sie mit Stöcken zurück.;kullern;rollen, kollern, mit der „kuller“ spielen. Eine Partei schleudert sie, die andere treibt sie mit Stöcken zurück.;;kullern=rollen, kollern, mit der „kuller“ spielen. Eine Partei schleudert sie, die andere treibt sie mit Stöcken zurück.;135;b;;no;confirmed;;no
lr_0135_065;küls, m;Schädel;küls, m;Schädel;13, 65;küls, m =Schädel 13, 65.;135;b;;no;confirmed;;no
lr_0135_066;kump, m.;Kumme, Trog;kump, m.;Kumme, Trog;8, 45, 50, 52;kump, m.=Kumme, Trog 8, 45, 50, 52.;135;b;;no;confirmed;;no
lr_0135_067;kumpel;So schilt man einen Küster.;kumpel;So schilt man einen Küster.;;kumpel. So schilt man einen Küster.;135;b;;no;corrected;;no
lr_0135_068;kümpel, m.;Tümpel.;kümpel, m.;Tümpel;;kümpel, m.=Tümpel.;135;b;;no;confirmed;;no
lr_0135_069;kumst, m.;Weiſskohl;kumst, m.;Weißkohl;45, 50;kumst, m.=Weiſskohl 45, 50.;135;b;;no;confirmed;;no
lr_0135_070;kungeln;heimlich handeln;kungeln;heimlich handeln;47;kungeln=heimlich handeln 47.;135;b;;no;confirmed;;no
lr_0135_071;kunne, f.;Kenntnis, „he es mi iut de kunne wuoſsen“=er ist mir fremd geworden.;kunne, f.;Kenntnis, „he es mi iut de kunne wuoßen“=er ist mir fremd geworden.;;kunne, f.=Kenntnis, „he es mi iut de kunne wuoſsen“=er ist mir fremd geworden.;135;b;;no;confirmed;;no
lr_0135_072;küödel (üe), m.;Excrement;küödel (üe), m.;Excrement;40, 54;küödel (üe), m.=Excrement 40, 54.;135;b;;no;confirmed;;no
lr_0135_073;kuomen, stv.;kommen;kuomen, stv.;kommen;6, 8, 14, 24, 39, 45, 88;kuomen, stv.=kommen 6, 8, 14, 24, 39, 45, 88.;135;b;;no;confirmed;;no
hr_0136_001;küönen;können;küönen;können;40, 45, 6?, 102;küönen=können 40, 45, 6?, 102.;136;a;;no;confirmed;;no
hr_0136_002;küönink, m.;König;küönink, m.;König;40, 47, 72;küönink, m.=König 40, 47, 72.;136;a;;no;confirmed;;no
hr_0136_003;kuormel, m.;der Haufe, Gewimmel;kuormel, m.;der Haufe, Gewimmel;39, 44, 67;kuormel, m.=der Haufe, Gewimmel 39, 44, 67.;136;a;;no;confirmed;;no
hr_0136_004;küp, m.;Überbau, Schrank über der Kellerthür;küp, m.;Überbau, Schrank über der Kellerthür;13, 72;küp, m.=Überbau, Schrank über der Kellerthür 13, 72.;136;a;;no;confirmed;;no
hr_0136_005;kuppel, f.;Brautschmuck.;kuppel, f.;Brautschmuck;;kuppel, f.=Brautschmuck.;136;a;;no;confirmed;;no
hr_0136_006;küs, auch kǖs!;Scheuchruf gegen Hühner.;küs, auch kǖs!;Scheuchruf gegen Hühner;;küs, auch kǖs! Scheuchruf gegen Hühner.;136;a;;no;confirmed;;no
hr_0136_007;küssen;küssen (hd.);küssen;küssen (hd.);60;küssen=küssen (hd.) 60.;136;a;;no;confirmed;;no
hr_0136_008;kuſſelich;unsauber;kuſſelich;unsauber;8, 61;kuſſelich=unsauber 8, 61.;136;a;;no;confirmed;;no
hr_0136_009;küffeln;kreiseln;küffeln;kreiseln;65;küffeln=kreiseln 65.;136;a;;no;confirmed;;no
hr_0136_010;kutske, f.;Kutsche;kutske, f.;Kutsche;60;kutske, f.=Kutsche 60.;136;a;;no;confirmed;;no
hr_0136_011;kuüken, n.;Küken;kuüken, n.;Küken;30;kuüken, n.=Küken 30.;136;a;;no;confirmed;;no
hr_0136_012;kuüle, f.;Keule;kuüle, f.;Keule;30;kuüle, f.=Keule 30.;136;a;;no;confirmed;;no
hr_0136_013;kuülde, -le, f.;Kälte, Kühle;kuülde, kuüle, f.;Kälte, Kühle;31, 42, 46;kuülde, -le, f.=Kälte, Kühle 31, 42, 46.;136;a;kuülde;no;confirmed;;no
hr_0136_014;kuüle;kühl.;kuüle;kühl;;kuüle=kühl.;136;a;;no;confirmed;;no
hr_0136_015;kuüme, kuümich;kränklich;kuüme, kuümich;kränklich;30;kuüme, kuümich=kränklich 30.;136;a;kuüme;no;confirmed;;no
hr_0136_016;*kuür'n;reden;kuür'n;reden;64, 97;*kuür'n=reden 64, 97.;136;a;;no;confirmed;;no
hr_0136_017;kuüruijje, f.;Gerede;kuüruijje, f.;Gerede;45, 68;kuüruijje, f.=Gerede 45, 68.;136;a;;no;confirmed;;no
hr_0136_018;kuüterbuk, m.;Zwitter.;kuüterbuk, m.;Zwitter;;kuüterbuk, m.=Zwitter.;136;a;;no;confirmed;;no
hr_0136_019;laddern;loddern, bummeln.;laddern;loddern, bummeln;;laddern=loddern, bummeln.;136;a;;no;confirmed;;no
hr_0136_020;lāde;spät;lāde;spät;15, 80;lāde=spät 15, 80.;136;a;;no;confirmed;;no
hr_0136_021;lå̂den, stv.;lassen;lå̂den, stv.;lassen;12, 18, 25, 56, 93;lå̂den, stv.=lassen 12, 18, 25, 56, 93.;136;a;;no;confirmed;;no
hr_0136_022;lāen, stv.;laden;lāen, stv.;laden;11, 15, 33, 35, 55, 89;lāen, stv.=laden 11, 15, 33, 35, 55, 89.;136;a;;no;confirmed;;no
hr_0136_023;låf, n.;Lob;låf, n.;Lob;38;låf, n.=Lob 38.;136;a;;no;confirmed;;no
hr_0136_024;lachen;lachen;lachen;lachen;67, 95;lachen=lachen 67, 95.;136;a;;no;confirmed;;no
hr_0136_025;laidgast, m.;Quälgeist (zu einem unruhigen, muthwilligen Knaben;laidgast, m.;Quälgeist (zu einem unruhigen, muthwilligen Knaben);24;laidgast, m.=Quälgeist (zu einem unruhigen, muthwilligen Knaben 24.;136;a;;no;confirmed;corrected;no
hr_0136_026;laie, f.;Schiefer, Schiefertafel (veraltet).;laie, f.;Schiefer, Schiefertafel (veraltet);;laie, f.=Schiefer, Schiefertafel (veraltet).;136;a;;no;confirmed;;no
hr_0136_027;laiendecker, m.;Schieferdecker.;laiendecker, m.;Schieferdecker;;laiendecker, m.=Schieferdecker.;136;a;;no;confirmed;;no
hr_0136_028;låif;lieb;låif;lieb;25, 26;låif=lieb 25, 26.;136;a;;no;confirmed;;no
hr_0136_029;laidlik;schlimm, „he es laidlik wōrn=ihm ist ein Unglück zugestoſsen.;laidlik;schlimm, „he es laidlik wōrn“=ihm ist ein Unglück zugestoßen.;;laidlik=schlimm, „he es laidlik wōrn=ihm ist ein Unglück zugestoſsen.;136;a;;no;confirmed;corrected;no
hr_0136_030;laige;schlecht, schlimm;laige;schlecht, schlimm;9, 24, 79, 80;laige=schlecht, schlimm 9, 24, 79, 80.;136;a;;no;confirmed;;no
hr_0136_031;låigen, stv.;lügen;låigen, stv.;lügen;13, 27, 38, 63, 67, 91;låigen, stv.=lügen 13, 27, 38, 63, 67, 91.;136;a;;no;confirmed;;no
hr_0136_032;laihen, lainen;leihen, verleihen;laihen, lainen;leihen, verleihen;24, 46, 69, 100;laihen, lainen=leihen, verleihen 24, 46, 69, 100.;136;a;laihen;no;confirmed;;no
hr_0136_033;laichhåit, f.;Bosheit;laichhåit, f.;Bosheit;75;laichhåit, f.=Bosheit 75.;136;a;;no;confirmed;;no
hr_0136_034;låiken;laichen;låiken;laichen;96;låiken=laichen 96.;136;b;;no;confirmed;;no
hr_0136_035;laim, m.;Lehm, Leim;laim, m.;Lehm, Leim;24;laim, m.=Lehm, Leim 24.;136;b;;no;confirmed;;no
hr_0136_036;laipe;ungesalzen, fade;laipe;ungesalzen, fade;24, 80;laipe=ungesalzen, fade 24, 80.;136;b;;no;confirmed;;no
hr_0136_037;lairs, pl.;die Wangen. „o gum, o gum, wat hät dat huüt for lairs!“;lairs, pl.;die Wangen. „o gum, o gum, wat hät dat huüt for lairs!“.;78;lairs, pl.=die Wangen. „o gum, o gum, wat hät dat huüt for lairs!“ 78.;136;b;;no;confirmed;;no
hr_0136_038;lairlecht;munter, von hellem Gesicht.;lairlecht;munter, von hellem Gesicht;;lairlecht=munter, von hellem Gesicht.;136;b;;no;confirmed;;no
hr_0136_039;lair', f.;Lehre;lair', f.;Lehre;43, 74;lair', f.=Lehre 43, 74.;136;b;;no;confirmed;;no
hr_0136_040;lair'n;lernen, lehren;lair'n;lernen, lehren;24, 44, 96;lair'n=lernen, lehren 24, 44, 96.;136;b;;no;confirmed;;no
hr_0136_041;låiwe, f. „met l. lå̂den“;zufrieden lassen.;låiwe, f. „met l. lå̂den“;zufrieden lassen;;låiwe, f. „met l. lå̂den“=zufrieden lassen.;136;b;;no;confirmed;;no
hr_0136_042;låiweslussen, n.;Gelüst;låiweslussen, n.;Gelüst;60;låiweslussen, n.=Gelüst 60.;136;b;;no;confirmed;;no
hr_0136_043;lak;schlaff;lak;schlaff;6, 80;lak=schlaff 6, 80.;136;b;;no;confirmed;;no
hr_0136_044;låk, n.;Loch;låk, n.;Loch;12, 13, 64;låk, n.=Loch 12, 13, 64.;136;b;;no;confirmed;;no
hr_0136_045;laks, m.;Schlaps;laks, m.;Schlaps (Tölpel, ungeschickter Mensch);7;laks, m.=Schlaps 7.;136;b;;no;corrected;;no
hr_0136_046;lāke, f.;die Lake;lāke, f.;die Lake;15;lāke, f.=die Lake 15.;136;b;;no;confirmed;;no
hr_0136_047;lāken, n.;ein Lachen, die Leinwand;lāken, n.;ein Laken, die Leinwand;15, 78;lāken, n.=ein Lachen, die Leinwand 15, 78.;136;b;;no;confirmed;corrected;no
hr_0136_048;läcker;lecker;läcker;lecker;11;läcker=lecker 11.;136;b;;no;confirmed;;no
hr_0136_049;läksen, f.;Lection;läksen, f.;Lection;64;läksen, f.=Lection 64.;136;b;;no;confirmed;;no
hr_0136_050;lam;lahm;lam;lahm;6;lam=lahm 6.;136;b;;no;confirmed;;no
hr_0136_051;lambertske nüede;Lambertsnüsse;lambertske nüede;Lambertsnüsse;45;lambertske nüede=Lambertsnüsse 45.;136;b;;no;confirmed;;no
hr_0136_052;lambêt;erschöpft, matt;lambêt;erschöpft, matt;18, 45;lambêt=erschöpft, matt 18, 45.;136;b;;no;confirmed;;no
hr_0136_053;lämmel, m.;Messer ohne Heft;lämmel, m.;Messer ohne Heft;11;lämmel, m.=Messer ohne Heft 11.;136;b;;no;confirmed;;no
hr_0136_054;landkadde, f.;Engerling.;landkadde, f.;Engerling;;landkadde, f.=Engerling.;136;b;;no;confirmed;;no
hr_0136_055;lank, lange;lang, lange;lank, lange;lang, lange;47, 79, 80;lank, lange=lang, lange 47, 79, 80,;136;b;lank;no;confirmed;;no
hr_0136_056;langen;langen;langen;langen;94;langen=langen 94.;136;b;;no;confirmed;;no
hr_0136_057;lankåir'n;herumflankiren;lankåir'n;herumflankieren;51, 99;lankåir'n=herumflankiren 51, 99.;136;b;;no;confirmed;corrected;no
hr_0136_058;lankwāge, m.;Stange, welche die Vorderräder mit den Hinterrädern verbindet;lankwāge, m.;Stange, welche das Vordergestell eines Wagens mit dessen Hintergestell verbindet;47, 65;lankwāge, m.=Stange, welche die Vorderräder mit den Hinterrädern verbindet 47, 65.;136;b;;no;confirmed;corrected;no
hr_0136_059;lanse, f.;Lanze;lanse, f.;Lanze;46;lanse, f.=Lanze 46.;136;b;;no;confirmed;;no
hr_0136_060;låslik;löslich;læ̊slik;löslich;12;låslik=löslich 12.;136;b;;no;corrected;corrected;no
hr_0136_061;lask, m.;abgeplattet, aneinandergelegte Balken;lask, m.;abgeplattet, aneinandergelegte Balken;72;lask, m.=abgeplattet, aneinandergelegte Balken 72.;136;b;;no;confirmed;;no
hr_0136_062;lasken;1) prügeln, 2) aneinander fügen;lasken;1) prügeln, 2) aneinander fügen;6, 60, 95;lasken=1) prügeln, 2) aneinander fügen 6, 60, 95.;136;b;;no;confirmed;;no
hr_0136_063;lå̂t, n.;Gefäſs;lå̂t, n.;Gefäß;18;lå̂t, n.=Gefäſs 18.;136;b;;no;confirmed;;no
hr_0136_064;låüben, -wen;gehorchen, glauben;låüben, låüwen;gehorchen, glauben;12, 28, 52, 99, 100, 101;låüben, -wen=gehorchen, glauben 12, 28, 52, 99, 100, 101.;136;b;låüwen;no;confirmed;;no
hr_0136_065;läuf, n.;Laub;läuf, n.;Laub;27;läuf, n.=Laub 27.;136;b;;no;confirmed;;no
hr_0136_066;*lauffröchelink, m.;Laubfrosch;lauffröchelink, m.;Laubfrosch;67;*lauffröchelink, m.=Laubfrosch 67.;136;b;;no;confirmed;;no
hr_0136_067;läun, m. u. n.;Lohn;läun, m. u. n.;Lohn;27, 73;läun, m. u. n.=Lohn 27, 73.;136;b;;no;confirmed;;no
hr_0136_068;läupen, -ben, stv.;laufen;läupen, läuben, stv.;laufen;12, 25, 27, 50, 92;läupen, -ben, stv.=laufen 12, 25, 27, 50, 92.;136;b;läupen;no;confirmed;;no
hr_0137_001;låupsk;läufisch;låüpsk;läufisch;60;låupsk=läufisch 60.;137;a;;no;confirmed;corrected;no
hr_0137_002;läus;loſs;läus;los;27;läus=loſs 27.;137;a;;no;corrected;;no
hr_0137_003;läut;flach;läut;flach;51;läut=flach 51.;137;a;;no;confirmed;;no
hr_0137_004;låüte, pl.;Abmagerung, Grind;låüte, pl.;Abmagerung, Grind;29;låüte, pl.=Abmagerung, Grind 29.;137;a;;no;confirmed;;no
hr_0137_005;*låüwerken, n.;Laubfrosch;låüwerken, n.;Laubfrosch;29;*låüwerken, n.=Laubfrosch 29.;137;a;;no;confirmed;;no
hr_0137_006;låüwern, f.;Laube;låüwern, f.;Laube;76;låüwern, f.=Laube 76.;137;a;;no;confirmed;;no
hr_0137_007;lawwerich;fade, schal;lawwerich;fade, schal;;lawwerich=fade, schal.;137;a;;no;confirmed;;no
hr_0137_008;ledden, sik;verziehen;ledden, sik;verziehen;9, 56, 95;ledden, sik=verziehen 9, 56, 95.;137;a;;no;confirmed;;no
hr_0137_009;ledder, -ern, f.;Leiter;ledder, leddern, f.;Leiter;9, 55;ledder, -ern, f.=Leiter 9, 55.;137;a;ledder;no;confirmed;;no
hr_0137_010;legge, f.;die Leinwandlegge;legge, f.;die Leinwandlegge;63;legge, f.=die Leinwandlegge 63.;137;a;;no;confirmed;;no
hr_0137_011;leggen, lajjen;legen;leggen, laijjen;legen;9, 37, 54, 63, 64, 69, 95, 101;leggen, lajjen=legen 9, 37, 54, 63, 64, 69, 95, 101.;137;a;laijjen;no;corrected;;no
hr_0137_012;lecht, n.;Licht;lecht, n.;Licht;9, 73;lecht, n.=Licht 9, 73.;137;a;;no;confirmed;;no
hr_0137_013;lecht;reif, von Nüssen;lecht;reif, von Nüssen;9;lecht, reif, von Nüssen 9.;137;a;;no;confirmed;;no
hr_0137_014;lengede, f.;Länge;lengede, f.;Länge;10;lengede, f.=Länge 10.;137;a;;no;confirmed;;no
hr_0137_015;leoge, f.;Lohe;leoge, f.;Lohe;33, 74;leoge, f.=Lohe 33, 74.;137;a;;no;confirmed;;no
hr_0137_016;let, n.;Deckel, Klappe;let, n.;Stallklappe;56, 73;let, n.=Deckel, Klappe 56, 73.;137;a;;no;confirmed;corrected;no
hr_0137_017;liar, n.;Leder;liar, n.;Leder;;liar, n.=Leder.;137;a;;no;confirmed;;no
hr_0137_018;liaſen, stv.;lesen;liaſen, stv.;lesen;6, 24, 36, 37, 61, 87;liaſen, stv.=lesen 6, 24, 36, 37, 61, 87.;137;a;;no;confirmed;;no
hr_0137_019;libben, f.;Lippe;libben, f.;Lippe;70;libben, f.=Lippe 70.;137;a;;no;confirmed;;no
hr_0137_020;Libbet;Elisabeth;Libbet;Elisabeth;61;Libbet=Elisabeth 61.;137;a;;no;confirmed;;no
hr_0137_021;lieben, n.;Leben;lieben, n.;Leben;35;lieben, n.=Leben 35.;137;a;;no;confirmed;;no
hr_0137_022;lienen;lehnen;lienen;lehnen;97;lienen=lehnen 97.;137;a;;no;confirmed;;no
hr_0137_023;liepel, m.;Löffel;liepel, m.;Löffel;35, 48;liepel, m.=Löffel 35, 48.;137;a;;no;confirmed;;no
hr_0137_024;lieſich;langsam, schmeichlerisch;lieſich;langsam, schmeichlerisch;35;lieſich=langsam, schmeichlerisch 35.;137;a;;no;confirmed;;no
hr_0137_025;liewern;liefern;liewern;liefern;35;liewern=liefern 35.;137;a;;no;confirmed;;no
hr_0137_026;liftunge, f.;Linderung;liftunge, f.;Linderung;;liftunge, f.=Linderung.;137;a;;no;confirmed;;no
hr_0137_027;liggen, stv.;liegen;liggen, stv.;liegen;6, 7, 10, 24, 36, 58, 63, 67, 87;liggen, stv.=liegen 6, 7, 10, 24, 36, 58, 63, 67, 87.;137;a;;no;confirmed;;no
hr_0137_028;lîch;leer;lîch;leer;17, 54, 80;lîch=leer 17, 54, 80.;137;a;;no;confirmed;;no
hr_0137_029;licht, lichte;leicht;licht, lichte;leicht;80;licht, lichte=leicht 80.;137;a;licht;no;confirmed;;no
hr_0137_030;licken;lecken;licken;lecken;7, 95;licken=lecken 7, 95.;137;a;;no;confirmed;;no
hr_0137_031;liksk;leckisch;liksk;leckisch;60;liksk=leckisch 60.;137;a;;no;confirmed;;no
hr_0137_032;likmündken;lechzen;likmündken;lechzen;;likmündken=lechzen.;137;a;;no;confirmed;;no
hr_0137_033;lilje, f.;Lilie;lilje, f.;Lilie;42;lilje, f.=Lilie 42.;137;a;;no;confirmed;;no
hr_0137_034;linnen, f.;Linde;luinen, f.;Linde;76;linnen, f.=Linde 76.;137;a;;no;confirmed;corrected;no
hr_0137_035;linnen, n.;Leinewand;linnen, n.;Leinewand;;linnen, n.=Leinewand.;137;a;;no;confirmed;;no
hr_0137_036;Lips;Philippus;Lips;Philippus;;Lips=Philippus.;137;a;;no;confirmed;;no
hr_0137_037;liuder;lauter;liuder;lauter;;liuder=lauter.;137;a;;no;confirmed;;no
hr_0137_038;liuen;lauten;liuen;lauten;;liuen=lauten.;137;a;;no;confirmed;;no
hr_0137_039;liuke, f.;Luke;liuke, f.;Luke;30;liuke, f.=Luke 30.;137;a;;no;confirmed;;no
hr_0137_040;*iut-liuken, stv.;ausziehen, entwurzeln;iut-liuken, stv.;ausziehen, entwurzeln;27, 30, 38, 40, 64, 91;*iut-liuken, stv.=ausziehen, entwurzeln 27, 30, 38, 40, 64, 91.;137;a;;no;confirmed;;no
hr_0137_041;liunen;übler Laune sein;liunen;übler Laune sein;97;liunen=übler Laune sein 97.;137;a;;no;confirmed;;no
hr_0137_042;liupens;hinterlistiger Weise;liupens;hinterlistiger Weise;;liupens=hinterlistiger Weise.;137;a;;no;confirmed;;no
hr_0137_043;liur, lūr, f.;Lauer;liur, lūr, f.;Lauer;20;liur, lūr, f.=Lauer 20.;137;b;lūr;no;confirmed;;no
hr_0137_044;liur'n;lauern;liur'n;lauern;30, 43;liur'n=lauern 30, 43.;137;b;;no;confirmed;;no
hr_0137_045;lius, f.;Laus;lius, f.;Laus;29;lius, f.=Laus 29.;137;b;;no;confirmed;;no
hr_0137_046;liuſemellen, f.;Spergula arvensis?;liuſemellen, f.;Spergula arvensis? (Nelkengewächs Acker-Spark);;liuſemellen, f.=Spergula arvensis?;137;b;;no;corrected;;no
hr_0137_047;liuſen;lausen;liuſen;lausen;97;liuſen=lausen 97.;137;b;;no;confirmed;;no
hr_0137_048;līwen, -ben;leben;līwen, liben;leben;15, 48, 52, 55, 70, 94, 96, 99;līwen, -ben=leben 15, 48, 52, 55, 70, 94, 96, 99.;137;b;līwen;no;confirmed;;no
hr_0137_049;loeksk, loe;flau, gedrückt, muthloſs;loeksk, loe;flau, gedrückt, muthlos;;loeksk, loe=flau, gedrückt, muthloſs.;137;b;loe;no;corrected;;no
hr_0137_050;lojjen;bellen, laut singen;loijjen;bellen, laut singen;68, 95;lojjen=bellen, laut singen 68, 95.;137;b;;no;corrected;;no
hr_0137_051;luan, f.;die Lode;luan, f.;die Lode (grober Wollstoff);38;luan, f.=die Lode 38.;137;b;;no;corrected;;no
hr_0137_052;lubbenwārm;lauwarm;lubbenwārm;lauwarm;48, 53;lubbenwārm=lauwarm 48, 53.;137;b;;no;confirmed;;no
hr_0137_053;lǖge, -en, f.;Lüge;lǖge, lügen, f.;Lüge;17, 76;lǖge, -en, f.=Lüge 17, 76.;137;b;lǖge;no;confirmed;;no
hr_0137_054;lucht;link;lucht;link, hinterhältig;8, 67, 80;lucht=link 8, 67, 80.;137;b;;no;corrected;;no
hr_0137_055;lucht, f.;Luft, Luke, Hausflur;lucht, f.;Luft, Luke, Hausflur;11, 67;lucht, f.=Luft, Luke, Hausflur 11, 67.;137;b;;no;confirmed;;no
hr_0137_056;luchtfucht, m.;ein (tapferer) Linkser;luchtfucht, m.;ein (tapferer) Linkser;;luchtfucht, m.=ein (tapferer) Linkser.;137;b;;no;confirmed;;no
hr_0137_057;lüchten, f.;Leuchte;lüchten, f.;Leuchte;67;lüchten, f.=Leuchte 67.;137;b;;no;confirmed;;no
hr_0137_058;*luchtlåiwerken, n.;Feldlerche;luchtlåiwerken, n.;Feldlerche;29;*luchtlåiwerken, n.=Feldlerche 29.;137;b;;no;confirmed;;no
hr_0137_059;luien, stv.;1) leiden, 2) leiten;luien, stv.;1) leiden, 2) leiten;16, 24, 90;luien, stv.=1) leiden, 2) leiten 16, 24, 90.;137;b;;no;confirmed;;no
hr_0137_060;luien, swv.;leiten;luien, swv.;leiten;100;luien, swv.=leiten 100.;137;b;;no;confirmed;;no
hr_0137_061;luif, n.;der Leib;luif, n.;der Leib;;luif, n.=der Leib.;137;b;;no;confirmed;;no
hr_0137_062;luik, n.;Leiche;luik, n.;Leiche;32, 65, 73;luik, n.=Leiche 32, 65, 73.;137;b;;no;confirmed;;no
hr_0137_063;luike, lîke;gerade;luike, lîke;gerade;17, 31, 80;luike, lîke=gerade 17, 31, 80.;137;b;lîke;no;confirmed;;no
hr_0137_064;luikentrecker, m.;Lineal;luikentrecker, m.;Lineal;;luikentrecker, m.=Lineal.;137;b;;no;confirmed;;no
hr_0137_065;luiken;zielen;luiken;zielen;96;luiken=zielen 96.;137;b;;no;confirmed;;no
hr_0137_066;luilam;gliedlahm;luilam;gliedlahm;32, 54;luilam=gliedlahm 32, 54.;137;b;;no;confirmed;;no
hr_0137_067;luisken, adv.;leise;luisken, adv.;leise;60, 80;luisken, adv.=leise 60, 80.;137;b;;no;confirmed;;no
hr_0137_068;luksen;heimlich ausraufen, stehlen;luksen;heimlich ausraufen, stehlen;64, 99;luksen=heimlich ausraufen, stehlen 64, 99.;137;b;;no;confirmed;;no
hr_0137_069;lüllen;geifern, saugen (von Säuglingen);lüllen;geifern, saugen (von Säuglingen);95;lüllen=geifern, saugen (von Säuglingen) 95.;137;b;;no;confirmed;;no
hr_0137_070;lüns, m.;Lünznagel;lüns, m.;Lünznagel (Achsnagel, Radvorstecker);13, 61;lüns, m.=Lünznagel 13, 61.;137;b;;no;confirmed;corrected;no
hr_0137_071;lūrich;halbkrank, veränderlich (Wetter);lūrich;halbkrank, veränderlich (Wetter);20;lūrich=halbkrank, veränderlich (Wetter) 20.;137;b;;no;confirmed;;no
hr_0137_072;lūrk, m.;Kröte (Sch.);lūrk, m.;Kröte (Sch.);20, 39, 65;lūrk, m.=Kröte (Sch.) 20, 39, 65.;137;b;;no;confirmed;;no
hr_0137_073;lussen, m.;Lust;lussen, m.;Lust;8;lussen, m.=Lust 8.;137;b;;no;confirmed;;no
hr_0137_074;lust, f.;ein Strauſs;lust, f.;ein Strauß;8, 75;lust, f.=ein Strauſs 8, 75.;137;b;;no;confirmed;;no
hr_0137_075;lustern;laustern;lustern;laustern, lauschen;7, 98;lustern=laustern, 7, 98.;137;b;;no;corrected;;no
hr_0137_076;lütk;klein;lütk;klein;9, 57, 65, 80, 83;lütk=klein 9, 57, 65, 80, 83.;137;b;;no;confirmed;;no
hr_0137_077;luüen;läuten;luüen;läuten;8, 30, 55, 100;luüen=läuten 8, 30, 55, 100.;137;b;;no;confirmed;;no
hr_0137_078;luüe, pl.;Leute;luüe, pl.;Leute;10, 30, 55;luüe, pl.=Leute 10, 30, 55.;137;b;;no;confirmed;;no
hr_0137_079;luünink, m.;Sperling;luünink, m.;Sperling;30;luünink, m.=Sperling 30.;137;b;;no;confirmed;;no
hr_0137_080;luünsk;misvergnügt, launisch, falsch;luünsk;misvergnügt, launisch, falsch;30, 46, 80;luünsk=misvergnügt, launisch, falsch 30, 46, 80.;137;b;;no;confirmed;;no
lr_0138_001;luünsken;heimlich nachforschen;luünsken;heimlich nachforschen;;luünsken=heimlich nachforschen.;138;a;;no;confirmed;;no
lr_0138_002;*luüt, n.;Mädchen;luüt, n.;Mädchen;4, 30, 54, 55, 57, 77, 78;*luüt, n.=Mädchen 4, 30, 54, 55, 57, 77, 78.;138;a;;no;confirmed;;no
lr_0138_003;luwwe;lau;luwwe;lau;53;luwwe=lau 53.;138;a;;no;confirmed;;no
lr_0138_004;'m, 'm!;Zeichen der Bejahung;'m, 'm!;Zeichen der Bejahung;70, 83;'m, 'm! Zeichen der Bejahung 70, 83.;138;a;;no;confirmed;;no
lr_0138_005;'m! (langgezogen);Laut des Zweifels;'m! (langgezogen);Laut des Zweifels;83;'m! (langgezogen) Laut des Zweifels 83.;138;a;;no;confirmed;;no
lr_0138_006;måbben, f.;Ärmel;mæ̊bben, f.;Ärmel;48;måbben, f.=Ärmel 48.;138;a;;no;confirmed;corrected;no
lr_0138_007;må̂de, f.;das Maſs;må̂de, f.;das Maß;18, 74;må̂de, f.=das Maſs 18, 74.;138;a;;no;confirmed;;no
lr_0138_008;māge, -en, m.;Magen;māge, magen, m.;Magen;15, 75;māge, -en, m.=Magen 15, 75.;138;a;māge;no;confirmed;;no
lr_0138_009;māget, f.;Magd;māget, f.;Magd;15, 37, 63, 74;māget, f. Magd 15, 37, 63, 74.;138;a;;no;confirmed;;no
lr_0138_010;machollerbäum, m.;Wacholder;machollerbäum, m.;Wacholder;53;machollerbäum, m.=Wacholder 53.;138;a;;no;confirmed;;no
lr_0138_011;maien;miethen;maien;miethen;24, 96;maien=miethen 24, 96.;138;a;;no;confirmed;;no
lr_0138_012;måich, m.;der Mai;måich, m.;der Mai;68;måich, m.=der Mai 68.;138;a;;no;confirmed;;no
lr_0138_013;måine, f.;Meinung;måine, f.;Meinung;74;måine, f.=Meinung 74.;138;a;;no;confirmed;;no
lr_0138_014;måinen;meinen;måinen;meinen;46, 100;måinen=meinen 46, 100.;138;a;;no;confirmed;;no
lr_0138_015;mair;mehr, vergl. „fiel“;mair;mehr, vergl. „fiel“.;;mair=mehr, vergl. „fiel“.;138;a;;no;confirmed;;no
lr_0138_016;måist;meist, vergl. „fiel“;måist;meist, vergl. „fiel“.;78;måist=meist, vergl. „fiel“ 78.;138;a;;no;confirmed;;no
lr_0138_017;måjjen, m.;Morgen, neben muarn;måijjen, muarn, m.;Morgen;45;måjjen, m.=Morgen, neben muarn 45.;138;a;;no;corrected;;no
lr_0138_018;majjen;mähen;maijjen;mähen;68, 95;majjen=mähen 68, 95.;138;a;;no;corrected;;no
lr_0138_019;majjer, m.;der Meier;maijjer, m.;der Meier;68;majjer, m.=der Meier 68.;138;a;;no;corrected;;no
lr_0138_020;mak;sanft, weich, ruhig, besonders vom Wetter;mak;sanft, weich, ruhig, besonders vom Wetter;;mak=sanft, weich, ruhig, beson- ders vom Wetter.;138;a;;no;;;no
lr_0138_021;māken;machen;māken;machen;14, 15, 55, 90, 96;māken=machen 14, 15, 55, 90, 96.;138;a;;no;;;no
lr_0138_022;må̂l, n.;das Mal;må̂l, n.;das Mal;18;må̂l, n.=das Mal 18.;138;a;;no;;;no
lr_0138_023;må̂l (å);einmal;må̂l (å);einmal;79;må̂l (å)=einmal 79.;138;a;;no;;;no
lr_0138_024;mālen, stv.;mahlen;mālen, stv.;mahlen;11, 15, 33, 89;mālen, stv.=mahlen 11, 15, 33, 89.;138;a;;no;;;no
lr_0138_025;mālen;malen;målen;malen;14, 96;mālen=malen 14, 96.;138;a;;no;;corrected;no
lr_0138_026;mâljåir'ch;„gerichtsjährig“;mâljåir'ch;„gerichtsjährig“.;17;mâljåir'ch=„gerichtsjährig“ 17.;138;a;;no;;;no
lr_0138_027;mälk, adj.;milch;mälk, adj.;Milch;11;mälk, adj.=milch 11.;138;a;;no;;corrected;no
lr_0138_028;mälken, stv.;melken;mälken, stv.;melken;11, 13, 86;mälken, stv.=melken 11, 13, 86.;138;a;;no;;;no
lr_0138_029;mámma, f.;die Mutter;mámma, f.;die Mutter;;mámma, f.=die Mutter.;138;a;;no;;;no
lr_0138_030;man, m.;Mann;man, m.;Mann;46, 78;man, m.=Mann 46, 78.;138;a;;no;;;no
lr_0138_031;man;man;man;man;82;man=man 82.;138;a;;no;;;no
lr_0138_032;man, män;aber, nur;man, män;aber, nur;6, 11, 47;man, män=aber, nur 6, 11, 47.;138;a;män;no;;;no
lr_0138_033;må̂ne, f. u. m.;Mond;må̂ne, f. u. m.;Mond;14, 18, 57, 74;må̂ne, f. u. m.=Mond 14, 18, 57, 74.;138;a;;no;;;no
lr_0138_034;må̂neken, n.;Möndchen;mæ̊̅neken, n.;Möndchen;18;må̂neken, n.=Möndchen 18.;138;a;;no;;corrected;no
lr_0138_035;mānen;mahnen;mānen;mahnen;15, 96;mānen=mahnen 15, 96.;138;a;;no;;;no
lr_0138_036;månern;zu Tode quälen;mæ̊̅nern;zu Tode quälen;20, 100;månern=zu Tode quälen 20, 100.;138;a;;no;;corrected;no
lr_0138_037;mangel, mängel, f.;Kerngehäuse;mangel, mängel, f.;Kerngehäuse;6, 47;mangel, mängel, f.=Kerngehäuse 6, 47.;138;a;mängel;no;;;no
lr_0138_038;manges;oft;manges;oft;9, 47, 58, 63, 82;manges=oft 9, 47, 58, 63, 82.;138;a;;no;;;no
lr_0138_039;manjer;mancher;manjer;mancher;;"manjer=mancher;";138;a;;no;;;no
lr_0138_039b;mannich;manch;mannich;manch;69, 82;mannich=manch 69, 82.;138;a;;no;;;no
lr_0138_040;manjesknaup?;Vergl. Anh. II, S.112.;manjesknaup?;Vergl. Anh. II, S.112;;manjesknaup? Vergl. Anh. II, S.112.;138;b;;no;;;no
lr_0138_041;manken;zwischen (veraltet);manken;zwischen (veraltet);;manken=zwischen (veraltet).;138;b;;no;;;no
lr_0138_042;mārgenbleome, f.;Marienblümchen, bellis perennis;mārgenbleome, f.;Marienblümchen, bellis perennis;19;mārgenbleome, f.=Marienblüm- chen, bellis perennis 19.;138;b;;no;;;no
lr_0138_043;mǟrts, m.;März;mǟrts, m.;März;20;mǟrts, m.=März 20.;138;b;;no;;;no
lr_0138_044;mås, mäus, n.;Moos;mås, mäus, n.;Moos;12, 13;mås, mäus, n.=Moos 12, 13.;138;b;mäus;no;;;no
lr_0138_045;mä̂ſe, f.;1) Hintern, 2) Baumnarbe;mä̂ſe, f.;1) Hintern, 2) Baumnarbe;18, 45;mä̂ſe, f.=1) Hintern, 2) Baum- narbe 18, 45.;138;b;;no;;;no
lr_0138_046;Mask, f.;Marschwiese;Mask, f.;Marschwiese;6, 45;Mask, f.=Marschwiese 6, 45.;138;b;;no;;;no
lr_0138_047;masse, f.;Masse;masse, f.;Masse;60;masse, f.=Masse 60.;138;b;;no;;;no
lr_0138_048;måstert, m.;Senf;måstert, m.;Senf;;måstert, m.=Senf.;138;b;;no;;;no
lr_0138_049;matīrje, f.;Eiter;matīrje, f.;Eiter;69;matīrje, f.=Eiter 69.;138;b;;no;;;no
lr_0138_050;matten;die „Matte“ nehmen;matten;die „Matte“ nehmen (sinnbildlich für Aufbruch, Beenden einer Opferrolle);;matten=die „Matte“ nehmen.;138;b;;no;;corrected;no
lr_0138_051;melden;melden;melden;melden;42;melden=melden 42.;138;b;;no;;;no
lr_0138_052;mellen, -e, f.;Grashalm mit Ähre;mellen, melle, f.;Grashalm mit Ähre;42, 76;mellen, -e, f.=Grashalm mit Ähre 42, 76.;138;b;melle;no;;;no
lr_0138_053;mellesuin, f.;Medizin;mellesuin, f.;Medizin;43;mellesuin, f.=Medizin 43.;138;b;;no;;;no
lr_0138_054;meoer, f.;Mutter (selten);meoer, f.;Mutter (selten);33, 81;meoer, f.=Mutter (selten) 33, 81.;138;b;;no;;;no
lr_0138_055;meole, f.;die Mulde;meole, f.;die Mulde;33, 56;meole, f.=die Mulde 33, 56.;138;b;;no;;;no
lr_0138_056;meor, n.;das Moor;meor, n.;das Moor;33;meor, n.=das Moor 33.;138;b;;no;;;no
lr_0138_057;meot, m.;Muth;meot, m.;Muth;33, 56;meot, m.=Muth 33, 56.;138;b;;no;;;no
lr_0138_058;mes, m.;Mist;mes, m.;Mist;9;mes, m.=Mist 9.;138;b;;no;;;no
lr_0138_059;mesfâl, m.;Mistfal;mesfâl, m.;Mistfall;17;mesfâl, m.=Mistfal 17.;138;b;;no;;corrected;no
lr_0138_060;messen;misten;messen;misten;95;messen=misten 95.;138;b;;no;;;no
lr_0138_061;mest, n.;Messer;mest, n.;Messer;57, 60, 73;mest, n.=Messer 57, 60, 73.;138;b;;no;;;no
lr_0138_062;mester, m.;Meister;mester, m.;Meister;60;mester, m.=Meister 60.;138;b;;no;;;no
lr_0138_063;met, n.;Fleisch, dat Mett;met, n.;Fleisch, dat Mett;9, 57, 73;met, n.=Fleisch, dat Mett 9, 57, 73.;138;b;;no;;;no
lr_0138_064;met, medde;mit;met, medde;mit;9;met, medde=mit 9.;138;b;;no;;;no
lr_0138_065;mia, m.;Meth;mia, m.;Meth (Honigwein);36;mia, m.=Meth 36.;138;b;;no;;corrected;no
lr_0138_066;miaden, stv.;messen;miaden, stv.;messen;11, 24, 36, 87;miaden, stv.=messen 11, 24, 36, 87.;138;b;;no;;;no
lr_0138_067;miaken, n.;(Dienst-)Mädchen;miaken, n.;(Dienst-)Mädchen;37, 77;miaken, n.=(Dienst-)Mädchen 37, 77.;138;b;;no;;;no
lr_0138_068;mial, n.;Mehl;mial, n.;Mehl;37;mial, n.=Mehl 37.;138;b;;no;;;no
lr_0138_069;mialke, n.;Milch;mialke, n.;Milch;36, 74;mialke, n.=Milch 36, 74.;138;b;;no;;;no
lr_0138_070;miar', f.;Stute;miar', f.;Stute (von Mähre);37, 44, 74;miar', f.=Stute 37, 44, 74.;138;b;;no;;corrected;no
lr_0138_071;*miar kum!;Lockruf für Kühe;miar kum!;Lockruf für Kühe;37;*miar kum! Lockruf für Kühe 37.;138;b;;no;;;no
lr_0138_072;miargel, m.;Mergel;miargel, m.;Mergel;37;miargel, m.=Mergel 37.;138;b;;no;;;no
lr_0138_073;miarken;merken;miarken;merken;37, 97;miarken=merken 37, 97.;138;b;;no;;;no
lr_0138_074;middach, n.;Mittagessen;middach, n.;Mittagessen;78;middach, n.=Mittagessen 78.;138;b;;no;;;no
lr_0138_075;middewieken, f.;Mittwoch, neben geonsdach;middewieken, f.;Mittwoch, neben geonsdach;;middewieken, f.=Mittwoch, neben geonsdach.;138;b;;no;;;no
lr_0138_076;mîk, m.;Regenwurm;mîk, m.;Regenwurm;17, 54, 72;mîk, m.=Regenwurm 17, 54, 72.;138;b;;no;;;no
lr_0138_077;min-ächtich;geringschätzig;min-ächtich;geringschätzig;;min-ächtich=geringschätzig.;138;b;;no;;;no
lr_0138_078;minne;schwach von Körper, gering, „dat es mi dåch to minne“ =das is mir doch zu verächtlich!;minne;schwach von Körper, gering, „dat es mi dåch to minne“=das ist mir doch zu verächtlich!;80, 83;minne=schwach von Körper, ge- ring, „dat es mi dåch to minne“ =das is mir doch zu verächt- lich! 80, 83.;138;b;;no;;corrected;no
lr_0139_001;minske, m.;Mensch;minske, m.;Mensch;7, 46, 60;minske, m.=Mensch 7, 46, 60.;139;a;;no;;;no
lr_0139_002;mis;verfehlt.;mis;verfehlt;;mis=verfehlt.;139;a;;no;;;no
lr_0139_003;mîs, f.;Katze;mîs, f.;Katze;16;mîs, f.=Katze 16.;139;a;;no;;;no
lr_0139_004;mîſe;übel, fatal;mîſe;übel, fatal;15, 61;mîſe=übel, fatal 15, 61.;139;a;;no;;;no
lr_0139_005;misse, f.;Messe;misse, f.;Messe;60;misse, f.=Messe 60.;139;a;;no;;;no
lr_0139_006;missen;missen;missen;missen;95;missen=missen 95.;139;a;;no;;;no
lr_0139_007;missink, m.;Messing.;missink, m.;Messing;;missink, m.=Messing.;139;a;;no;;;no
lr_0139_008;*miuken, pl.;1) Abfälle beim Reinigen des Korns, wie Halmstücke, Ähren, 2) Torf;miuken, pl.;1) Abfälle beim Reinigen des Korns, wie Halmstücke, Ähren, 2) Torf;64;*miuken, pl.=1) Abfälle beim Reinigen des Korns, wie Halmstücke, Ähren, 2) Torf 64.;139;a;;no;;;no
lr_0139_009;miul, n.;Maul;miul, n.;Maul;29;miul, n.=Maul 29.;139;a;;no;;checked_no_change;no
lr_0139_010;mius, f.;Maus.;mius, f.;Maus;;mius, f.=Maus.;139;a;;no;;;no
lr_0139_011;moede, f.;Begegnung;moede, f.;Begegnung;34, 55;moede, f.=Begegnung 34, 55.;139;a;;no;;;no
lr_0139_012;moede, mojje, f.;Mühe;moede, moijje, f.;Mühe;56, 68;moede, mojje, f.=Mühe 56, 68.;139;a;moede;no;;corrected;no
lr_0139_013;moeden, moeen, st. u. sw. v.;begegnen;moeden, moeen, st. u. sw. v.;begegnen;11, 34, 35, 56, 58, 92, 100;moeden, moeen, st. u. sw. v.=begegnen 11, 34, 35, 56, 58, 92, 100.;139;a;moeen;no;;checked_no_change;no
lr_0139_014;moee;müde;moee;müde;34;moee=müde 34.;139;a;;no;;checked_no_change;no
lr_0139_015;moeme, f.;Mutter;moeme, f.;Mutter;34, 57, 74, 81;moeme, f.=Mutter 34, 57, 74, 81.;139;a;;no;;;no
lr_0139_016;mogde;wühlte. Vergl. Strodtmann 333: muggen;mogde;wühlte. Vergl. Strodtmann 333: muggen;100;mogde=wühlte. Vergl. Strodtmann 333: muggen 100.;139;a;;no;;checked_no_change;no
lr_0139_017;mojjen, sik;sich grämen, plagen. „et schüt mi in't mojjen“=es reut mich;moijjen, sik;sich grämen, plagen. „et schüt mi in't mojjen“=es reut mich.;95;mojjen, sik=sich grämen, plagen. „et schüt mi in't mojjen“=es reut mich 95.;139;a;;no;;corrected;no
lr_0139_018;muarn, muargen, måüjjen, m.;Morgen;muarn, muargen, måüjjen, m.;Morgen;38, 69;muarn, muargen, måüjjen, m.=Morgen 38, 69.;139;a;muargen | måüjjen;no;confirmed;;no
lr_0139_019;muddich;morastig.;muddich;morastig;;muddich=morastig.;139;a;;no;;checked_no_change;no
lr_0139_020;müeden;müssen;müeden;müssen;11, 58, 102;müeden=müssen 11, 58, 102.;139;a;;no;;;no
lr_0139_021;müegen;mögen;müegen;mögen;40, 57, 63, 69, 102;müegen=mögen 40, 57, 63, 69, 102.;139;a;;no;;;no
lr_0139_022;müelen, -e, f.;Mühle;müelen, müele, f.;Mühle;40;müelen, -e, f.=Mühle 40.;139;a;müele;no;;;no
lr_0139_023;müele, f.;Mund;müele, f.;Mund;40, 74;müele, f.=Mund 40, 74.;139;a;;no;;;no
lr_0139_024;müesk, m.;Waldmeister.;müesk, m.;Waldmeister;;müesk, m.=Waldmeister.;139;a;;no;;;no
lr_0139_025;müffich;modrig;müffich;modrig;51;müffich=modrig 51.;139;a;;no;;;no
lr_0139_026;muien, stv.;meiden;muien, stv.;meiden;16, 32, 90;muien, stv.=meiden 16, 32, 90.;139;a;;no;;;no
lr_0139_027;muigen, stv.;harnen;muigen, stv.;harnen;24, 89;muigen, stv.=harnen 24, 89.;139;a;;no;;checked_no_change;no
lr_0139_028;muin;mein;muin;mein;32, 57, 81, 82;muin=mein 32, 57, 81, 82.;139;a;;no;;;no
lr_0139_029;mul;locker.;mul;locker;;mul=locker.;139;a;;no;;;no
lr_0139_030;mul, mülm, m.;Staub;mul, mülm, m.;Staub;13;mul, mülm, m.=Staub 13.;139;a;mülm;no;;;no
lr_0139_031;mülmerich;feinstaubig.;mülmerich;feinstaubig;;mülmerich=feinstaubig.;139;a;;no;;;no
lr_0139_032;mulstrich, müstrich;stockig, von Speisen und Getränken.;mulstrich, müstrich;stockig, von Speisen und Getränken;;mulstrich, müstrich=stockig, von Speisen und Getränken.;139;a;müstrich;no;;;no
lr_0139_033;mümmeln;mühsam kauen;mümmeln;mühsam kauen;13, 98;mümmeln=mühsam kauen 13, 98.;139;a;;no;;;no
lr_0139_034;munful, m.;Mundvoll;muntful, m.;Mundvoll;47, 56;munful, m.=Mundvoll 47, 56.;139;a;;no;;corrected;no
lr_0139_035;munster, n.;Muster;munster, n.;Muster;46, 78;munster, n.=Muster 46, 78.;139;a;;no;;;no
lr_0139_036;munt, f. u. m.;Mund;munt, f. u. m.;Mund;74;munt, f. u. m.=Mund 74.;139;a;;no;;;no
lr_0139_037;müön'k, m.;Mönch;müön'k, m.;Mönch;40;müön'k, m.=Mönch 40.;139;a;;no;;;no
lr_0139_038;muts, m.;kurze Tonpfeife, Stummel.;muts, m.;kurze Tonpfeife, Stummel;;muts, m.=kurze Tonpfeife, Stummel.;139;a;;no;;;no
lr_0139_039;muür;mürbe;muür;mürbe;39, 53, 80;muür=mürbe 39, 53, 80.;139;b;;no;;;no
lr_0139_040;muür, f.;Mauer;muür, f.;Mauer;31, 44;muür, f.=Mauer 31, 44.;139;b;;no;;;no
lr_0139_041;muürker, m.;Maurer;muürker, m.;Maurer;31;muürker, m.=Maurer 31.;139;b;;no;;;no
lr_0139_042;muüs, muüsken, n. u. f.;die Kuh, „muüs kum!“;muüs, muüsken, n. u. f.;die Kuh, „muüs kum!“.;78;muüs, muüsken, n. u. f.=die Kuh, „muüs kum!“ 78.;139;b;muüs;no;;;no
lr_0139_043;muüsken, n.;das Muſs;muüsken, n.;das Mus;60;muüsken, n.=das Muſs 60.;139;b;;no;;corrected;no
lr_0139_044;nå̂del, f.;Nadel;nå̂del, f.;Nadel;55;nå̂del, f.=Nadel 55.;139;b;;no;;;no
lr_0139_045;naffel, m.;Nabel;naffel, m.;Nabel;51;naffel, m.=Nabel 51.;139;b;;no;;;no
lr_0139_046;nāgel, m.;Nagel;nāgel, m.;Nagel;37, 78;nāgel, m.=Nagel 37, 78.;139;b;;no;;;no
lr_0139_047;naggen;nagen;naggen;nagen;66, 95;naggen=nagen 66, 95.;139;b;;no;;;no
lr_0139_048;nachtmār', -'n, f.;Alp;nachtmār', nactmar'n, f.;Alb;19, 76;nachtmār', -'n, f.=Alp 19, 76.;139;b;nachtmār';no;;corrected;no
lr_0139_049;nachtmisse, f.;Abendbrod.;nachtmisse, f.;Abendbrod;;nachtmisse, f.=Abendbrod.;139;b;;no;;;no
lr_0139_050;nai;nein;nai;nein;24;nai=nein 24.;139;b;;no;;;no
lr_0139_051;naig'de, f.;Nähe;naig'de, f.;Nähe;63;naig'de, f.=Nähe 63.;139;b;;no;;;no
lr_0139_052;najjen;nähen;naijjen;nähen;68, 95;najjen=nähen 68, 95.;139;b;;no;;corrected;no
lr_0139_053;najjen;wiehern;naijjen;wiehern;68, 95;najjen=wiehern 68, 95.;139;b;;no;;corrected;no
lr_0139_054;najjerske, f.;Taumelkäfer, Gyrinus.;naijjerske, f.;Taumelkäfer, Gyrinus;;najjerske, f.=Taumelkäfer, Gyrinus.;139;b;;no;;corrected;no
lr_0139_055;nāket;nackt;nāket;nackt;15, 64, 80;nāket=nackt 15, 64, 80.;139;b;;no;;;no
lr_0139_056;nāme, m.;Namen;nāme, m.;Namen;15;nāme, m.=Namen 15.;139;b;;no;;;no
lr_0139_057;nap, m.;Napf;nap, m.;Napf;48;nap, m.=Napf 48.;139;b;;no;;;no
lr_0139_058;napsak, m.;Tornister;napsak, m.;Tornister;46;napsak, m.=Tornister 46.;139;b;;no;;;no
lr_0139_059;näpse, äpsen, pl.;Possen, lächerliche Geberden;näpse, äpsen, pl.;Possen, lächerliche Gebärden;11;näpse, äpsen, pl.=Possen, lächerliche Geberden 11.;139;b;äpsen;no;;corrected;no
lr_0139_060;nār, m.;Narr;nār, m.;Narr;19, 44;nār, m.=Narr 19, 44.;139;b;;no;;;no
lr_0139_061;nār'n;narren;nār'n;narren;19;nār'n=narren 19.;139;b;;no;;;no
lr_0139_062;nask, m.;die Schachtel;nask, m.;die Schachtel;6, 72;nask, m.=die Schachtel 6, 72.;139;b;;no;;;no
lr_0139_063;nå̂t, f.;"Naht; Scheitel";nå̂t, f.;"Naht; Scheitel";18;"nå̂t, f.=Naht; Scheitel 18.";139;b;;no;;;no
lr_0139_064;näu, nå;nach, noch;näu, nå;nach, noch;28;näu, nå=nach, noch 28.;139;b;;no;;;no
lr_0139_065;nåüdigen;nöthigen;nåüdigen;nöthigen;55;nåüdigen=nöthigen 55.;139;b;;no;;;no
lr_0139_066;näuflāen, näuflätkern;hinterbringen (unter Kindern);näuflāen, näuflätkern;hinterbringen (unter Kindern);56, 96, 99;näuflāen, näuflätkern=hinterbringen (unter Kindern) 56, 96, 99.;139;b;näuflätkern;no;;;no
lr_0139_067;näuh, näuge;nahe;näuh, näuge;nahe;24, 63, 68, 83;näuh, näuge=nahe 24, 63, 68, 83.;139;b;näuge;no;;;no
lr_0139_068;näut, f.;Noth;näut, f.;Noth;27;näut, f.=Noth 27.;139;b;;no;;;no
lr_0139_069;näutnå̂wer, m.;der Nothnachbar (bei Todesfällen etc.);näutnå̂wer, m.;der Nothnachbar (bei Todesfällen etc.);;näutnå̂wer, m.=der Nothnachbar (bei Todesfällen etc.).;139;b;;no;;;no
lr_0139_070;nå̂wer, m.;Nachbar;nå̂wer, m.;Nachbar;18, 52, 69, 77;nå̂wer, m.=Nachbar 18, 52, 69, 77.;139;b;;no;;;no
lr_0139_071;nedderå̄l;neutral;nedderå̄l;neutral;10, 56;nedderå̄l=neutral 10, 56.;139;b;;no;;;no
lr_0139_072;neoch=eneoch;genug;neoch=eneoch;genug;33, 46, 78;neoch=eneoch=genug 33, 46, 78.;139;b;;no;;;no
lr_0139_073;neone, f.;die Neone;neone, f.;die None (Mittagsschlaf);33, 74;neone, f.=die Neone 33, 74.;139;b;;no;;corrected;no
lr_0139_074;neost, kneost, m.;Knorren;neost, kneost, m.;Knorren;33, 46, 65;neost, kneost, m.=Knorren 33, 46, 65.;139;b;kneost;no;;;no
lr_0139_075;net, n.;Netz;net, n.;Netz;57;net, n.=Netz 57.;139;b;;no;;;no
lr_0139_076;net;nett, adv. netken;net;nett, adv. netken;80;net=nett, adv. netken 80.;139;b;;no;;;no
lr_0139_077;niageln;nageln;niageln;nageln;94;niageln=nageln 94.;139;b;;no;;;no
lr_0139_078;niaren;nähren;niaren;nähren;57, 97;niaren=nähren 57, 97.;139;b;;no;;;no
lr_0139_079;niaſewuis;naseweis;niaſewuis;naseweis;37, 76;niaſewuis=naseweis 37, 76.;139;b;;no;;;no
hr_0140_001;nibbeln;nagen;nibbeln;nagen;7, 46, 48, 66, 98;nibbeln=nagen 7, 46, 48, 66, 98.;140;a;;no;confirmed;;no
hr_0140_002;niede, pl.;Nisse;niede, pl.;Nisse;35, 55, 75;niede, pl.=Nisse 35, 55, 75.;140;a;;no;confirmed;;no
hr_0140_003;niedel, f.;Nessel;niedel, f.;Nessel;36;niedel, f.=Nessel 36.;140;a;;no;confirmed;;no
hr_0140_004;niedelküönink, m.;Zaunkönig.;niedelküönink, m.;Zaunkönig;;niedelküönink, m.=Zaunkönig.;140;a;;no;confirmed;;no
hr_0140_005;niegenmå̂ner, m.;Neuntödter.;niegenmæ̊̅ner, m.;Neuntödter;;niegenmå̂ner, m.=Neuntödter.;140;a;;no;checked_no_change;corrected;no
hr_0140_006;niemen, stv.;nehmen;niemen, stv.;nehmen;6, 24, 36, 38, 47, 74, 88;niemen, stv.=nehmen 6, 24, 36, 38, 47, 74, 88.;140;a;;no;confirmed;;no
hr_0140_007;niems, niems nich;niemand;niems, niems nich;niemand;78, 82;niems, niems nich=niemand 78, 82.;140;a;;no;confirmed;;no
hr_0140_008;nich;nicht;nich;nicht;58, 82;nich=nicht 58, 82.;140;a;;no;confirmed;;no
hr_0140_009;niks, niks nich;nichts;niks, niks nich;nichts;65, 82;niks, niks nich=nichts 65, 82.;140;a;;no;confirmed;;no
hr_0140_010;nin;kein;nin;kein;8, 82;nin=kein 8, 82.;140;a;;no;confirmed;;no
hr_0140_011;nîp!;Ruf gegen Enten.;nîp!;Ruf gegen Enten;;nîp!=Ruf gegen Enten.;140;a;;no;;;no
hr_0140_012;nippen;schlummern;nippen;schlummern;95;nippen=schlummern 95.;140;a;;no;confirmed;;no
hr_0140_013;nitsken, n.;etwas;nitsken, n.;etwas;65;nitsken, n.=etwas 65.;140;a;;no;confirmed;;no
hr_0140_014;niu, nu;nun;niu, nu;nun;8, 30;niu, nu=nun 8, 30.;140;a;nu;no;confirmed;;no
hr_0140_015;nīwelkabbe, f.;Nebelkappe, eine weite Mütze, welche bis vor 20 Jahren über der Haube getragen wurde;nīwelkabbe, f.;Nebelkappe, eine weite Mütze, welche bis vor 20 Jahren über der Haube getragen wurde;15, 52;nīwelkabbe, f.=Nebelkappe, eine weite Mütze, welche bis vor 20 Jahren über der Haube getragen wurde 15, 52.;140;a;;no;confirmed;;no
hr_0140_016;noemen, naimen;nennen;noemen, naimen;nennen;34, 46, 97;noemen, naimen=nennen 34, 46, 97.;140;a;naimen;no;confirmed;;no
hr_0140_017;noenken;Mittagsschlaf halten, zu none.;noenken;Mittagsschlaf halten (None);;noenken=Mittagsschlaf halten, zu none.;140;a;;no;;corrected;no
hr_0140_018;nöchtern, n.;Frühstück;nöchtern, n.;Frühstück;13, 78;nöchtern, n.=Frühstück 13, 78.;140;a;;no;confirmed;;no
hr_0140_019;nöchtern;nüchtern;nöchtern;nüchtern;13;nöchtern=nüchtern 13.;140;a;;no;confirmed;;no
hr_0140_020;nōrt, neorden, m.;Norden;nōrt, neorden, m.;Norden;34;nōrt, neorden, m.=Norden 34.;140;a;neorden;no;;;no
hr_0140_021;not, f.;Nuss;not, f.;Nuss;10, 40, 74;not, f.=Nuss 10, 40, 74.;140;a;;no;confirmed;;no
hr_0140_022;nuarf, nuorf, m.;der Rasen;nuarf, nuorf, m.;der Rasen;39, 44;nuarf, nuorf, m.=der Rasen 39, 44.;140;a;nuorf;no;;;no
hr_0140_023;nüdde, adv.;tüchtig, beträchtlich, sehr;nüdde, adv.;tüchtig, beträchtlich, sehr;13, 80;nüdde, adv.=tüchtig, beträchtlich, sehr 13, 80.;140;a;;no;confirmed;;no
hr_0140_024;nuffen;leise knurren;nuffen;leise knurren;95;nuffen=leise knurren 95.;140;a;;no;confirmed;;no
hr_0140_025;nuiendüür, f.;Scheunenthür des Bauernhauses.;nuiendüür, f.;Deelentür im Bauernhaus (große Tür unter dem Giebel);;nuiendüür, f.=Scheunenthür des Bauernhauses.;140;a;;no;corrected;corrected;no
hr_0140_026;nuifeln;stipitzen, naschen;nuifeln;stipitzen, naschen;32, 51;nuifeln=stipitzen, naschen 32, 51.;140;a;;no;;;no
hr_0140_027;nuigen;neigen;nuigen;neigen;90;nuigen=neigen 90.;140;a;;no;confirmed;;no
hr_0140_028;nuich;neu;nuich;neu;68, 80;nuich=neu 68, 80.;140;a;;no;confirmed;;no
hr_0140_029;nuipe, adv.;dicht herangedrängt, genau;nuipe, adv.;dicht herangedrängt, genau;32, 49;nuipe, adv.=dicht herangedrängt, genau 32, 49.;140;a;;no;;;no
hr_0140_030;nuipken, pl.;die Enten;nuipken, pl.;die Enten;32;nuipken, pl.=die Enten 32.;140;a;;no;confirmed;;no
hr_0140_031;nuischuir'ch;an Neuem theilnehmend, neugierig;nuischuir'ch;an Neuem theilnehmend, neugierig;32, 62;nuischuir'ch=an Neuem theilnehmend, neugierig 32, 62.;140;a;;no;confirmed;;no
hr_0140_032;nuitsk, adv.;schr.;nuitsk, adv.;sehr;;nuitsk, adv.=schr.;140;a;;no;corrected;corrected;no
hr_0140_033;nüiwer;hübsch, pfiffig aussehend;nüiwer;hübsch, pfiffig aussehend;32, 52;nüiwer=hübsch, pfiffig aussehend 32, 52.;140;a;;no;;;no
hr_0140_034;nuk, m.;leichter Stoſs;nuk, m.;leichter Stoß;8, 46, 65;nuk, m.=leichter Stoſs 8, 46, 65.;140;a;;no;confirmed;;no
hr_0140_035;*nük, n.;Schlinge;nük, n.;Schlinge;13;*nük, n.=Schlinge 13.;140;a;;no;confirmed;;no
hr_0140_036;nüksk;tückisch;nüksk;tückisch;65;nüksk=tückisch 65.;140;a;;no;confirmed;;no
hr_0140_037;nunne, f.;Nonne;nunne, f.;Nonne;8;nunne, f.=Nonne 8.;140;b;;no;confirmed;;no
hr_0140_038;nüödern;verdrieſslich herum kritteln.;nüödern;verdrießlich herum kritteln;;nüödern=verdrieſslich herum kritteln.;140;b;;no;;;no
hr_0140_039;nüökel, m.;eine Erhöhung;nüökel, m.;eine Erhöhung;40, 46;nüökel, m.=eine Erhöhung 40, 46.;140;b;;no;;;no
hr_0140_040;nüölen;langsam sprechen, zaudern;nüölen;langsam sprechen, zaudern;40;nüölen=langsam sprechen, zaudern 40.;140;b;;no;;;no
hr_0140_041;nuoren (ū);knurren;nuoren (ū);knurren;65;nuoren (ū)=knurren 65.;140;b;;no;confirmed;;no
hr_0140_042;nüörkeln;kleinlich tadeln;nüörkeln;kleinlich tadeln;39;nüörkeln=kleinlich tadeln 39.;140;b;;no;;;no
hr_0140_043;nüöſeln;näseln, murmeln;nüöſeln;näseln, murmeln;61, 98;nüöſeln=näseln, murmeln 61, 98.;140;b;;no;;;no
hr_0140_044;nüöst, m.;der Knorren.;nüöst, m.;der Knorren;;nüöst, m.=der Knorren.;140;b;;no;;;no
hr_0140_045;Nǖrnbiarger pat, de;die Milchstraſse.;Nǖrnbiarger pat, de;die Milchstraße;;Nǖrnbiarger pat, de=die Milchstraſse.;140;b;;no;confirmed;;no
hr_0140_046;nuſſelich;undeutlich redend;nuſſelich;undeutlich redend;61;nuſſelich=undeutlich redend 61.;140;b;;no;confirmed;;no
hr_0140_047;nuſſeln;näseln;nuſſeln;näseln;46, 98;nuſſeln=näseln 46, 98.;140;b;;no;confirmed;;no
hr_0140_048;nüt, nüdde;tüchtig;nüt, nüdde;tüchtig;80;nüt, nüdde=tüchtig 80.;140;b;nüt;no;confirmed;;no
hr_0140_049;nütken, n.;Kälbchen.;nütken, n.;Kälbchen;;nütken, n.=Kälbchen.;140;b;;no;confirmed;;no
hr_0140_050;nuüdlik;niedlich;nuüdlik;niedlich;30, 65;nuüdlik=niedlich 30, 65.;140;b;;no;;;no
hr_0140_051;nuürn;schwellen (vom Euter);nuürn;schwellen (vom Euter);30, 46, 97;nuürn=schwellen (vom Euter) 30, 46, 97.;140;b;;no;;corrected;no
hr_0140_052;nüwwe;genau;nüwwe;genau;53;nüwwe=genau 53.;140;b;;no;confirmed;;no
hr_0140_053;Odde;Otto;Odde;Otto;55;Odde=Otto 55.;140;b;;no;confirmed;;no
hr_0140_054;odder, f.;Befehl, Nachricht;odder, f.;Befehl, Nachricht;45, 55;odder, f.=Befehl, Nachricht 45, 55.;140;b;;no;confirmed;;no
hr_0140_055;oelen;wühlen;oelen;wühlen;34, 42, 53, 100;oelen=wühlen 34, 42, 53, 100.;140;b;;no;confirmed;;no
hr_0140_056;oefen, f.;die Öse;oefen, f.;die Öse;34, 61;oefen, f.=die Öse 34, 61.;140;b;;no;;;no
hr_0140_057;oewen;necken, anführen;oewen;necken, anführen;11, 34, 52;oewen=necken, anführen 11, 34, 52.;140;b;;no;confirmed;;no
hr_0140_058;of, o';ob, oder;of, o';ob, oder;10, 51;of, o'=ob, oder 10, 51.;140;b;o';no;;;no
hr_0140_059;offern;opfern;offern;opfern;51;offern=opfern 51.;140;b;;no;confirmed;;no
hr_0140_060;*öpke, pl.;Bachausterschalen.;öpke, pl.;Bachausterschalen;;*öpke, pl.=Bachausterschalen.;140;b;;no;confirmed;;no
hr_0140_061;*ōrlant, n.;gutes Ackerland;ōrlant, n.;gutes Ackerland;20;*ōrlant, n.=gutes Ackerland 20.;140;b;;no;;;no
hr_0140_062;ōrt, eort, m.;ein Maſs (1/4 Kanne);ōrt, eort, m.;ein Maß (1/4 Kanne);20, 34;ōrt, eort, m.=ein Maſs (1/4 Kanne) 20, 34.;140;b;ōrt;no;;;no
hr_0140_063;ôſen, f.;Fleischkammer (Heepen).;ôßen, f.;Fleischkammer (Heepen);;ôſen, f.=Fleischkammer (Heepen).;140;b;;no;confirmed;;no
hr_0140_064;*ötke (pl.?);Mittelding zwischen Schlehe und Pflaume.;ötke (pl.?);Mittelding zwischen Schlehe und Pflaume;;*ötke (pl.?)=Mittelding zwischen Schlehe und Pflaume.;140;b;;no;confirmed;;no
hr_0140_065;owwe, f.;Mutterschaf.;owwe, f.;Mutterschaf;;owwe, f.=Mutterschaf.;140;b;;no;confirmed;corrected;no
hr_0140_066;*owweschālen;vgl. eoschālen.;owweschālen;vgl. eoschālen;53;*owweschālen, vgl. eoschālen. 53.;140;b;;no;;;no
hr_0140_067;på̄der, m.;kathol. Geistliche;på̄der, m.;kathol. Geistliche;16, 55;på̄der, m.=kathol. Geistliche 16, 55.;140;b;;no;;;no
hr_0140_068;På̄derbōrn;Paderborn;På̄derbōrn;Paderborn;43;På̄derbōrn=Paderborn 43.;140;b;;no;;;no
hr_0140_069;på̄derkabbe, f., auch käpken, n.;aconithum, Eisenhut.;på̄derkabbe, f., auch käpken, n.;aconithum, Eisenhut;;på̄derkabbe, f., auch käpken, n.=aconithum, Eisenhut.;140;b;;no;confirmed;;no
hr_0140_070;på̄derwälsk;kauderwälsch;på̄derwälsk;kauderwelsch;16;på̄derwälsk=kauderwälsch 16.;140;b;;no;;corrected;no
hr_0140_071;padken;gehen, treten;padken;kleinschrittig gehen, treten;99;padken=gehen, treten 99.;140;b;;no;confirmed;corrected;no
hr_0140_072;pāge, f.;Pferd, Schindmähre;pāge, f.;Pferd, Schindmähre;37, 49, 69, 75;pāge, f.=Pferd, Schindmähre 37, 49, 69, 75.;140;b;;no;;;no
hr_0140_073;pāgenstiarker, piarst., m., auch pamwiemel, m.;Mistkäfer, Rosskäfer;piarstiarker, m., auch pamwiemel, m.;Mistkäfer, Rosskäfer;64;pāgenstiarker, piarst., m., auch pamwiemel, m.=Mistkäfer, Rosskäfer 64.;140;b;;no;;;no
hr_0141_001;Paider;Peter;Paider;Peter;4, 24;Paider=Peter 4, 24.;141;a;;no;confirmed;;no
hr_0141_002;paiderpil, m.;Schirling;paiderpil, m.;Schirling;;paiderpil, m.=Schirling.;141;a;;no;confirmed;;no
hr_0141_003;paidersilje, f.;Petersilie;paidersilje, f.;Petersilie;42;paidersilje, f.=Petersilie 42.;141;a;;no;confirmed;;no
hr_0141_004;påiken;spieſsen, stehlen;påiken;spießen, stehlen;96;påiken=spieſsen, stehlen 96.;141;a;;no;confirmed;;no
hr_0141_005;pāikstaken, m.;zugespitzte Stange;pāikstaken, m.;zugespitzte Stange;26;pāikstaken, m.=zugespitzte Stange 26.;141;a;;no;confirmed;;no
hr_0141_006;*pailen;durchmessen, ein Feld, mit weiten Schritten;pailen;durchmessen, ein Feld, mit weiten Schritten;24, 64, 96;*pailen=durchmessen, ein Feld, mit weiten Schritten 24, 64, 96.;141;a;;no;confirmed;;no
hr_0141_007;påitk, m.;Hode (bei Thieren);påitk, m.;Hode (bei Thieren);72;påitk, m.=Hode (bei Thieren) 72.;141;a;;no;confirmed;;no
hr_0141_008;packediuſen, von packe dius!;vom Geräusch der aufschlagenden Roſshufe gesagt.;packediuſen, von packe dius!;vom Geräusch der aufschlagenden Roßhufe gesagt (Gangart Galopp);;packediuſen, von packe dius! vom Geräusch der aufschlagenden Roſshufe gesagt.;141;a;;no;confirmed;corrected;no
hr_0141_009;på̂l, m.;Pfahl;på̂l, m.;Pfahl;18, 29, 49;på̂l, m.=Pfahl 18, 29, 49.;141;a;;no;confirmed;;no
hr_0141_010;pán-ä̂ſen;einen Knaben schwenken so daſs das Hintertheil vom Boden aufschnellt;pán-ä̂ſen;einen Knaben schwenken so daß das Hintertheil vom Boden aufschnellt;49, 96;pán-ä̂ſen, einen Knaben schwenken so daſs das Hintertheil vom Boden aufschnellt 49, 96.;141;a;;no;;;no
hr_0141_011;pankeoke, m.;Pfannkuchen;pankeoke, m.;Pfannkuchen;47;pankeoke, m. Pfannkuchen 47.;141;a;;no;confirmed;;no
hr_0141_012;påns, m.;Bauch, kleiner Bube;påns, m.;1) Bauch, 2) kleiner Bube;12, 50;påns, m.=Bauch, kleiner Bube 12, 50.;141;a;;no;confirmed;corrected;no
hr_0141_013;panse, f.;Waust, Kind (Sch.);panse, f.;1) Waust (umgangssprachlich für Wanst), 2) Kind;46, 58, 76;panse, f.=Waust, Kind (Sch.) 46, 58, 76.;141;a;;no;confirmed;corrected;no
hr_0141_014;påntersak, m.;Darm, Bauch;påntersak, m.;Darm, Bauch;58;påntersak, m.=Darm, Bauch 58.;141;a;;no;confirmed;;no
hr_0141_015;pä̂pich;verzärtelt;pä̂pich;verzärtelt;49;pä̂pich=verzärtelt 49.;141;a;;no;confirmed;;no
hr_0141_016;päppe, f.;weibliche Brust.;päppe, f.;weibliche Brust;;päppe, f.=weibliche Brust.;141;a;;no;confirmed;;no
hr_0141_017;pǟrdel, pǟrle, f.;Perle;pǟrdel, pǟrle, f.;Perle;20, 56;pǟrdel, pǟrle, f.=Perle 20, 56.;141;a;pǟrdel;no;confirmed;;no
hr_0141_018;pārt, n.;Paar;pārt, n.;Paar;58;pārt, n.=Paar 58.;141;a;;no;confirmed;;no
hr_0141_019;på̄skåich, n.;Osterei;på̄skåich, n.;Osterei;16, 49;på̄skåich, n.=Osterei 16, 49.;141;a;;no;confirmed;;no
hr_0141_020;på̄sken, n.;Ostern (dimin.);på̄sken, n.;Ostern (dimin.);16;på̄sken, n.=Ostern (dimin.) 16.;141;a;;no;;;no
hr_0141_021;*päsken;wählen (Ballspiel);päsken;wählen (Ballspiel);49, 95;*päsken=wählen (Ballspiel) 49, 95.;141;a;;no;confirmed;;no
hr_0141_022;päsken, m.;Pfirsich.;päsken, m.;Pfirsich;;päsken, m.=Pfirsich.;141;a;;no;confirmed;;no
hr_0141_023;pat, m.;1) Pfad, auch patwäch, 2) groſser Schmierfleck;pat, m.;1) Pfad, auch patwäch, 2) großer Schmierfleck;6, 49;pat, m.=1) Pfad, auch patwäch, 2) groſser Schmierfleck 6, 49.;141;a;;no;confirmed;;no
hr_0141_024;patsich;batzig, kurz angebunden;patsich;batzig, kurz angebunden;50, 57;patsich=batzig, kurz angebunden 50, 57.;141;a;;no;confirmed;;no
hr_0141_025;päude, f.;Pfote;päude, f.;Pfote;27;päude, f.=Pfote 27.;141;a;;no;confirmed;;no
hr_0141_026;peckeln;Spaſs machen.;peckeln;Spaß machen;;peckeln=Spaſs machen.;141;a;;no;confirmed;;no
hr_0141_027;pelte, -en, m.;Fetzen;pelte, pelten, m.;Fetzen;9, 43;pelte, -en, m.=Fetzen 9, 43.;141;a;pelte;no;confirmed;;no
hr_0141_028;peol, m.;Pfuhl, Lache;peol, m.;Pfuhl, Lache;33, 49, 72;peol, m.=Pfuhl, Lache 33, 49, 72.;141;a;;no;confirmed;;no
hr_0141_029;petse, f.;liederliche Dirne;petse, f.;liederliche Dirne;9, 50;petse, f.=liederliche Dirne 9, 50.;141;a;;no;confirmed;;no
hr_0141_030;petsel, n.;Mützchen, bes. abgeschlissenes.;petsel, n.;Mützchen, bes. abgeschlissenes;;petsel, n.=Mützchen, bes. abgeschlissenes.;141;a;;no;confirmed;;no
hr_0141_031;piart, n.;Pferd;piart, n.;Pferd;37, 44, 49;piart, n.=Pferd 37, 44, 49.;141;a;;no;confirmed;;no
hr_0141_032;piarwīwel, pâw., pamw., m.;Rosskäfer.;piarwīwel, pâw., pamw., m.;Rosskäfer;;piarwīwel, pâw., pamw., m.=Rosskäfer.;141;a;pâw. | pamw.;no;;;no
hr_0141_033;piarstiaksel, n.;Mistkäfer.;piarstiaksel, n.;Mistkäfer;;piarstiaksel, n.=Mistkäfer.;141;a;;no;confirmed;;no
hr_0141_034;pidde, m.;penis;pidde, m.;penis;49, 55;pidde, m.=penis 49, 55.;141;a;;no;confirmed;;no
hr_0141_035;piek, m.;Eiterstock;piek, m.;Eiterstock;36;piek, m.=Eiterstock 36.;141;a;;no;confirmed;;no
hr_0141_036;piekel, m.;Pökel;piekel, m.;Pökel;35;piekel, m.=Pökel 35.;141;b;;no;confirmed;;no
hr_0141_037;pieperküönink, m.;Bohnenkraut, Satureia hortensis.;pieperküönink, m.;Bohnenkraut, Satureia hortensis;;pieperküönink, m.=Bohnenkraut, Satureia hortensis.;141;b;;no;confirmed;;no
hr_0141_038;piepermius, f.;Pfefferbrühe, irrthüml. auch Pfeffernuss;piepermius, f.;Pfefferbrühe, irrthüml. auch Pfeffernuss;35;piepermius, f.=Pfefferbrühe, irrthüml. auch Pfeffernuss 35.;141;b;;no;;;no
hr_0141_039;piesk, m.;Ochsenziemer;piesk, m.;Ochsenziemer;36;piesk, m.=Ochsenziemer 36.;141;b;;no;confirmed;;no
hr_0141_040;pīgel, m.;Pegel;pīgel, m.;Pegel;15;pīgel, m.=Pegel 15.;141;b;;no;confirmed;;no
hr_0141_041;picheln;weinkneipen;picheln;weinkneipen;67;picheln=weinkneipen 67.;141;b;;no;confirmed;;no
hr_0141_042;pik, n.;Pech;pik, n.;Pech;7;pik, n.=Pech 7.;141;b;;no;confirmed;;no
hr_0141_043;*pickert, m.;Kartoffelkuchen;pickert, m.;Kartoffelkuchen;7, 44;*pickert, m.=Kartoffelkuchen 7, 44.;141;b;;no;confirmed;;no
hr_0141_044;pīken, pieken;prickeln, spieſsen;pīken, pieken;prickeln, spießen;15, 35;pīken, pieken=prickeln, spieſsen 15, 35.;141;b;pīken;no;confirmed;;no
hr_0141_045;pîk, m.;das Mark;pîk, m.;das Mark;17, 49, 72;pîk, m.=das Mark 17, 49, 72.;141;b;;no;confirmed;;no
hr_0141_046;pin-appel, m.;Tannapfel.;pin-appel, m.;Tannapfel;;pin-appel, m. Tannapfel.;141;b;;no;confirmed;;no
hr_0141_047;pingel, f.;Schelle;pingel, f.;Schelle;49, 72;pingel, f.=Schelle 49, 72.;141;b;;no;confirmed;;no
hr_0141_048;pingeln;klingeln;pingeln;klingeln;100;pingeln=klingeln 100.;141;b;;no;confirmed;;no
hr_0141_049;pinholt, n.;Faulbaum.;pinholt, n.;Faulbaum;;pinholt, n.=Faulbaum.;141;b;;no;confirmed;;no
hr_0141_050;pinken;baumeln;pinken;baumeln;7, 95;pinken=baumeln 7, 95.;141;b;;no;confirmed;;no
hr_0141_051;pinne;Kraft, „he hät pinne“.;pinne;Kraft, „hoi hät pinne“.;;pinne=Kraft, „he hät pinne“.;141;b;;no;confirmed;corrected;no
hr_0141_052;pinſel, m.;Pinsel;pinſel, m.;Pinsel;61;pinſel, m.=Pinsel 61.;141;b;;no;confirmed;;no
hr_0141_053;pîpen (sik);1) piepen, 2) sich küssen;pîpen (sik);1) piepen, 2) sich küssen;67, 96;pîpen (sik)=1) piepen, 2) sich küssen 67, 96.;141;b;;no;confirmed;;no
hr_0141_054;pispeln;flüstern (Blätter).;pispeln;flüstern (Blätter);;pispeln=flüstern (Blätter).;141;b;;no;confirmed;;no
hr_0141_055;piſſemänken, m.;penis (Kinderspr.);piſſemänken, m.;penis (Kinderspr.);61;piſſemänken, m.=penis (Kinderspr.) 61.;141;b;;no;;;no
hr_0141_056;pist!;still!;pist!;still!;83;pist!=still! 83.;141;b;;no;confirmed;;no
hr_0141_057;piudel, m.;Pudel;piudel, m.;Pudel;30;piudel, m.=Pudel 30.;141;b;;no;confirmed;;no
hr_0141_058;piudeln;Pudel machen (beim Kegeln).;piudeln;Pudel machen (beim Kegeln);;piudeln=Pudel machen (beim Kegeln).;141;b;;no;confirmed;;no
hr_0141_059;*piulen;abklauben (Knochen), wühlen in;piulen;abklauben (Knochen), wühlen in;49, 97;*piulen=abklauben (Knochen), wühlen in 49, 97.;141;b;;no;confirmed;;no
hr_0141_060;*piullaim, m.;Lehmstaub;piullaim, m.;Lehmstaub;30, 49;*piullaim, m.=Lehmstaub 30, 49.;141;b;;no;confirmed;;no
hr_0141_061;piuſsen;pusten;piußen;pusten;29;piuſsen=pusten 29.;141;b;;no;confirmed;;no
hr_0141_062;piust, m.;der Blasehauch;piust, m.;der Blasehauch;72;piust, m.=der Blasehauch 72.;141;b;;no;confirmed;corrected;no
hr_0141_063;pîwit, kīwit, m.;Kibitz;pîwit, kīwit, m.;Kibitz;15, 50, 65;pîwit, kīwit, m.=Kibitz 15, 50, 65.;141;b;kīwit;no;confirmed;;no
hr_0141_064;plå̄ge, f.;Plage;plå̄ge, f.;Plage;16;plå̄ge, f.=Plage 16.;141;b;;no;confirmed;;no
hr_0141_065;plagge, f.;Rasenstück;plagge, f.;Rasenstück;6, 49;plagge, f.=Rasenstück 6, 49.;141;b;;no;confirmed;;no
hr_0141_066;plaggensift, f.;Plaggensense;plaggensift, f.;Plaggensense;51, 74;plaggensift, f.=Plaggensense 51, 74.;141;b;;no;confirmed;;no
hr_0141_067;plak, placken, m.;Fleck;plak, placken, m.;Fleck;6;plak, placken, m.=Fleck 6.;141;b;plak;no;confirmed;;no
hr_0141_068;planten;pflanzen;planten;pflanzen;46, 58, 95;planten=pflanzen 46, 58, 95.;141;b;;no;confirmed;;no
hr_0141_069;plasken;plätschern;plasken;plätschern;99;plasken=plätschern 99.;141;b;;no;confirmed;;no
hr_0141_070;plå̄ster, n.;Pflaster;plå̄ster, n.;Pflaster;16;plå̄ster, n.=Pflaster 16.;141;b;;no;confirmed;;no
hr_0141_071;pleoch, f.;Pflug;pleoch, f.;Pflug;33, 74;pleoch, f.=Pflug 33, 74.;141;b;;no;confirmed;;no
hr_0141_072;pliagen, stv.;pflegen;pliagen, stv.;pflegen;6, 36, 49, 63, 88;pliagen, stv.=pflegen 6, 36, 49, 63, 88.;141;b;;no;confirmed;;no
hr_0141_073;plieder, m.;Moder;plieder, m.;Moder;35, 78;plieder, m.=Moder 35, 78.;141;b;;no;confirmed;;no
hr_0141_074;pliedern;durchrühren;pliedern;durchrühren;100;pliedern=durchrühren 100.;141;b;;no;confirmed;;no
lr_0142_001;plik, m.;der Flicken.;plik, m.;der Flicken;;plik, m.=der Flicken.;142;a;;no;;;no
lr_0142_002;ploegen, -jen;pflügen;ploegen, ploejen;pflügen;34, 49, 63, 99;ploegen, -jen=pflügen 34, 49, 63, 99.;142;a;ploejen;no;;;no
lr_0142_003;plocken (in-);einbrocken.;plocken (in-);einbrocken;;plocken (in-)=einbrocken.;142;a;;no;;;no
lr_0142_004;plügge, f.;Pflöckchen, Stift;plügge, f.;Pflöckchen, Stift;63;plügge, f.=Pflöckchen, Stift 63.;142;a;;no;;;no
lr_0142_005;pluite, -en, f. u. m.;Schaden, tödtliche Wunde;pluite, pluiten, f. u. m.;Schaden, tödtliche Wunde;32, 43, 57;pluite, -en, f. u. m.=Schaden, tödtliche Wunde 32, 43, 57.;142;a;pluite;no;;;no
lr_0142_006;plunnen, pl.;Lumpen.;plunnen, pl.;Lumpen;;plunnen, pl.=Lumpen.;142;a;;no;;;no
lr_0142_007;plunnen, plunnern;käsen (Milch);plunnen, plunnern;käsen (Milch);49, 95;plunnen, plunnern=käsen (Milch) 49, 95.;142;a;plunnen;no;;;no
lr_0142_008;plussich;gedunsen;plussich;gedunsen;8, 60;plussich=gedunsen 8, 60.;142;a;;no;;;no
lr_0142_009;pluür'n;durchrühren;pluür'n;durchrühren;31, 97;pluür'n=durchrühren 31, 97.;142;a;;no;;;no
lr_0142_010;pluüstern;zerzausen;pluüstern;zerzausen;30, 49, 99;pluüstern=zerzausen 30, 49, 99.;142;a;;no;;;no
lr_0142_011;pogge, pobbe, f.;Frosch;pogge, pobbe, f.;Frosch;10, 64, 76;pogge, pobbe, f.=Frosch 10, 64, 76.;142;a;pobbe;no;;;no
lr_0142_012;poggenschåt, n.;Froschlaich;poggenschåt, n.;Froschlaich;12, 73, 107;poggenschåt, n.=Froschlaich 12, 73, 107.;142;a;;no;;;no
lr_0142_013;poggensteol, m.;Pilz;poggensteol, m.;Pilz;63;poggensteol, m.=Pilz 63.;142;a;;no;;;no
lr_0142_014;pol, m.;Spitze (eines Baumes);pol, m.;Spitze (eines Baumes);49, 72;pol, m.=Spitze (eines Baumes) 49, 72.;142;a;;no;;;no
lr_0142_015;polterich;zerlumpt;polterich;zerlumpt;49;polterich=zerlumpt 49.;142;a;;no;;;no
lr_0142_016;pōrde, f.;Pforte;pōrde, f.;Pforte;20, 44, 76;pōrde, f.=Pforte 20, 44, 76.;142;a;;no;;;no
lr_0142_017;post, m.;Pfosten;post, m.;Pfosten;72;post, m.=Pfosten 72.;142;a;;no;;;no
lr_0142_018;pot, m.;Topf;pot, m.;Topf;49;pot, m.=Topf 49.;142;a;;no;;;no
lr_0142_019;pötkern;mit den Töpfen hantiren;pötkern;mit den Töpfen hantieren;98, 99;pötkern=mit den Töpfen hantiren 98, 99.;142;a;;no;;corrected;no
lr_0142_020;pråddeln, pråddern;brodeln;pråddeln, pråddern;brodeln;50, 98;pråddeln, pråddern=brodeln 50, 98.;142;a;pråddern;no;;;no
lr_0142_021;prachern;geilen, betteln;prachern;geilen, betteln;49, 67;prachern=geilen, betteln 49, 67.;142;a;;no;;;no
lr_0142_022;praksåir'n;prakticiren;praksåir'n;prakticiren;58;praksåir'n=prakticiren 58.;142;a;;no;;;no
lr_0142_023;pral;straff.;pral;straff;;pral=straff.;142;a;;no;;;no
lr_0142_024;prå̂len;prahlen;prå̂len;prahlen;18, 96;prå̂len=prahlen 18, 96.;142;a;;no;;;no
lr_0142_025;pramſen;vollstopfen;pramſen;vollstopfen;6, 99;pramſen=vollstopfen 6, 99.;142;a;;no;;;no
lr_0142_026;prås, m.;der Brei.;prås, m.;der Brei;;prås, m.=der Brei.;142;a;;no;;;no
lr_0142_027;prå̄s, m.;die Pause des Geläutes;prå̄s, m.;die Pause des Geläutes;16, 64;prå̄s, m.=die Pause des Geläutes 16, 64.;142;a;;no;;;no
lr_0142_028;prātk, m.;ein Schmus, Geschwätz;prātk, m.;ein Schmus, Geschwätz;65;prātk, m.=ein Schmus, Geschwätz 65.;142;a;;no;;;no
lr_0142_029;prātken;breit und gemüthlich erzählen;prātken;breit und gemüthlich erzählen;15, 99;prātken=breit und gemüthlich erzählen 15, 99.;142;a;;no;;;no
lr_0142_030;pråtsich;hochfahrend;pråtsich;hochfahrend;12;pråtsich=hochfahrend 12.;142;a;;no;;;no
lr_0142_031;priake, f.;Predigt;priake, f.;Predigt;37, 54;priake, f.=Predigt 37, 54.;142;a;;no;;;no
lr_0142_032;prik;geschmiegelt, nett;prik;geschmiegelt, nett;50;prik=geschmiegelt, nett 50.;142;a;;no;;;no
lr_0142_033;priume, -ne, pliume, f.;Pflaume, Zwetsche;priume, priune, pliume, f.;Pflaume, Zwetsche;29, 49;priume, -ne, pliume, f.=Pflaume, Zwetsche 29, 49.;142;a;priume | priune;no;;;no
lr_0142_034;probåir'n;probiren;probåir'n;probiren;99;probåir'n=probiren 99.;142;a;;no;;;no
lr_0142_035;profesuijjen;prophezeien;profesuijjen;prophezeien;68;profesuijjen=prophezeien 68.;142;a;;no;;corrected;no
lr_0142_036;prudderich, pruddelich;nicht glatt, wirr, kraus, sudelig;prudderich, pruddelich;nicht glatt, wirr, kraus, sudelig;8;prudderich, pruddelich=nicht glatt, wirr, kraus, sudelig 8.;142;a;pruddelich;no;;;no
lr_0142_037;pruicheln, pl.;Emporien.;pruicheln, pl.;Emporien;;pruicheln, pl.=Emporien.;142;b;;no;;;no
lr_0142_038;pruiſen, stv.;preisen;pruiſen, stv.;preisen;24;pruiſen, stv.=preisen 24.;142;b;;no;;;no
lr_0142_039;prul, m.;Dolde (Traube);prul, m.;Dolde (Traube);54, 72;prul, m.=Dolde (Traube) 54, 72.;142;b;;no;;;no
lr_0142_040;prümken;Tabak kauen.;prümken;Tabak kauen;;prümken=Tabak kauen.;142;b;;no;;;no
lr_0142_041;prussen;niesen, prusten;prussen;niesen, prusten;8, 49, 60;prussen=niesen, prusten 8, 49, 60.;142;b;;no;;;no
lr_0142_042;prüt;böse, empfindlich, widerlich;prüt;böse, empfindlich, widerlich;13, 50;prüt=böse, empfindlich, widerlich 13, 50.;142;b;;no;;;no
lr_0142_043;prüt, m.;Ablagerung, Satz.;prüt, m.;Ablagerung, Satz;;prüt, m.=Ablagerung, Satz.;142;b;;no;;;no
lr_0142_044;prüünen;schlecht nähen;pruünen;schlecht nähen;97;prüünen=schlecht nähen 97.;142;b;;no;;corrected;no
lr_0142_045;puade, f.;Setzling;puade, f.;Setzling;38, 49, 55;puade, f.=Setzling 38, 49, 55.;142;b;;no;;;no
lr_0142_046;puaden;potten, pflanzen;puaden;potten, pflanzen;38, 97;puaden=potten, pflanzen 38, 97.;142;b;;no;;;no
lr_0142_047;püdden;schöpfen, „wāder püdden“, aus dem „püt“.;püdden;schöpfen, „wāder püdden“, aus dem „püt“.;95;püdden=schöpfen, „wāder püdden“, aus dem „püt“. 95.;142;b;;no;;;no
lr_0142_048;*puffert, m.;Kuchen aus Mehl und Eiern.;puffert, m.;Kuchen aus Mehl und Eiern;;*puffert, m.=Kuchen aus Mehl und Eiern.;142;b;;no;;;no
lr_0142_049;puiben, f.;Pfeife;puiben, f.;Pfeife;48, 76;puiben, f.=Pfeife 48, 76.;142;b;;no;;;no
lr_0142_050;*puilpogge, f.;der geschwänzte junge Frosch;puilpogge, f.;der geschwänzte junge Frosch;32;*puilpogge, f.=der geschwänzte junge Frosch 32.;142;b;;no;;;no
lr_0142_051;puilken, adv.;peinlich genau;puilken, adv.;peinlich genau;80;puilken, adv.=peinlich genau 80.;142;b;;no;;;no
lr_0142_052;puin, f.;die Pein.;puin, f.;die Pein;;puin, f.=die Pein.;142;b;;no;;;no
lr_0142_053;puipen, stv.;pfeifen;puipen, stv.;pfeifen;24, 90;puipen, stv.=pfeifen 24, 90.;142;b;;no;;;no
lr_0142_054;puiſacken;peinigen, durch Stockstöſse.;puiſacken;peinigen, durch Stockstöße;;puiſacken=peinigen, durch Stockstöſse.;142;b;;no;;;no
lr_0142_055;puitske, f.;Peitsche;puitske, f.;Peitsche;57;puitske, f.=Peitsche 57.;142;b;;no;;;no
lr_0142_056;puk, m.;Sack, gefüllter;puk, m.;Sack, gefüllter;72;puk, m.=Sack, gefüllter 72.;142;b;;no;;;no
lr_0142_057;pulle, f.;Flasche.;pulle, f.;Flasche;;pulle, f.=Flasche.;142;b;;no;;;no
lr_0142_058;pülskern;plätschern;pülskern;plätschern;13, 99;pülskern=plätschern 13, 99.;142;b;;no;;;no
lr_0142_059;pultern;mit Geräusch fallen;pultern;mit Geräusch fallen;42, 98;pultern=mit Geräusch fallen 42, 98.;142;b;;no;;;no
lr_0142_060;pümmel, m.;1) Klöpfel, 2) penis.;pümmel, m.;1) Klöpfel, 2) penis;;pümmel, m.=1) Klöpfel, 2) penis.;142;b;;no;;;no
lr_0142_061;pümmeln;baumeln;pümmeln;baumeln;50, 98;pümmeln=baumeln 50, 98.;142;b;;no;;;no
lr_0142_062;pümpel, m.;der Stöſsel, dickes Holzscheit;pümpel, m.;der Stößel, dickes Holzscheit;77;pümpel, m.=der Stöſsel, dickes Holzscheit 77.;142;b;;no;;;no
lr_0142_063;pünſel, bünſel, m.;kleiner Bube.;pünſel, bünſel, m.;kleiner Bube;;pünſel, bünſel, m.=kleiner Bube.;142;b;pünſel;no;;;no
lr_0142_064;punt, n.;Pfund;punt, n.;Pfund;73;punt, n.=Pfund 73.;142;b;;no;;;no
lr_0142_065;puok, m.;Knirps;puok, m.;Knirps;39;puok, m.=Knirps 39.;142;b;;no;;;no
lr_0142_066;puoker, proeker, m.;Schüreisen.;puoker, proeker, m.;Schüreisen;;puoker, proeker, m.=Schüreisen.;142;b;proeker;no;;;no
lr_0142_067;puorken;porren;puorken;porren (stochern/schüren);39;puorken=porren 39.;142;b;;no;;corrected;no
lr_0142_068;puortken, putken;furzen;puortken, putken;furzen;39, 45, 99;puortken, putken=furzen 39, 45, 99.;142;b;puortken;no;;;no
lr_0142_069;puſſelich;voll und rund;puſſelich;voll und rund;8;puſſelich=voll und rund 8.;142;b;;no;;;no
lr_0142_070;put;weich (von Obst);put;weich (von Obst);49;put=weich (von Obst) 49.;142;b;;no;;;no
lr_0142_071;püt, m.;Ziehbrunnen;püt, m.;Ziehbrunnen;13, 49, 57;püt, m.=Ziehbrunnen 13, 49, 57.;142;b;;no;;;no
lr_0142_072;putk, m.;Rheumatismus, Podagra;putk, m.;Rheumatismus, Podagra;65;putk, m.=Rheumatismus, Podagra 65.;142;b;;no;;;no
lr_0142_073;*putken;mit schnellen, kleinen Schritten gehn;putken;mit schnellen, kleinen Schritten gehn;99;*putken=mit schnellen, kleinen Schritten gehn 99.;142;b;;no;;;no
lr_0142_074;*putkebuül, m.;ein Gerstenpudding (veraltet).;putkebuül, m.;ein Gerstenpudding (veraltet);;*putkebuül, m.=ein Gerstenpudding (veraltet).;142;b;;no;;;no
lr_0143_001;puts, m.;die Polizei (Sch.);puts, m.;die Polizei (Sch.);;puts, m.=die Polizei (Sch.);143;a;;no;;;no
lr_0143_002;putse, f.;Scherz;putse, f.;Scherz;74;putse, f.=Scherz 74.;143;a;;no;;;no
lr_0143_003;putser, m.;ein Buch aus der schönen Literatur.;putser, m.;ein Buch aus der schönen Literatur;;putser, m.=ein Buch aus der schönen Literatur.;143;a;;no;;;no
lr_0143_004;putsich;drollig;putsich;drollig;57;putsich=drollig 57.;143;a;;no;;;no
lr_0143_005;quabbelich;breiartig, weichlich.;quabbelich;breiartig, weichlich;;quabbelich=breiartig, weichlich.;143;a;;no;;;no
lr_0143_006;quadderich;schmierig, weich.;quadderich;schmierig, weich;;quadderich=schmierig, weich.;143;a;;no;;;no
lr_0143_007;quaddern;zerdrücken, breit schwätzen;quaddern;zerdrücken, breit schwätzen;6, 65, 65, 98, 99;quaddern=zerdrücken, breit schwätzen 6, 65, 65, 98, 99.;143;a;;no;;;no
lr_0143_008;quāken, pl.;Wacholder;quāken, pl.;Wacholder;15, 64;quāken, pl.=Wacholder 15, 64.;143;a;;no;;;no
lr_0143_009;quackeln;schlecht schreiben;quackeln;schlecht schreiben;65, 98;quackeln=schlecht schreiben 65, 98.;143;a;;no;;;no
lr_0143_010;quackler, m.;Pfuscher.;quackler, m.;Pfuscher;;quackler, m.=Pfuscher.;143;a;;no;;;no
lr_0143_011;quå̂l;schwül (in Heepen);quå̂l;schwül (in Heepen);18, 65;quå̂l=schwül (in Heepen) 18, 65.;143;a;;no;;;no
lr_0143_012;quå̂len, pl.;Geschwulst, Blutstriemen.;quå̂len, pl.;Geschwulst, Blutstriemen;;quå̂len, pl.=Geschwulst, Blutstriemen.;143;a;;no;;;no
lr_0143_013;qualster, m.;"zäher Schleim; Zungenkrebs";qualster, m.;"zäher Schleim; Zungenkrebs";42;"qualster, m.=zäher Schleim; Zungenkrebs 42.";143;a;;no;;;no
lr_0143_014;quängeln;nergeln;quängeln;nörgeln;65, 98;quängeln=nergeln 65, 98.;143;a;;no;;corrected;no
lr_0143_015;quant;verkehrt;quant;verkehrt;6;quant=verkehrt 6.;143;a;;no;;;no
lr_0143_016;quas, adv.;schlecht, böse;quas, adv.;schlecht, böse;61, 65;quas, adv.=schlecht, böse 61, 65.;143;a;;no;;;no
lr_0143_017;quāſen;schwatzen;quāſen;schwatzen;15, 65;quāſen=schwatzen 15, 65.;143;a;;no;;;no
lr_0143_018;quat, quât;böse, widrig;quat, quât;böse, widrig;6;quat, quât=böse, widrig 6.;143;a;;yes;;;no
lr_0143_019;quäus, m.;Faselhans, Querkopf;quäus, m.;Faselhans, Querkopf;66;quäus, m.=Faselhans, Querkopf 66.;143;a;;no;;;no
lr_0143_020;quebbe, -en, f.;die Quebbe, sumpfiges Erdreich;quebbe, quebben, f.;die Quebbe, sumpfiges Erdreich;48, 65;quebbe, -en, f.=die Quebbe, sumpfiges Erdreich 48, 65.;143;a;quebbe;no;;;no
lr_0143_021;quialen;quälen;quialen;quälen;37, 97;quialen=quälen 37, 97.;143;a;;no;;;no
lr_0143_022;quieke, f.;Queke, trit. rep.;quieke, f.;Quecke, trit. rep.;35, 65;quieke, f.=Queke, trit. rep. 35, 65.;143;a;;no;;corrected;no
lr_0143_023;quiekstairt, m.;Bachstelze;quickstairt, m.;Bachstelze;35;quiekstairt, m.=Bachstelze 35.;143;a;;no;;corrected;no
lr_0143_024;quik;lebendig, lebhaft;quik;lebendig, lebhaft;65;quik=lebendig, lebhaft 65.;143;a;;no;;;no
lr_0143_025;quik-quak, m.;bewegliche ungeformte Masse, z. B. Gallerte;quik-quak, m.;bewegliche ungeformte Masse, z. B. Gallerte;65;quik-quak, m.=bewegliche ungeformte Masse, z. B. Gallerte 65.;143;a;;no;;;no
lr_0143_026;quillen, quellen, stv.;quillen;quillen, quellen, stv.;quillen;9, 10, 86;quillen, quellen, stv.=quillen 9, 10, 86.;143;a;quillen;no;;;no
lr_0143_027;quuinen;kränkeln;quuinen;kränkeln;32, 56, 96;quuinen=kränkeln 32, 56, 96.;143;a;;no;;;no
lr_0143_028;quuinsel, n.;Siechling;quuinsel, n.;Siechling;65;quuinsel, n.=Siechling 65.;143;a;;no;;;no
lr_0143_029;quuit;quit;quuit;quitt;65;quuit=quit 65.;143;a;;no;;;no
lr_0143_030;radde, f.;Ratte;radde, f.;Ratte;56;radde, f.=Ratte 56.;143;a;;no;;;no
lr_0143_031;rå̄ge, rå̄ch;rar, selten;rå̄ge, rå̄ch;rar, selten;16, 80;rå̄ge, rå̄ch=rar, selten 16, 80.;143;a;rå̄ch;no;;;no
lr_0143_032;ragge -jje, f.;jähriges, mageres Schwein;ragge, raggje, f.;jähriges, mageres Schwein;6, 63, 76;ragge -jje, f.=jähriges, mageres Schwein 6, 63, 76.;143;a;raggje;no;;;no
lr_0143_033;*råie;fertig;råie;fertig;25, 54, 80;*råie=fertig 25, 54, 80.;143;a;;no;;;no
lr_0143_034;*råie;steif, spröde (Gelenke).;råie;steif, spröde (Gelenke);;*råie=steif, spröde (Gelenke).;143;a;;no;;;no
lr_0143_035;råijjen;rein;råijjen;rein;68;råijjen=rein 68.;143;a;;no;;;no
lr_0143_036;råijjenfâm, m.;Reinfarn, tanac. vulg.;råijjenfâm, m.;Reinfarn, tanac. vulg;;råijjenfâm, m.=Reinfarn, tanac. vulg.;143;a;;no;;;no
lr_0143_037;råijjer, m.;Reiher;råijjer, m.;Reiher;68;råijjer, m.=Reiher 68.;143;a;;no;;;no
lr_0143_038;raip, m.;das Tau, Strick;raip, m.;das Tau, Strick;24, 50, 72;raip, m.=das Tau, Strick 24, 50, 72.;143;b;;no;;;no
lr_0143_039;raipsliager, m.;Seiler.;raipsliager, m.;Seiler;;raipsliager, m.=Seiler.;143;b;;no;;;no
lr_0143_040;råir'n;rieseln, von Körnern;råir'n;rieseln, von Körnern;26, 44;råir'n=rieseln, von Körnern 26, 44.;143;b;;no;;;no
lr_0143_041;råit, n.;Ried;råit, n.;Ried;26;råit, n.=Ried 26.;143;b;;no;;;no
lr_0143_042;rāken;raffen, zu sich reichen, erreichen, schüren. „dat rāket dui nich“=das geht dich nichts an;rāken;raffen, zu sich reichen, erreichen, schüren. „dat rāket dui nich“=das geht dich nichts an;64, 96;rāken=raffen, zu sich reichen, erreichen, schüren. „dat rāket dui nich“=das geht dich nichts an 64, 96.;143;b;;no;;;no
lr_0143_043;racken;racken, den Flachs;racken;racken, den Flachs;64, 95;racken=racken, den Flachs 64, 95.;143;b;;no;;;no
lr_0143_044;râl, m.;Radel;râl, m.;Radel;17;râl, m.=Radel 17.;143;b;;no;;;no
lr_0143_045;ralken;sich wälzen;ralken;sich wälzen;99;ralken=sich wälzen 99.;143;b;;no;;;no
lr_0143_046;rå̂m, m.;der Rahm, Sahne der Milch.;rå̂m, m.;der Rahm, Sahne der Milch;;rå̂m, m.=der Rahm, Sahne der Milch.;143;b;;no;;;no
lr_0143_047;ram, m.;Krampf;ram, m.;Krampf;72;ram, m.=Krampf 72.;143;b;;no;;;no
lr_0143_048;rāme, m.;der Rahmen.;rāme, m.;der Rahmen;;rāme, m.=der Rahmen.;143;b;;no;;;no
lr_0143_049;rāmen;nachsinnen.;rāmen;nachsinnen;;rāmen=nachsinnen.;143;b;;no;;;no
lr_0143_050;ramente, n.;Lärm, Spectakel;ramente, n.;Lärm, Spectakel;73;ramente, n.=Lärm, Spectakel 73.;143;b;;no;;;no
lr_0143_051;ramenten;herumlärmen, sich wälzen.;ramenten;herumlärmen, sich wälzen;;ramenten=herumlärmen, sich wälzen.;143;b;;no;;;no
lr_0143_052;rammen;aus freier Hand kaufen;rammen;aus freier Hand kaufen;6, 95;rammen=aus freier Hand kaufen 6, 95.;143;b;;no;;;no
lr_0143_053;ramstermius, f.;Hamstermaus;ramstermius, f.;Hamstermaus;43;ramstermius, f.=Hamstermaus 43.;143;b;;no;;;no
lr_0143_054;rängstern;sich lärmend umhertummeln;rängstern;sich lärmend umhertummeln;11, 99;rängstern=sich lärmend umhertummeln 11, 99.;143;b;;no;;;no
lr_0143_055;ränsken;wiehern;ränsken;wiehern;53;ränsken=wiehern 53.;143;b;;no;;;no
lr_0143_056;ransken;den Männern nachgehen.;ransken;den Männern nachgehen;;ransken=den Männern nachgehen.;143;b;;no;;corrected;no
lr_0143_057;ranti-kanti;auf Rand und Kante;ranti-kanti;auf Rand und Kante;8;ranti-kanti=auf Rand und Kante 8.;143;b;;no;;;no
lr_0143_058;rap;schnell;rap;schnell;6;rap=schnell 6.;143;b;;no;;;no
lr_0143_059;rå̂ſen;rasen;rå̂ſen;rasen;18, 96;rå̂ſen=rasen 18, 96.;143;b;;no;;;no
lr_0143_060;rå̂ſekadde, f.;ein Spielzeug.;rå̂ſekadde, f.;ein Spielzeug;;rå̂ſekadde, f.=ein Spielzeug.;143;b;;no;;;no
lr_0143_061;rå̂sken;schreien. Esel und Kuckuk „rå̂sken“;rå̂sken;schreien. Esel und Kuckuk „rå̂sken“.;18, 49, 53, 96;rå̂sken=schreien. Esel und Kuckuk „rå̂sken“. 18, 49, 53, 96.;143;b;;no;confirmed;;no
lr_0143_062;rå̂t, m.;Rath;rå̂t, m.;Rath;18;rå̂t, m.=Rath 18.;143;b;;no;;;no
lr_0143_063;råt-uis, n.;Hohleis;råt-uis, n.;Hohleis;12;råt-uis, n.=Hohleis 12.;143;b;;no;;checked_no_change;no
lr_0143_064;rätsen;räsoniren;rätsen;räsonieren;11, 57, 99;rätsen=räsoniren 11, 57, 99.;143;b;;no;;corrected;no
lr_0143_065;räu;roh (Fleisch), aber auch „uppe räuen airn“=auf bloſser Erde;räu;roh (Fleisch), aber auch „uppe räuen airn“=auf bloßer Erde.;28;räu=roh (Fleisch), aber auch „uppe räuen airn“=auf bloſser Erde 28.;143;b;;no;;;no
lr_0143_066;råüben;1) Räude, 2) Pferderaufe.;råüben;1) Räude, 2) Pferderaufe;;råüben=1) Räude, 2) Pferderaufe.;143;b;;no;;;no
lr_0143_067;råüden;röten (Flachs);råüden;röten (Flachs);96;råüden=röten (Flachs) 96.;143;b;;no;;corrected;no
lr_0143_068;råüden, m.;Flachsröteteich;råüden, m.;Flachsröteteich;29;råüden, m.=Flachsröteteich 29.;143;b;;no;;;no
lr_0143_069;räuen, stv.;rathen;räuen, stv.;rathen;12, 25, 28, 55, 57, 93;räuen, stv.=rathen 12, 25, 28, 55, 57, 93.;143;b;;no;;;no
lr_0143_070;råügen, sik;sich rühren;råügen, sik;sich rühren;12, 28, 58, 63, 100;råügen, sik=sich rühren 12, 28, 58, 63, 100.;143;b;;no;;;no
lr_0143_071;råükeläuſe;leichtfertig, sorglos;råükeläuſe;leichtfertig, sorglos;80;råükeläuſe=leichtfertig, sorglos 80.;143;b;;no;;;no
hr_0144_001;räukschåt, n.;Rauchfang;räukschåt, n.;Rauchfang;12, 73;räukschåt, n.=Rauchfang 12, 73.;144;a;;no;confirmed;checked_no_change;no
hr_0144_002;räut;roth;räut;roth;4, 27, 54, 57;räut=roth 4, 27, 54, 57.;144;a;;no;;;no
hr_0144_003;rāwe, -be, m.;Rabe;rāwe, rabe, m.;Rabe;48;rāwe, -be, m.=Rabe 48.;144;a;rāwe;no;;;no
hr_0144_004;*Rå̂wensbiarch;Ravensberg;Rå̂wensbiarch;Ravensberg;52;*Rå̂wensbiarch, Ravensberg 52.;144;a;;no;confirmed;;no
hr_0144_005;redden;retten;redden;retten;10;redden=retten 10.;144;a;;no;;;no
hr_0144_006;ref, n.;Gestell, Gerippe;ref, n.;Gestell, Gerippe;73;ref, n.=Gestell, Gerippe 73.;144;a;;no;;;no
hr_0144_007;remster;Emporie.;remster;Emporie;;remster=Emporie.;144;a;;no;;;no
hr_0144_008;reopen, -ben, stv.;rufen;reopen, reoben, stv.;rufen;13, 27, 33, 35, 93;reopen, -ben, stv.=rufen 13, 27, 33, 35, 93.;144;a;reopen;no;;;no
hr_0144_009;reose, f.;Rose;reose, f.;Rose;33, 55;reose, f.=Rose 33, 55.;144;a;;no;;;no
hr_0144_010;reoſich;kalt, „reoſich wiar“;reoſich;kalt, „reoſich wiar“.;34;reoſich=kalt, „reoſich wiar“ 34.;144;a;;no;;;no
hr_0144_011;reot, m.;Ruſs;reot, m.;Ruß;33, 57;reot, m.=Ruſs 33, 57.;144;a;;no;;;no
hr_0144_012;reowe, f.;die Borke, Räude;reowe, f.;die Borke, Räude;34, 52;reowe, f.=die Borke, Räude 34, 52.;144;a;;no;;;no
hr_0144_013;ressen, sik;rasten;ressen, sik;rasten;60;ressen, sik=rasten 60.;144;a;;no;;;no
hr_0144_014;riadern;rasseln;riadern;rasseln;37, 98;riadern=rasseln 37, 98.;144;a;;no;confirmed;;no
hr_0144_015;riaken, adj.;richtig, reinlich, wohlgemessen, „riaken linnen“=Hausleinwand;riaken, adj.;richtig, reinlich, wohlgemessen, „riaken linnen“=Hausleinwand.;36, 64;riaken, adj.=richtig, reinlich, wohlgemessen, „riaken linnen“=Hausleinwand 36, 64.;144;a;;no;confirmed;;no
hr_0144_016;riaknen;rechnen;riaknen;rechnen;37, 98;riaknen=rechnen 37, 98.;144;a;;no;;;no
hr_0144_017;riangen, m.;Regen;riangen, m.;Regen;36, 47;riangen, m.=Regen 36, 47.;144;a;;no;confirmed;;no
hr_0144_018;ribben, f.;Rippe;ribben, f.;Rippe;48;ribben, f.=Rippe 48.;144;a;;no;confirmed;;no
hr_0144_019;*ribbet, n.;Bettelweib (Sch.);ribbet, n.;Bettelweib (Sch.);7, 58;*ribbet, n.=Bettelweib (Sch.) 7, 58.;144;a;;no;confirmed;;no
hr_0144_020;riddern;zittern.;riddern;zittern;;riddern=zittern.;144;a;;no;;;no
hr_0144_021;riekel, m.;groſser Bauernhund;riekel, m.;großer Bauernhund;36;riekel, m.=groſser Bauernhund 36.;144;a;;no;;;no
hr_0144_022;riepen;reffen, Flachs riffeln, rittlings rutschen, coire;riepen;reffen, Flachs riffeln, rittlings rutschen, coire;35, 49, 97;riepen=reffen, Flachs riffeln, rittlings rutschen, coire 35, 49, 97.;144;a;;no;confirmed;;no
hr_0144_023;rīgel, m.;Querriegel;rīgel, m.;Querriegel;15;rīgel, m.=Querriegel 15.;144;a;;no;confirmed;;no
hr_0144_024;richte, f.;die grade Richtung;richte, f.;die grade Richtung;7, 67, 74;richte, f.=die grade Richtung 7, 67, 74.;144;a;;no;confirmed;;no
hr_0144_025;richte, adj.;"grade; richtewäch, m.=der kürzeste Weg.";richte, adj.;"grade; richtewäch, m.=der kürzeste Weg.";;"richte, adj.=grade; richtewäch, m.=der kürzeste Weg.";144;a;;no;confirmed;;no
hr_0144_026;rik, n.;Querstange;rik, n.;Querstange;7;rik, n.=Querstange 7.;144;a;;no;;;no
hr_0144_027;ringe, adj.;gering.;ringe, adj.;gering;;ringe, adj.=gering.;144;a;;no;;;no
hr_0144_028;ringse, f.;Wagenleiter;ringse, f.;Wagenleiter;10, 76;ringse, f.=Wagenleiter 10, 76.;144;a;;no;confirmed;;no
hr_0144_029;rink;rings.;rink;rings;;rink=rings.;144;a;;no;;;no
hr_0144_030;rinkel, f.;Runzel;rinkel, f.;Runzel;47;rinkel, f.=Runzel 47.;144;a;;no;;;no
hr_0144_031;rinnen, stv.;rinnen;rinnen, stv.;rinnen;86;rinnen, stv.=rinnen 86.;144;a;;no;;;no
hr_0144_032;rippeln (ü), sik;sich beeilen, sich rühren, regen;rippeln (ü), sik;sich beeilen, sich rühren, regen;14, 50, 98;rippeln (ü), sik=sich beeilen, sich rühren, regen 14, 50, 98.;144;a;;no;;;no
hr_0144_033;rîr, rîr!;Lockruf gegen Gänse;rîr, rîr!;Lockruf gegen Gänse;16;rîr, rîr! Lockruf gegen Gänse 16.;144;a;;no;confirmed;;no
hr_0144_034;risk;aufgerichtet, schlank;risk;aufgerichtet, schlank;7;risk=aufgerichtet, schlank 7.;144;a;;no;confirmed;;no
hr_0144_035;risse, pl.;Prügel.;risse, pl.;Prügel;;risse, pl.=Prügel.;144;a;;no;confirmed;;no
hr_0144_036;rissen, f.;die Riste.;rissen, f.;die Riste (Bündel von Flachsfasern);;rissen, f.=die Riste.;144;a;;no;corrected;;no
hr_0144_037;riuben, f.;Raupe.;riuben, f.;Raupe;;riuben, f.=Raupe.;144;a;;no;;;no
hr_0144_038;riude, f.;Raute, Fensterscheibe;riude, f.;Raute, Fensterscheibe;30, 55;riude, f.=Raute, Fensterscheibe 30, 55.;144;a;;no;confirmed;;no
hr_0144_039;riuken, stv.;riechen;riuken, stv.;riechen;27, 30, 40, 91;riuken, stv.=riechen 27, 30, 40, 91.;144;a;;no;;;no
hr_0144_040;rium, m.;Raum;rium, m.;Raum;29;rium, m.=Raum 29.;144;b;;no;;;no
hr_0144_041;rium, adj.;geräumig;rium, adj.;geräumig;29, 80;rium, adj.=geräumig 29, 80.;144;b;;no;;;no
hr_0144_042;riune, m.;der Wallach;riune, m.;der Wallach;75;riune, m.=der Wallach 75.;144;b;;no;;;no
hr_0144_043;riule, f.;die Holper, Scholle;riule, f.;die Holper, Scholle;29;riule, f.=die Holper, Scholle 29.;144;b;;no;;;no
hr_0144_044;riusich;höckerig.;riusich;höckerig;;riusich=höckerig.;144;b;;no;confirmed;;no
hr_0144_045;rīwe;aufgänglich, verschwenderisch;rīwe;aufgänglich, verschwenderisch;70;rīwe=aufgänglich, verschwenderisch 70.;144;b;;no;confirmed;;no
hr_0144_046;roeben, f.;Rübe;roeben, f.;Rübe;34;roeben, f.=Rübe 34.;144;b;;no;confirmed;;no
hr_0144_047;roeben, „for de roeben gäun“;sterben.;roeben, „for de roeben gäun“;sterben;;roeben, „for de roeben gäun“=sterben.;144;b;;no;confirmed;;no
hr_0144_048;roer’n;umrühren;roer’n;umrühren;34;roer’n=umrühren 34.;144;b;;no;;;no
hr_0144_049;roer’n, f.;Röhre;roer’n, f.;Röhre;76;roer’n, f.=Röhre 76.;144;b;;no;;;no
hr_0144_050;rogge, -en, m.;1) Roggen, 2) ein Graubrod;rogge, roggen, m.;1) Roggen, 2) ein Graubrod;75;rogge, -en, m.=1) Roggen, 2) ein Graubrod 75.;144;b;;no;;;no
hr_0144_051;roggenbleome, f.;blaue Kornblume.;roggenbleome, f.;blaue Kornblume;;roggenbleome, f.=blaue Kornblume.;144;b;;no;;;no
hr_0144_052;rojjen;reuen;roijjen;sauber;95;rojjen=reuen 95.;144;b;;no;corrected;;no
hr_0144_053;Rolf;Rudolf;Rolf;Rudolf;43;Rolf=Rudolf 43.;144;b;;no;;;no
hr_0144_054;Ruaker;hd. Radewig, Ortsn. in Herford;Ruaker;hd. Radewig, Ortsn. in Herford;38;Ruaker, hd. Radewig, Ortsn. in Herford 38.;144;b;;no;confirmed;;no
hr_0144_055;ruan;roden;ruan;roden;54, 97;ruan=roden 54, 97.;144;b;;no;;;no
hr_0144_056;rüeſseln;rascheln;rüeßeln;rascheln;59, 98;rüeſseln=rascheln 59, 98.;144;b;;no;;;no
hr_0144_057;rudder, n.;1) Pflugstocher, 2) Kreuz;rudder, n.;1) Pflugstocherstock, 2) Kreuz;8, 55;rudder, n.=1) Pflugstocher, 2) Kreuz 8, 55.;144;b;;no;;corrected;no
hr_0144_058;ruffich;diebisch, räffig;ruffich;diebisch, raffig;51;ruffich=diebisch, räffig 51.;144;b;;no;;corrected;no
hr_0144_059;rügge, m.;Rücken;rügge, m.;Rücken;63, 76;rügge, m.=Rücken 63, 76.;144;b;;no;;;no
hr_0144_060;rüggestrank, m.;Rückgrat.;rüggestrank, m.;Rückgrat;;rüggestrank, m.=Rückgrat.;144;b;;no;;;no
hr_0144_061;ruiden, stv.;reiſsen;ruiden, stv.;reißen;24, 32, 36, 57, 90;ruiden, stv.=reiſsen 24, 32, 36, 57, 90.;144;b;;no;;;no
hr_0144_062;ruien, stv.;reiten;ruien, stv.;reiten;16, 24, 32, 54, 90;ruien, stv.=reiten 16, 24, 32, 54, 90.;144;b;;no;;;no
hr_0144_063;ruige, f.;Reihe;ruige, f.;Reihe;68;ruige, f.=Reihe 68.;144;b;;no;;;no
hr_0144_064;ruijjen;aneinanderreihen;ruijjen;aneinanderreihen;96;ruijjen=aneinanderreihen 96.;144;b;;no;confirmed;;no
hr_0144_065;ruik;reich;ruik;reich;17, 32, 79;ruik=reich 17, 32, 79.;144;b;;no;;;no
hr_0144_066;rulle, f.;Rolle;rulle, f.;Rolle;8;rulle, f.=Rolle 8.;144;b;;no;;;no
hr_0144_067;rummel, m.;Rummel.;rummel, m.;Rummel;;rummel, m.=Rummel.;144;b;;no;;;no
hr_0144_068;runtken;kosen, raunen;runtken;kosen, raunen;8, 99;runtken=kosen, raunen 8, 99.;144;b;;no;confirmed;;no
hr_0144_069;runt-ümme;rund um.;runt-ümme;rund um;;runt-ümme=rund um.;144;b;;no;;;no
hr_0144_070;rusk, rüsk, rüske, -en, n.;die Binse;rusk, rüsk, rüske, rüsken, n.;die Binse;13, 60, 73;rusk, rüsk, rüske, -en, n.=die Binse 13, 60, 73.;144;b;rusk | rüsk | rüsken;no;confirmed;;no
hr_0144_071;russich;russig;russich;russig;60;russich=russig 60.;144;b;;no;;;no
hr_0144_072;rutk, m.;1) Räude, 2) der räudige Hund, räud. Katze;rutk, m.;1) Räude, 2) der räudige Hund, räud. Katze;8, 56;rutk, m.=1) Räude, 2) der räudige Hund, räud. Katze 8, 56.;144;b;;no;;;no
hr_0144_073;ruümen;räumen;ruümen;räumen;100;ruümen=räumen 100.;144;b;;no;;;no
hr_0144_074;ruüe, m.;Hund (der allgemeine Name);ruüe, m.;Hund (der allgemeine Name);30, 54, 75;ruüe, m.=Hund (der allgemeine Name) 30, 54, 75.;144;b;;no;;;no
hr_0144_075;rüwwe, rüw, rüf;rauh;rüwwe, rüw, rüf;rauh;51, 53;rüwwe, rüw, rüf=rauh 51, 53.;144;b;rüw | rüf;no;confirmed;;no
hr_0144_076;rüwwe, f.;Reue;rüwwe, f.;Reue;53;rüwwe, f.=Reue 53.;144;b;;no;confirmed;;no
hr_0145_001;sabbeln, -ern;geifern;sabbeln, sabbern;geifern;6, 98;sabbeln, -ern=geifern 6, 98.;145;a;sabbern;no;confirmed;;no
hr_0145_002;sādel, m.;Sattel;sādel, m.;Sattel;15, 55;sādel, m.=Sattel 15, 55.;145;a;;no;confirmed;;no
hr_0145_003;sādelmåijjer, m.;ein Hof der einst Edelsitz war.;sādelmåijjer, m.;ein Hof der einst Edelsitz war;;sādelmåijjer, m.=ein Hof der einst Edelsitz war.;145;a;;no;confirmed;;no
hr_0145_004;*så̂derdach, m.;Samstag;så̂derdach, m.;Samstag (von Saturnstag);16, 55, 78;*så̂derdach, m.=Samstag 16, 55, 78.;145;a;;no;confirmed;corrected;no
hr_0145_005;så̂drach, m.;ein böses Weib.;så̂drach, m.;ein böses Weib;;så̂drach, m.=ein böses Weib.;145;a;;no;confirmed;;no
hr_0145_006;sāge, f.;Säge;sāge, f.;Säge;15, 76;sāge, f.=Säge 15, 76.;145;a;;no;confirmed;;no
hr_0145_007;såiben, f.;Seife;såiben, f.;Seife;25;såiben, f.=Seife 25.;145;a;;no;confirmed;;no
hr_0145_008;saideok, suideok, n.;ein Unkraut im Getreide.;saideok, suideok, n.;ein Unkraut im Getreide;;saideok, suideok, n. ein Unkraut im Getreide.;145;a;suideok;no;confirmed;;no
hr_0145_009;såideok;Sarsche.;såideok;Sarsche (strapazierfähiger Seidenstoff);;såideok=Sarsche.;145;a;;no;corrected;;no
hr_0145_010;såihen, stv.;sehen;såihen, stv.;sehen;6, 22, 25, 28, 29, 63, 69, 87;såihen, stv.=sehen 6, 22, 25, 28, 29, 63, 69, 87.;145;a;;no;confirmed;;no
hr_0145_011;såikadde, f.;eine Sie-Katze.;såikadde, f.;eine Sie-Katze;;såikadde, f.=eine Sie-Katze.;145;a;;no;confirmed;;no
hr_0145_012;såilam, n.;ein Sie-Lamm.;såilam, n.;ein Sie-Lamm;;såilam, n.=ein Sie-Lamm.;145;a;;no;confirmed;;no
hr_0145_013;sail, n.;Seil.;sail, n.;Seil;;sail, n.=Seil.;145;a;;no;confirmed;;no
hr_0145_014;såiks;siech, aussätzig;såiks;siech, aussätzig;80;såiks=siech, aussätzig 80.;145;a;;no;confirmed;;no
hr_0145_015;såiſse, f.;Sense;såiße, f.;Sense;26, 59, 76;såiſse, f.=Sense 26, 59, 76.;145;a;;no;confirmed;;no
hr_0145_016;saitunch, f.;Zeitung.;saitung, f.;Zeitung;;saitunch, f.=Zeitung.;145;a;;no;confirmed;corrected;no
hr_0145_017;såiwer, m.;Geifer;såiwer, m.;Geifer;25;såiwer, m.=Geifer 25.;145;a;;no;confirmed;;no
hr_0145_018;sajjen;sähen;saijjen;sähen;68, 95;sajjen=sähen 68, 95.;145;a;;no;corrected;;no
hr_0145_019;sāke, f.;Sache;sāke, f.;Sache;15;sāke, f.=Sache 15.;145;a;;no;confirmed;;no
hr_0145_020;sāl, m.;Saal;sāl, m.;Saal;14;sāl, m.=Saal 14.;145;a;;no;confirmed;;no
hr_0145_021;*sâl, sal, m.;"die Blätter des getrockneten Klees; sālen, pl.=die Blätter des Flachses";sâl, sal, m.;"die Blätter des getrockneten Klees; sālen, pl.=die Blätter des Flachses";15;"*sâl, sal, m.=die Blätter des getrockneten Klees; sālen, pl.=die Blätter des Flachses 15.";145;a;;yes;confirmed;;no
hr_0145_022;sǟlich, sialich;selig;sǟlich, sialich;selig;18;sǟlich, sialich=selig 18.;145;a;sǟlich;no;confirmed;;no
hr_0145_023;salm, m.;Psalm;salm, m.;Psalm;50;salm, m.=Psalm 50.;145;a;;no;confirmed;;no
hr_0145_024;salmeon, m.;Zimmermannsspruch;salmeon, m.;Zimmermannsspruch;33;salmeon, m.=Zimmermannsspruch 33.;145;a;;no;confirmed;;no
hr_0145_025;sålt, n.;Salz;sålt, n.;Salz;12;sålt, n.=Salz 12.;145;a;;no;confirmed;;no
hr_0145_026;sålten, stv.;salzen;sålten, stv.;salzen;58, 92;sålten, stv.=salzen 58, 92.;145;a;;no;confirmed;;no
hr_0145_027;salwe, f.;Salbe;salwe, f.;Salbe;42, 48, 53;salwe, f.=Salbe 42, 48, 53.;145;a;;no;confirmed;;no
hr_0145_028;salwen, -ben;salben;salwen, salben;salben;42, 95;salwen, -ben=salben 42, 95.;145;a;salwen;no;confirmed;;no
hr_0145_029;samten;sammet;samten;Samt;58;samten=sammet 58.;145;a;;no;confirmed;corrected;no
hr_0145_030;sandlåüper, m.;die Todtenuhr, anob. pert.;sandlåüper, m.;die Todtenuhr, anob. pert.;;sandlåüper, m.=die Todtenuhr, anob. pert.;145;a;;no;corrected;;no
hr_0145_031;sānken;salbadern;sānken;salbadern;15, 99;sānken=salbadern 15, 99.;145;a;;no;confirmed;;no
hr_0145_032;sānkefat, n.;ein Salbader (zu „Sahne“).;sānkefat, n.;ein Salbader (zu „Sahne“).;;sānkefat, n.=ein Salbader (zu „Sahne“).;145;a;;no;confirmed;;no
hr_0145_033;san;so ein;sån;so ein;82;san=so ein 82.;145;a;;no;confirmed;corrected;no
hr_0145_034;sap, m.;Saft, Schweiſs.;sap, m.;Saft, Schweiß;;sap, m.=Saft, Schweiſs.;145;a;;no;confirmed;;no
hr_0145_035;sāpen;salbadern;sāpen;salbadern;15, 49, 96;sāpen=salbadern 15, 49, 96.;145;a;;no;confirmed;;no
hr_0145_036;sār;trocken;sār;trocken;19;sār=trocken 19.;145;a;;no;confirmed;;no
hr_0145_037;så̂t, f.;Saat;så̂t, f.;Saat;18;så̂t, f.=Saat 18.;145;a;;no;;;no
hr_0145_038;säu, så;so;säu, så;so;28;säu, så=so 28.;145;a;;no;confirmed;;no
hr_0145_039;så lalā;so ziemlich;så lalā;so ziemlich;15;så lalā=so ziemlich 15.;145;a;;no;confirmed;;no
hr_0145_040;säut, m.;Brunnen;säut, m.;Brunnen;27, 72;säut, m.=Brunnen 27, 72.;145;b;;no;confirmed;;no
hr_0145_041;säutlant, n.;Brunnengeländer.;säutlant, n.;Brunnengeländer;;säutlant, n.=Brunnengeländer.;145;b;;no;confirmed;;no
hr_0145_042;så̄wel, m.;Säbel.;sæ̊̅wel, m.;Säbel;;så̄wel, m.=Säbel.;145;b;;no;checked_no_change;corrected;no
hr_0145_043;sedden;setzen;sedden;setzen;10, 56, 95, 99;sedden=setzen 10, 56, 95, 99.;145;b;;no;confirmed;;no
hr_0145_044;seggen, sajjen;sagen;säggen, sajjen;sagen;9, 37, 56, 63, 64, 69, 95, 101;seggen, sajjen=sagen 9, 37, 56, 63, 64, 69, 95, 101.;145;b;sajjen;no;corrected;;no
hr_0145_045;selskop, f.;Gesellschaft.;selskop, f.;Gesellschaft;;selskop, f.=Gesellschaft.;145;b;;no;confirmed;;no
hr_0145_046;schāen;schaden;schāen;schaden;15, 54, 96;schāen=schaden 15, 54, 96.;145;b;;no;confirmed;;no
hr_0145_047;schadden, -tten;schatzen, nam. von einem Hochzeitspaare Geschenke fordern;schadden, schatten;schatzen, nam. von einem Hochzeitspaare Geschenke fordern;57, 95;schadden, -tten=schatzen, nam. von einem Hochzeitspaare Geschenke fordern 57, 95.;145;b;schatten;no;confirmed;;no
hr_0145_048;schacht, n.;Schaft, Ast;schacht, n.;Schaft, Ast;67;schacht, n.=Schaft, Ast 67.;145;b;;no;confirmed;;no
hr_0145_049;schåiden, stv.;schieſsen;schåiden, stv.;schießen;26, 27, 40, 91;schåiden, stv.=schieſsen 26, 27, 40, 91.;145;b;;no;confirmed;;no
hr_0145_050;schaien, schuien, stv.;scheiden;schaien, schuir'n, stv.;scheiden;16, 85, 90, 93;schaien, schuien, stv.=scheiden 16, 85, 90, 93.;145;b;schaien;no;corrected;;no
hr_0145_051;schåihen, stv.;geschehen. dat wärt schåihen=das geschieht;schåihen, stv.;geschehen. dat wärt schåihen=das geschieht;6, 25, 27, 29, 31, 62, 63, 67, 69, 85, 87;schåihen, stv.=geschehen. dat wärt schåihen=das geschieht 6, 25, 27, 29, 31, 62, 63, 67, 69, 85, 87.;145;b;;no;confirmed;;no
hr_0145_052;schåilen, stv.;schelten;schåilen, stv.;schelten;26, 28, 38, 86;schåilen, stv.=schelten 26, 28, 38, 86.;145;b;;no;confirmed;;no
hr_0145_053;schaiper, m.;Schäfer;schaiper, m.;Schäfer;49;schaiper, m.=Schäfer 49.;145;b;;no;confirmed;;no
hr_0145_054;schair'n, f.;Scheere;schair'n, f.;Scheere;76;schair'n, f.=Scheere 76.;145;b;;no;confirmed;;no
hr_0145_055;schåiwe;schief;schåiwe;schief;25, 70, 80;schåiwe=schief 25, 70, 80.;145;b;;no;confirmed;;no
hr_0145_056;schalú;eifersüchtig.;schalú;eifersüchtig;;schalú=eifersüchtig.;145;b;;no;confirmed;;no
hr_0145_057;schamper;strenge, scharf;schamper;strenge, scharf;80;schamper=strenge, scharf 80.;145;b;;no;confirmed;;no
hr_0145_058;schanåiren;geniren;schanåiren;geniren;62;schanåiren=geniren 62.;145;b;;no;confirmed;;no
hr_0145_059;schandārwe, m.;Gensdarm;schandārwe, m.;Gendarm;52;schandārwe, m.=Gensdarm 52.;145;b;;no;corrected;;no
hr_0145_060;schap, n.;der Schrank;schap, n.;der Schrank;6, 62, 73;schap, n.=der Schrank 6, 62, 73.;145;b;;no;confirmed;;no
hr_0145_061;schå̂p, n.;Schaf;schå̂p, n.;Schaf;18, 62;schå̂p, n.=Schaf 18, 62.;145;b;;no;;;no
hr_0145_062;schå̂pken, n.;Schäfchen;schæ̊̅pken, n.;Schäfchen;18;schå̂pken, n.=Schäfchen 18.;145;b;;no;;corrected;no
hr_0145_063;schå̂priwwe, f.;Schafgarbe.;schå̂priwwe, f.;Schafgarbe;;schå̂priwwe, f.=Schafgarbe.;145;b;;no;;;no
hr_0145_064;schārphāſe, m.;Zaunigel.;schārphāſe, m.;Zaunigel;;schārphāſe, m.=Zaunigel.;145;b;;no;confirmed;;no
hr_0145_065;schåt, n.;Verschlag, Holzwand, Taubenkasten;schåt, n.;Verschlag, Holzwand, Taubenkasten;12, 73;schåt, n.=Verschlag, Holzwand, Taubenkasten 12, 73.;145;b;;no;;;no
hr_0145_066;schåtbüenen;vergl. büenen.;schåtbüenen;vergl. büenen;;schåtbüenen, vergl. büenen.;145;b;;no;confirmed;;no
hr_0145_067;schatiljer, m.;Tischler;schatiljer, m.;Tischler;8, 42;schatiljer, m.=Tischler 8, 42.;145;b;;no;confirmed;;no
hr_0145_068;schäue, f.;Schote.;schäue, f.;Schote;;schäue, f.=Schote.;145;b;;no;confirmed;;no
hr_0145_069;schäuf, m.;der Schaub;schäuf, m.;der Schaub (Strohbund);27;schäuf, m.=der Schaub 27.;145;b;;no;corrected;;no
hr_0145_070;schåün;schön;schåün;schön;28, 79, 83;schåün=schön 28, 79, 83,;145;b;;no;confirmed;;no
hr_0145_071;schäut, m.;des Schoſs;schäut, m.;des Schoß;26;schäut, m.=des Schoſs 26.;145;b;;no;confirmed;;no
hr_0145_072;schå̂w-, schå̂b-heoſse, m.;trockner Husten;schå̂w-, schå̂b-heoße, m.;trockner Husten;48;schå̂w-, schå̂b-heoſse, m.=trockner Husten 48.;145;b;schå̂w-;no;;;no
hr_0145_073;schenken, stv.;schenken;schenken, stv.;schenken;9, 11, 86;schenken, stv.=schenken 9, 11, 86.;145;b;;no;confirmed;;no
hr_0145_074;scheo, m.;Schuh;scheo, m.;Schuh;33, 62;scheo, m.=Schuh 33, 62.;145;b;;no;confirmed;;no
hr_0145_075;scheole, f.;Schule;scheole, f.;Schule;33, 62;scheole, f.=Schule 33, 62.;145;b;;no;confirmed;;no
hr_0146_001;schep, n.;Schiff;schep, n.;Schiff;9, 48;schep, n.=Schiff 9, 48.;146;a;;no;confirmed;;no
hr_0146_002;schiae, m.;Schatten.;schiae, m.;Schatten;;schiae, m.=Schatten.;146;a;;no;confirmed;;no
hr_0146_003;schial;scheel;schial;scheel;36;schial=scheel 36.;146;a;;no;confirmed;;no
hr_0146_004;schiamen;schämen;schiamen;schämen;37, 97;schiamen=schämen 37, 97.;146;a;;no;confirmed;;no
hr_0146_005;schiaren, stv.;scheren;schiaren, stv.;scheren;38, 88, 97;schiaren, stv.=scheren 38, 88, 97.;146;a;;no;confirmed;;no
hr_0146_006;schiaren;angehen, „sik schiaren üm“=sich bekümmern um;schiaren;angehen, „sik schiaren üm“=sich bekümmern um;62;schiaren=angehen, „sik schiaren üm“=sich bekümmern um 62.;146;a;;no;confirmed;;no
hr_0146_007;schiarpen;schärfen;schiarpen;schärfen;37, 97;schiarpen=schärfen 37, 97.;146;a;;no;confirmed;;no
hr_0146_008;schiel, m.;Mangel, Fehler.;schiel, m.;Mangel, Fehler;;schiel, m.=Mangel, Fehler.;146;a;;no;confirmed;;no
hr_0146_009;schielen;1) mangeln, 2) angehen, wat schielt dui dat!;schielen;1) mangeln, 2) angehen, wat schielt dui dat!;97;schielen=1) mangeln, 2) angehen, wat schielt dui dat! 97.;146;a;;no;confirmed;;no
hr_0146_010;schiene, f.;Schiene;schiene, f.;Schiene;35;schiene, f.=Schiene 35.;146;a;;no;confirmed;;no
hr_0146_011;schiepel, m.;Scheffel;schiepel, m.;Scheffel;36, 49;schiepel, m.=Scheffel 36, 49.;146;a;;no;confirmed;;no
hr_0146_012;schiepk, n.;Schilf;schiepk, n.;Schilf;50, 65;schiepk, n.=Schilf 50, 65.;146;a;;no;confirmed;;no
hr_0146_013;schicker (jüd.);betrunken;schicker (jüd.);betrunken;64;schicker (jüd.)=betrunken 64.;146;a;;no;confirmed;;no
hr_0146_014;schilgassen, f.;Gerstengraupe.;schilgassen, f.;Gerstengraupe;;schilgassen, f.=Gerstengraupe.;146;a;;no;confirmed;;no
hr_0146_015;schillen, schå̂len;schälen;schillen, schå̂len;schälen;62;schillen, schå̂len=schälen 62.;146;a;schå̂len;no;;;no
hr_0146_016;schiln, f.;Schale;schiln, f.;Schale;76;schiln, f.=Schale 76.;146;a;;no;confirmed;;no
hr_0146_017;schilwer, m.;Schorf;schilwer, m.;Schorf;7;schilwer, m.=Schorf 7.;146;a;;no;confirmed;;no
hr_0146_018;schilwern;abschürfen;schilwern;abschürfen;48, 98;schilwern=abschürfen 48, 98.;146;a;;no;confirmed;;no
hr_0146_019;schiuben, stv.;schieben;schiuben, stv.;schieben;17, 27, 30, 91;schiuben, stv.=schieben 17, 27, 30, 91.;146;a;;no;confirmed;;no
hr_0146_020;schiude, f.;Grabscheit;schiude, f.;Grabscheit, Spaten;30, 76;schiude, f.=Grabscheit 30, 76.;146;a;;no;corrected;;no
hr_0146_021;schiufsiedel, n.;das Schiebseil, die Siele;schiufsiedel, n.;das Schiebseil, die Siele;56, 78;schiufsiedel, n.=das Schiebseil, die Siele 56, 78.;146;a;;no;confirmed;;no
hr_0146_022;schium, m.;Schaum;schium, m.;Schaum;30;schium, m.=Schaum 30.;146;a;;no;confirmed;;no
hr_0146_023;schiur, n.;Schauer;schiur, n.;Schauer;30;schiur, n.=Schauer 30.;146;a;;no;confirmed;;no
hr_0146_024;schīwe, Pl.;die Flachsschebe;schīwe, Pl.;die Flachsschebe, -abfall;15;schīwe, Pl.=die Flachsschebe 15.;146;a;;no;confirmed;corrected;no
hr_0146_025;schobben, f.;der Schuppen;schobben, f.;der Schuppen;62;schobben, f.=der Schuppen 62.;146;a;;no;confirmed;;no
hr_0146_026;schoefel, f.;Wegschaufel;schoefel, f.;Wegschaufel;51;schoefel, f.=Wegschaufel 51.;146;a;;no;confirmed;;no
hr_0146_027;schȫrde, f.;Schürze;schȫrde, f.;Schürze;20, 39, 56, 81;schȫrde, f.=Schürze 20, 39, 56, 81.;146;a;;no;;;no
hr_0146_028;schrabben, -ppen;schaben, scharren;schrabben, schrappen;schaben, scharren;50, 62;schrabben, -ppen=schaben, scharren 50, 62.;146;a;schrappen;no;confirmed;;no
hr_0146_029;schråijjen;schreien;schråijjen;schreien;68, 99;schråijjen=schreien 68, 99.;146;a;;no;confirmed;;no
hr_0146_030;schraiwe, graiwe, f.;die Griebe, Speckwürfel, auch Schlacke von Kohlen;schraiwe, graiwe, f.;die Griebe, Speckwürfel, auch Schlacke von Kohlen;24, 62;schraiwe, graiwe, f.=die Griebe, Speckwürfel, auch Schlacke von Kohlen 24, 62.;146;a;graiwe;no;confirmed;;no
hr_0146_031;schrä̂ken;schreien (von Vögeln);schrä̂ken;schreien (von Vögeln);18, 96;schrä̂ken=schreien (von Vögeln) 18, 96.;146;a;;no;confirmed;;no
hr_0146_032;schrå̂t;quer, schräg;schrå̂t;quer, schräg;18, 62;schrå̂t=quer, schräg 18, 62.;146;a;;no;;;no
hr_0146_033;schräue;mager;schräue;mager;28;schräue=mager 28.;146;a;;no;confirmed;;no
hr_0146_034;schräuen, schrå̂en, stv.;1) schroten, 2) „schraten“, von Milch, welche während des Kochens „körnert“;schräuen, schrå̂en, stv.;1) schroten, 2) „schraten“, von Milch, welche während des Kochens „körnert“;18, 93;schräuen, schrå̂en, stv.=1) schroten, 2) „schraten“, von Milch, welche während des Kochens „körnert“ 18, 93.;146;a;schräuen;no;;;no
hr_0146_035;schräut, n.;Schrot;schräut, n.;Schrot;26;schräut, n.=Schrot 26.;146;a;;no;confirmed;;no
hr_0146_036;schrel;scharf, trocken;schrel;scharf, trocken;9, 62;schrel=scharf, trocken 9, 62.;146;b;;no;confirmed;;no
hr_0146_037;schrinnen, gewöhnlich sik schr. (auch schruinen?) stv.;sich die Haut verletzen. westf.-hd. schrinden, geschrunden;schrinnen, gewöhnlich sik schr. (auch schruinen?) stv.;sich die Haut verletzen. westf.-hd. schrinden, geschrunden;86;schrinnen, gewöhnlich sik schr. (auch schruinen?) stv.=sich die Haut verletzen. westf.-hd. schrinden, geschrunden 86.;146;b;;no;confirmed;;no
hr_0146_038;schrinnen, stv. auch schruinen;beiſsen, brennen, von Hautwunden;schrinnen, stv. auch schruinen;beißen, brennen, von Hautwunden;7, 92;schrinnen, stv. auch schruinen=beiſsen, brennen, von Hautwunden 7, 92.;146;b;;no;confirmed;;no
hr_0146_039;schriuben, stv.;schrauben;schriuben, stv.;schrauben;27, 30, 91;schriuben, stv.=schrauben 27, 30, 91.;146;b;;no;confirmed;;no
hr_0146_040;schriuthāne, m.;Truthahn.;schriuthāne, m.;Truthahn;;schriuthāne, m.=Truthahn.;146;b;;no;confirmed;;no
hr_0146_041;schruaden, ptc.;geschrotet;schruaden, ptc.;geschrotet;38;schruaden, ptc.=geschrotet 38.;146;b;;no;confirmed;;no
hr_0146_042;schrubben;scheuern, schruppen;schrubben;scheuern, schruppen;48, 95;schrubben=scheuern, schruppen 48, 95.;146;b;;no;confirmed;;no
hr_0146_043;schruiben, stv.;schreiben;schruiben, stv.;schreiben;16, 24, 62, 85, 89;schruiben, stv.=schreiben 16, 24, 62, 85, 89.;146;b;;no;confirmed;;no
hr_0146_044;schruien, stv.;schreiten;schruien, stv.;schreiten;24, 90;schruien, stv.=schreiten 24, 90.;146;b;;no;confirmed;;no
hr_0146_045;schuarf, m.;Schorf;schuarf, m.;Schorf;38;schuarf, m.=Schorf 38.;146;b;;no;confirmed;;no
hr_0146_046;schuake, m.;Bein, Fuſs;schuake, m.;Bein, Fuß;38, 75;schuake, m.=Bein, Fuſs 38, 75.;146;b;;no;confirmed;;no
hr_0146_047;schubben, -ppen;schuppen;schubben, schuppen;schuppen;48, 95;schubben, -ppen=schuppen 48, 95.;146;b;schuppen;no;confirmed;;no
hr_0146_048;schüdden;schütten;schüdden;schütten;55, 96, 99;schüdden=schütten 55, 96, 99.;146;b;;no;confirmed;;no
hr_0146_049;schüel, schüöl, m.;Schöll, Bodensatz, trüber Rest von Getränken;schüel, schüöl, m.;Schöll, Bodensatz, trüber Rest von Getränken;62, 72;schüel, schüöl, m.=Schöll, Bodensatz, trüber Rest von Getränken 62, 72.;146;b;schüöl;no;confirmed;;no
hr_0146_050;schüelen;trüben;schüelen;trüben;40, 97;schüelen=trüben 40, 97.;146;b;;no;confirmed;;no
hr_0146_051;(fer)schüenen;verführen.;(fer)schüenen;verführen;;(fer)schüenen=verführen.;146;b;;no;confirmed;;no
hr_0146_052;schüffel, f.;Wurfschaufel;schüffel, f.;Wurfschaufel;51;schüffel, f.=Wurfschaufel 51.;146;b;;no;confirmed;;no
hr_0146_053;schucht, f.;Halskamm der Kuh, vom Genick bis zum Kopfe;schucht, f.;Halskamm der Kuh, vom Genick bis zum Kopfe;75;schucht, f.=Halskamm der Kuh, vom Genick bis zum Kopfe 75.;146;b;;no;confirmed;;no
hr_0146_054;schuidhupk, m.;der Wiedehopf.;schuidhupk, m.;der Wiedehopf;;schuidhupk, m.=der Wiedehopf.;146;b;;no;confirmed;;no
hr_0146_055;schuiden, stv.;;schuiden, stv.;scheißen;36, 85, 90;schuiden, stv. 36, 85, 90.;146;b;;no;;corrected;no
hr_0146_056;schuinen, stv.;scheinen;schuinen, stv.;scheinen;24, 36, 62, 85, 90;schuinen, stv.=scheinen 24, 36, 62, 85, 90.;146;b;;no;confirmed;;no
hr_0146_057;schuir;schier, rein;schuir;schier, rein;32;schuir=schier, rein 32.;146;b;;no;confirmed;;no
hr_0146_058;schuir'n;theilen;schuir'n;theilen;32;schuir'n=theilen 32.;146;b;;no;confirmed;;no
hr_0146_059;schulde, m.;Zweitknecht der Groſsbauern;schulde, m.;Zweitknecht der Großbauern;42, 56;schulde, m.=Zweitknecht der Groſsbauern 42, 56.;146;b;;no;confirmed;;no
hr_0146_060;schulken;schnell laufen.;schulken;schnell laufen;;schulken=schnell laufen.;146;b;;no;confirmed;;no
hr_0146_061;schüllich;schuldig;schüllich;schuldig;13;schüllich=schuldig 13.;146;b;;no;confirmed;;no
hr_0146_062;schult, f.;Schuld;schult, f.;Schuld;62;schult, f.=Schuld 62.;146;b;;no;confirmed;;no
hr_0146_063;schummeln;watscheln, „schieben“;schummeln;watscheln, „schieben“.;98;schummeln=watscheln, „schieben“ 98.;146;b;;no;confirmed;;no
hr_0146_064;schummern;dämmern;schummern;dämmern;8, 98;schummern=dämmern 8, 98.;146;b;;no;confirmed;;no
hr_0146_065;schüödel, f.;Schüssel;schüödel, f.;Schüssel;40;schüödel, f.=Schüssel 40.;146;b;;no;confirmed;;no
hr_0146_066;schüöte, m.;Schuss(desBaumes);schüöte, m.;Schuss (des Baumes);73;schüöte, m.=Schuss(desBaumes)73.;146;b;;no;confirmed;corrected;no
hr_0146_067;schüppen;schwanken, schütteln (Flüssigkeiten);schüppen;schwanken, schütteln (Flüssigkeiten);50, 95;schüppen=schwanken, schütteln (Flüssigkeiten) 50, 95.;146;b;;no;confirmed;;no
hr_0147_001;schüppe, -en, f.;Wurfschaufel, Hirtenstab mit Schaufel, Schöpfkelle.;schüppe, schüppen, f.;Wurfschaufel, Hirtenstab mit Schaufel, Schöpfkelle;;schüppe, -en, f.=Wurfschaufel, Hirtenstab mit Schaufel, Schöpfkelle.;147;a;schüppe;no;;;no
hr_0147_002;schûr, f.;Schutzdach;schûr, f.;Schutzdach;20, 30;schûr, f.=Schutzdach 20, 30.;147;a;;no;;;no
hr_0147_003;schüssel, m.;der Brodschieber;schüssel, m.;der Brodschieber;60, 77;schüssel, m.=der Brodschieber 60, 77.;147;a;;no;;;no
hr_0147_004;schüt, n.;Schutzbrett;schüt, n.;Schutzbrett (Absperrbrett);13, 73;schüt, n.=Schutzbrett 13, 73.;147;a;;no;confirmed;corrected;no
hr_0147_005;schuts, m.;Schutz;schuts, m.;Schutz;57;schuts, m.=Schutz 57.;147;a;;no;confirmed;;no
hr_0147_006;schuüjjen, schüwwen;scheuen;schuüjjen, schüwwen;scheuen;14, 97;schuüjjen, schüwwen=scheuen 14, 97.;147;a;schüwwen;no;confirmed;;no
hr_0147_007;schuüke;schräg, abhängend.;schuüke;schräg, abhängend;;schuüke=schräg, abhängend.;147;a;;no;;;no
hr_0147_008;schuür’n, f.;die Scheune.;schuür’n, f.;die Scheune;;schuür’n, f.=die Scheune.;147;a;;no;;;no
hr_0147_009;schuür’n;scheuern;schuür’n;scheuern;31, 97;schuür’n=scheuern 31, 97.;147;a;;no;;;no
hr_0147_010;siadigen;sättigen;siadigen;sättigen;37;siadigen=sättigen 37.;147;a;;no;confirmed;;no
hr_0147_011;siangnen;segnen;siangen;segnen;47, 98;siangnen=segnen 47, 98.;147;a;;no;corrected;;no
hr_0147_012;sidden, stv.;sitzen;sidden, stv.;sitzen;6, 7, 24, 57, 58, 61, 87;sidden, stv.=sitzen 6, 7, 24, 57, 58, 61, 87.;147;a;;no;confirmed;;no
hr_0147_013;Siebenstairn, m.;Siebengestirn.;Siebenstairn, m.;Siebengestirn;;Siebenstairn, m.=Siebengestirn.;147;a;;no;;;no
hr_0147_014;siedel, m.;1) Zettel, 2) Sessel;siedel, m.;1) Zettel, 2) Sessel;55, 59;siedel, m.=1) Zettel, 2) Sessel 55, 59.;147;a;;no;;;no
hr_0147_015;siegel, n.;Siegel;siegel, n.;Siegel;35;siegel, n.=Siegel 35.;147;a;;no;confirmed;;no
hr_0147_016;siekel, f.;Sichel.;siekel, f.;Sichel;;siekel, f.=Sichel.;147;a;;no;confirmed;;no
hr_0147_017;sieker;sicher;sieker;sicher;35, 64;sieker=sicher 35, 64.;147;a;;no;confirmed;;no
hr_0147_018;siemich;schleimig, kräftig (von Suppen);siemich;schleimig, kräftig (von Suppen);36;siemich=schleimig, kräftig (von Suppen) 36.;147;a;;no;;;no
hr_0147_019;siene, f.;Sehne;siene, f.;Sehne;76;siene, f.=Sehne 76.;147;a;;no;confirmed;;no
hr_0147_020;siepern;sickern, tröpfeln;siepern;sickern, tröpfeln;35, 49, 98;siepern=sickern, tröpfeln 35, 49, 98.;147;a;;no;confirmed;;no
hr_0147_021;sīge, f.;Ziege;sīge, f.;Ziege;15, 59;sīge, f.=Ziege 15, 59.;147;a;;no;confirmed;;no
hr_0147_022;sīgenfeoer;Farnkraut.;sīgenfeoer;Farnkraut;;sīgenfeoer=Farnkraut.;147;a;;no;confirmed;;no
hr_0147_023;siggelich;albern. Schamb. sêgelig.;siggelich;albern. Schamb. sêgelig;;siggelich=albern. Schamb. sêgelig.;147;a;;no;confirmed;;no
hr_0147_024;silå̄t, m.;Salat;silå̄t, m.;Salat;16;silå̄t, m.=Salat 16.;147;a;;no;;;no
hr_0147_025;singen, stv.;singen;singen, stv.;singen;8, 13, 14, 47, 63, 65, 84, 86;singen, stv.=singen 8, 13, 14, 47, 63, 65, 84, 86.;147;a;;no;confirmed;;no
hr_0147_026;sinjen, adv.;sacht, sanft;sinjen, adv.;sacht, sanft;69, 80;sinjen, adv.=sacht, sanft 69, 80.;147;a;;no;confirmed;;no
hr_0147_027;sinken, stv.;sinken;sinken, stv.;sinken;65, 86;sinken, stv.=sinken 65, 86.;147;a;;no;confirmed;;no
hr_0147_028;sinnen, stv.;sinnen;sinnen, stv.;sinnen;86;sinnen, stv.=sinnen 86.;147;a;;no;confirmed;;no
hr_0147_029;sinner, m.;der Sinder, Schlacke;sinner, m.;der Sinder, Schlacke;59;sinner, m.=der Sinder, Schlacke 59.;147;a;;no;;;no
hr_0147_030;sins, sint dat;seit dem.;sins, sint dat;seit dem;;sins, sint dat=seit dem.;147;a;;no;confirmed;;no
hr_0147_031;sint;seit;sint, suit;seit;7, 57;sint=seit 7, 57.;147;a;sint;no;corrected;;no
hr_0147_032;siråinen, f.;die Syringe.;siråinen, f.;die Syringe;;siråinen, f.=die Syringe.;147;a;;no;confirmed;;no
hr_0147_033;sīren, sik;sich zieren, kokettiren;sīren, sik;sich zieren, kokettiren;57, 59;sīren, sik=sich zieren, kokettiren 57, 59.;147;a;;no;confirmed;;no
hr_0147_034;sīrup, m.;Sirop;sīrup, m.;Sirop;15, 20, 45;sīrup, m.=Sirop 15, 20, 45.;147;a;;no;confirmed;;no
hr_0147_035;sīrkel, m.;Zirkel;sīrkel, m.;Zirkel;20, 59;sīrkel, m. Zirkel 20, 59.;147;a;;no;confirmed;;no
hr_0147_036;sippe, f.;Ziege, albernes Mädchen;sippe, f.;Ziege, albernes Mädchen;59;sippe, f.=Ziege, albernes Mädchen 59.;147;a;;no;;;no
hr_0147_037;sippe-sappe, f.;alberner Mensch;sippe-sappe, f.;alberner Mensch;7, 50;sippe-sappe, f.=alberner Mensch 7, 50.;147;b;;no;;;no
hr_0147_038;sīſen, siſſen;zischen;sīſen, siſſen;zischen;7, 15, 59, 61, 95, 96, 99;sīſen, siſſen=zischen 7, 15, 59, 61, 95, 96, 99.;147;b;siſſen;no;;;no
hr_0147_039;siſſemänken, m.;Sprühteufel (Br. Wb. VI, 424 Zissmänken);siſſemänken, m.;Sprühteufel (Br. Wb. VI, 424 Zissmänken);7;siſſemänken, m.=Sprühteufel (Br. Wb. VI, 424 Zissmänken) 7.;147;b;;no;;;no
hr_0147_040;siudken, sûdken;sanft;siudken, sûdken;sanft;80;siudken, sûdken=sanft 80.;147;b;sûdken;no;confirmed;;no
hr_0147_041;siugen, stv.;saugen;siugen, stv.;saugen;14, 17, 27, 30, 67, 91;siugen, stv.=saugen 14, 17, 27, 30, 67, 91.;147;b;;no;confirmed;;no
hr_0147_042;siule, f.;Säule;siule, f.;Säule;30;siule, f.=Säule 30.;147;b;;no;confirmed;;no
hr_0147_043;siupen, stv.;saufen;siupen, stv.;saufen;27, 30, 50, 91;siupen, stv.=saufen 27, 30, 50, 91.;147;b;;no;confirmed;;no
hr_0147_044;siur;sauer;siur;sauer;30;siur=sauer 30.;147;b;;no;confirmed;;no
hr_0147_045;siuſen;sausen;siuſen;sausen;97;siuſen=sausen 97.;147;b;;no;confirmed;;no
hr_0147_046;Siurlant, Sûrlant, n.;Sauerland;Siurlant, Sûrlant, n.;Sauerland;54;Siurlant, Sûrlant, n.=Sauerland 54.;147;b;Sûrlant;no;confirmed;;no
hr_0147_047;slabbern;schlappen;slabbern;schlappen;48, 98;slabbern=schlappen 48, 98.;147;b;;no;confirmed;;no
hr_0147_048;slafitk, m.;Schlagfittig, Rockflügel, Krips;slafitk, m.;Schlagfittig, Rockflügel, Krips;56;slafitk, m.=Schlagfittig, Rockflügel, Krips 56.;147;b;;no;confirmed;;no
hr_0147_049;slāge, f.;Schlegel;slāge, f.;Schlegel;15;slāge, f.=Schlegel 15.;147;b;;no;confirmed;;no
hr_0147_050;slach, m.;Schlag;slach, m.;Schlag;37;slach, m.=Schlag 37.;147;b;;no;confirmed;;no
hr_0147_051;slai;stumpf (von Zähnen);slai;stumpf (von Zähnen);24, 59;slai=stumpf (von Zähnen) 24, 59.;147;b;;no;confirmed;;no
hr_0147_052;slåif, m.;Kochlöffel, Rüpel;slåif, m.;1) Kochlöffel, 2) Rüpel;25, 61, 72;slåif, m.=Kochlöffel, Rüpel 25, 61, 72.;147;b;;no;confirmed;corrected;no
hr_0147_053;slackergäus, f.;wilde Gans.;slackergäus, f.;wilde Gans;;slackergäus, f.=wilde Gans.;147;b;;no;;;no
hr_0147_054;slaks, m.;Lümmel, schlottriger Mensch;slaks, m.;Lümmel, schlottriger Mensch;64;slaks, m.=Lümmel, schlottriger Mensch 64.;147;b;;no;;;no
hr_0147_055;slange, f.;Schlange;slange, f.;Schlange;59;slange, f.=Schlange 59.;147;b;;no;confirmed;;no
hr_0147_056;slå̂pen, -ben, stv.;schlafen;slå̂pen, slå̂ben, stv.;schlafen;12, 18, 25, 49, 50, 93;slå̂pen, -ben, stv.=schlafen 12, 18, 25, 49, 50, 93.;147;b;slå̂pen;no;confirmed;;no
hr_0147_057;slārt, n.;die Schlampe;slārt, n.;die Schlampe;19;slārt, n.=die Schlampe 19.;147;b;;no;confirmed;;no
hr_0147_058;slasse, f.;die Schlarfe;slasse, f.;die Schlarfe (Pantoffel mit niedergetretener Hacke);6, 60;slasse, f.=die Schlarfe 6, 60.;147;b;;no;corrected;;no
hr_0147_059;slåt, n.;Schloss;slåt, n.;Schloss;12;slåt, n.=Schloss 12.;147;b;;no;;;no
hr_0147_060;släun, stv.;schlagen;släun, stv.;schlagen;15, 26, 27, 28, 33, 35, 40, 64, 89;släun, stv.=schlagen 15, 26, 27, 28, 33, 35, 40, 64, 89.;147;b;;no;;;no
hr_0147_061;slenkfissen;faullenzen, von fisse;slenkfissen;faulenzen, von fisse (?);95;slenkfissen=faullenzen, von fisse 95.;147;b;;no;confirmed;corrected;no
hr_0147_062;sleom, m.;Schlemmer, Schlemihl;sleom, m.;Schlemmer, Schlemihl;33;sleom, m.=Schlemmer, Schlemihl 33.;147;b;;no;;;no
hr_0147_063;sliepen;schleppen;sliepen;schleppen;97;sliepen=schleppen 97.;147;b;;no;confirmed;;no
hr_0147_064;slīgen, f.;Schlitten;slīgen, f.;Schlitten;15, 63;slīgen, f.=Schlitten 15, 63.;147;b;;no;confirmed;;no
hr_0147_065;slickern;naschen;slickern;naschen;7, 61, 98;slickern=naschen 7, 61, 98.;147;b;;no;confirmed;;no
hr_0147_066;slik-up, m.;das Schluksen;slik-up, m.;das Schluksen (Schluckauf);7;slik-up, m.=das Schluksen 7.;147;b;;no;;corrected;no
hr_0147_067;slim;schlimm, schlau;slim;schlimm, schlau;45;slim=schlimm, schlau 45.;147;b;;no;confirmed;;no
hr_0147_068;slingen, stv.;schlingen;slingen, stv.;schlingen;6, 86;slingen, stv.=schlingen 6, 86.;147;b;;no;confirmed;;no
hr_0147_069;slinnern;glitschen (Eis);slinnern;glitschen (Eis);46;slinnern=glitschen (Eis) 46.;147;b;;no;;;no
hr_0147_070;slink, n.;Hofthor, Barrière;slink, n.;Hofthor, Barrière;47, 65, 73;slink, n.=Hofthor, Barrière 47, 65, 73.;147;b;;no;;;no
hr_0147_071;slinkappel, m.;Kartoffelbeere.;slinkappel, m.;Kartoffelbeere;;slinkappel, m.=Kartoffelbeere.;147;b;;no;;;no
lr_0148_001;slippe, f.;die aufgenommene Schürze, der Schoſs.;slippe, f.;die aufgenommene Schürze, der Schoß;;slippe, f.=die aufgenommene Schürze, der Schoſs.;148;a;;no;;;no
lr_0148_002;sliuden, stv.;schlieſsen;sliuden, stv.;schließen;2, 30, 55, 91;sliuden, stv.=schlieſsen 2, 30, 55, 91.;148;a;;no;;;no
lr_0148_003;sliuken, stv.;schlucken;sliuken, stv.;schlucken;27, 64, 91, 93;sliuken, stv.=schlucken 27, 64, 91, 93.;148;a;;no;;;no
lr_0148_004;sliupen (stv.?);schlüpfen;sliupen (stv.?);schlüpfen;30, 97;sliupen (stv.?)=schlüpfen 30, 97.;148;a;;no;;;no
lr_0148_005;sluakern;schlottern;sluakern;schlottern;38;sluakern=schlottern 38.;148;a;;no;;;no
lr_0148_006;slüedel, m.;Schlüssel;slüedel, m.;Schlüssel;40, 55, 77;slüedel, m.=Schlüssel 40, 55, 77.;148;a;;no;;;no
lr_0148_007;slucht, f.;ausgehauener Pass im Gehölz.;slucht, f.;ausgehauener Pass im Gehölz;;slucht, f.=ausgehauener Pass im Gehölz.;148;a;;no;;;no
lr_0148_008;sluijjert, m.;die Schleihe;sluijjert, m.;die Schleihe;44, 68;sluijjert, m.=die Schleihe 44, 68.;148;a;;no;;;no
lr_0148_009;sluiken, stv.;schleichen;sluiken, stv.;schleichen;24, 90;sluiken, stv.=schleichen 24, 90.;148;a;;no;;;no
lr_0148_010;sluipen, stv.;schleifen;sluipen, stv.;schleifen;24, 36;sluipen, stv.=schleifen 24, 36.;148;a;;no;;;no
lr_0148_011;sluks;gefräſsig;sluks;gefräßig;80;sluks=gefräſsig 80.;148;a;;no;;;no
lr_0148_012;*slump, m.;Glücksfall;slump, m.;Glücksfall;8, 61, 73;*slump, m.=Glücksfall 8, 61, 73.;148;a;;no;;;no
lr_0148_013;slûr'n, pl.;die Schlauben, Haut der Bohnen u. a.;slûr'n, pl.;die Schlauben, Haut der Bohnen u. a;;slûr'n, pl.=die Schlauben, Haut der Bohnen u. a.;148;a;;no;;;no
lr_0148_014;sluür, m.;Schlendrian, träger Gang;sluür, m.;Schlendrian, träger Gang;31, 78;sluür, m.=Schlendrian, träger Gang 31, 78.;148;a;;no;;;no
lr_0148_015;sluür'n;nachschleppen;sluür'n;nachschleppen;30, 39, 59, 97;sluür'n=nachschleppen 30, 39, 59, 97.;148;a;;no;;;no
lr_0148_016;smadderich, madderich;schmierig, glatt (z. B. Wege);smadderich, madderich;schmierig, glatt (z. B. Wege);6, 61;smadderich, madderich=schmierig, glatt (z. B. Wege) 6, 61.;148;a;smadderich;no;;;no
lr_0148_017;smächtich;hungrig, hager.;smächtich;hungrig, hager;;smächtich=hungrig, hager.;148;a;;no;;;no
lr_0148_018;smachtråim, m.;Leibgurt.;smachtråim, m.;Leibgurt;;smachtråim, m.=Leibgurt.;148;a;;no;;;no
lr_0148_019;smak, m.;Geschmack.;smak, m.;Geschmack;;smak, m.=Geschmack.;148;a;;no;;;no
lr_0148_020;smacken;klatschen (Peitsche);smacken;klatschen (Peitsche);47;smacken=klatschen (Peitsche) 47.;148;a;;no;;;no
lr_0148_021;smal;schmal;smal;schmal;6;smal=schmal 6.;148;a;;no;;;no
lr_0148_022;smant, m.;Rahm, Sahne;smant, m.;Rahm, Sahne;59, 72;smant, m.=Rahm, Sahne 59, 72.;148;a;;no;;;no
lr_0148_023;småtk, m.;Kind mit Pausbacken;småtk, m.;Kind mit Pausbacken;12, 61;småtk, m.=Kind mit Pausbacken 12, 61.;148;a;;no;;;no
lr_0148_024;smäuk, m.;Rauch;smäuk, m.;Rauch;27;smäuk, m.=Rauch 27.;148;a;;no;;;no
lr_0148_025;småüken;schmauchen;småüken;schmauchen;12, 28, 100;småüken=schmauchen 12, 28, 100.;148;a;;no;;;no
lr_0148_026;smelten, stv.;schmelzen;smelten, stv.;schmelzen;9, 11, 86;smelten, stv.=schmelzen 9, 11, 86.;148;a;;no;;;no
lr_0148_027;smet, m.;Schmied.;smet, m.;Schmied;;smet, m.=Schmied.;148;a;;no;;;no
lr_0148_028;smiagel, m.;bewegliches Winkelmaſs;smiagel, m.;bewegliches Winkelmaß;59;smiagel, m.=bewegliches Winkelmaſs 59.;148;a;;no;;;no
lr_0148_029;smiar, m.;die Schmiere.;smiar, m.;die Schmiere;;smiar, m.=die Schmiere.;148;a;;no;;;no
lr_0148_030;smielen, swielen;schwelen;smielen, swielen;schwelen;61, 97;smielen, swielen=schwelen 61, 97.;148;a;smielen;no;;;no
lr_0148_031;smicke, swicke, f.;Gerte;smicke, swicke, f.;Gerte;7, 76;smicke, swicke, f.=Gerte 7, 76.;148;a;smicke;no;;;no
lr_0148_032;smicken;schmecken;smicken;schmecken;7, 95;smicken=schmecken 7, 95.;148;a;;no;;;no
lr_0148_033;smit, m.;Ruſs.;smit, m.;Ruß;;smit, m.=Ruſs.;148;a;;no;;;no
lr_0148_034;smitten;ruſsig machen;smitten;rußig machen;95;smitten=ruſsig machen 95.;148;a;;no;;;no
lr_0148_035;smuarn;schmoren;smuarn;schmoren;38, 97;smuarn=schmoren 38, 97.;148;a;;no;;;no
lr_0148_036;smuddern, -eln;schmutzen, besudeln;smuddern, schmuddeln;schmutzen, besudeln;98;smuddern, -eln=schmutzen, besudeln 98.;148;a;smuddern;no;;;no
lr_0148_037;smuiden, stv.;schmeiſsen;smuiden, stv.;schmeißen;16, 24, 55, 99;smuiden, stv.=schmeiſsen 16, 24, 55, 99.;148;b;;no;;;no
lr_0148_038;smuie, f.;die Schmiede.;smuie, f.;die Schmiede;;smuie, f.=die Schmiede.;148;b;;no;;;no
lr_0148_039;smul, m.;frisches Fett, Speck;smul, m.;frisches Fett, Speck;72;smul, m.=frisches Fett, Speck 72.;148;b;;no;;;no
lr_0148_040;smuüe;weich, sanft;smuüe;weich, sanft;80;smuüe=weich, sanft 80.;148;b;;no;;;no
lr_0148_041;smuüe, f.;Weichheit;smuüe, f.;Weichheit;59;smuüe, f.=Weichheit 59.;148;b;;no;;;no
lr_0148_042;smuüsterlachen;schmunzeln.;smuüsterlachen;schmunzeln;;smuüsterlachen=schmunzeln.;148;b;;no;;;no
lr_0148_043;snäbbe, -en, f.;Schnepfe;snäbbe, snäbben, f.;Schnepfe;48;snäbbe, -en, f.=Schnepfe 48.;148;b;snäbbe;no;;;no
lr_0148_044;snābel, m.;Schnabel;snābel, m.;Schnabel;15;snābel, m.=Schnabel 15.;148;b;;no;;;no
lr_0148_045;snåi, m.;Schnee;snåi, m.;Schnee;24, 59;snåi, m.=Schnee 24, 59.;148;b;;no;;;no
lr_0148_046;snåien;schneen, den Schnee wegschaffen;snåien;schneen, den Schnee wegschaffen;96;snåien=schneen, den Schnee wegschaffen 96.;148;b;;no;;;no
lr_0148_047;snåiſich;lang und schmächtig;snåiſich;lang und schmächtig;26;snåiſich=lang und schmächtig 26.;148;b;;no;;;no
lr_0148_048;snak, m.;die Schnurre, Geschwätz.;snak, m.;die Schnurre, Geschwätz;;snak, m.=die Schnurre, Geschwätz.;148;b;;no;;;no
lr_0148_049;snacke, f.;1) Peitsche 47, 61. 2) Stechfliege, leichtmüthiges Mädchen;snacke, f.;1) Peitsche 47, 61. 2) Stechfliege, leichtmüthiges Mädchen;6, 59, 74;snacke, f.=1) Peitsche 47, 61. 2) Stechfliege, leichtmüthiges Mädchen 6, 59, 74.;148;b;;no;;;no
lr_0148_050;snå̂t, f.;Grenze;snå̂t, f.;Grenze;18, 75;snå̂t, f.=Grenze 18, 75.;148;b;;no;;;no
lr_0148_051;snawwen;schnauzen;snawwen;schnauzen;52;snawwen=schnauzen 52.;148;b;;no;;;no
lr_0148_052;snawweln;schnabeliren;snawweln;schnabeliren;98;snawweln=schnabeliren 98.;148;b;;no;;;no
lr_0148_053;sneor, m.;die Schnur;sneor, m.;die Schnur;72;sneor, m.=die Schnur 72.;148;b;;no;;;no
lr_0148_054;sniagelhuüsken, n.;Schneckenhaus.;sniagelhuüsken, n.;Schneckenhaus;;sniagelhuüsken, n.=Schneckenhaus.;148;b;;no;;;no
lr_0148_055;snibbe, f.;Schnabel;snibbe, f.;Schnabel;59;snibbe, f.=Schnabel 59.;148;b;;no;;;no
lr_0148_056;snigge, f.;Schnecke;snigge, f.;Schnecke;7;snigge, f.=Schnecke 7.;148;b;;no;;;no
lr_0148_057;snik, auch snak;"sauber; schlank (von Mädchen).";snik, auch snak;"sauber; schlank (von Mädchen)";;"snik, auch snak=sauber; schlank (von Mädchen).";148;b;;no;;;no
lr_0148_058;snippel, m.;Schnitzel.;snippel, m.;Schnitzel;;snippel, m.=Schnitzel.;148;b;;no;;;no
lr_0148_059;snippeln;schnitzeln, in spitze Stücke;snippeln;schnitzeln, in spitze Stücke;50, 98;snippeln=schnitzeln, in spitze Stücke 50, 98.;148;b;;no;;;no
lr_0148_060;snipke, f.;schlankes, schnippisches Mädchen;snipke, f.;schlankes, schnippisches Mädchen;50;snipke, f.=schlankes, schnippisches Mädchen 50.;148;b;;no;;;no
lr_0148_061;snitkern;schnitzeln;snitkern;schnitzeln;99;snitkern=schnitzeln 99.;148;b;;no;;;no
lr_0148_062;sniuben, stv.;schnauben;sniuben, stv.;schnauben;27, 91;sniuben, stv.=schnauben 27, 91.;148;b;;no;;;no
lr_0148_063;sniuben, m.;Schnupfen;sniuben, m.;Schnupfen;48;sniuben, m.=Schnupfen 48.;148;b;;no;;;no
lr_0148_064;sniude, f.;Schnauze;sniude, f.;Schnauze;17, 30;sniude, f.=Schnauze 17, 30.;148;b;;no;;;no
lr_0148_065;sniuden, stv.;schnäuzen;sniuden, stv.;schnäuzen;30, 55, 91;sniuden, stv.=schnäuzen 30, 55, 91.;148;b;;no;;;no
lr_0148_066;snoeen, sik;sich „herausmachen“;snoeen, sik;sich „herausmachen“.;97;snoeen, sik=sich „herausmachen“ 97.;148;b;;no;;;no
lr_0148_067;*snojjen;"1) leichthin brennen, 2) e. Baum beschneiden; *snojjen, sik=mausern";snoijjen;"1) leichthin brennen, 2) einen Baum beschneiden; 3) snoijjen, sik=sich mausern.";59, 68, 95;"*snojjen=1) leichthin brennen, 2) e. Baum beschneiden; *snojjen, sik=mausern 59, 68, 95.";148;b;;no;;corrected;no
lr_0148_068;snüakern;schnobern;snüakern;schnobern (schnuppern, schnüffeln);39, 98;snüakern=schnobern 39, 98.;148;b;;no;;corrected;no
lr_0148_069;snüeden, sik;sich beeilen;snüeden, sik;sich beeilen;55;snüeden, sik=sich beeilen 55.;148;b;;no;;;no
lr_0148_070;snüeden, sik;sich schmücken, schnatzen, auch snuüden (wohl Verwechselung mit „snuüden“).;snüeden, sik;sich schmücken, schnatzen, auch snuüden (wohl Verwechselung mit „snuüden“).;;snüeden, sik=sich schmücken, schnatzen, auch snuüden (wohl Verwechselung mit „snuüden“).;148;b;;no;;;no
lr_0149_001;snüedrich;frech;snüedrich;frech;40;snüedrich=frech 40.;149;a;;no;;;no
lr_0149_002;snüf;kalt (vom Wetter);snüf;kalt (vom Wetter);13, 51;snüf=kalt (vom Wetter) 13, 51.;149;a;;no;;;no
lr_0149_003;snüffeln;schnüffeln;snüffeln;schnüffeln;;"snüffeln=schnüffeln;";149;a;;no;;;no
lr_0149_003b;snuckern;herumspüren;snuckern;herumspüren;51, 98;snuckern=herumspüren 51, 98.;149;a;;no;;checked_no_change;no
lr_0149_004;snüfken;prisen;snüfken;prisen (eine Prise Schnupftabak nehmen, eine Prise Gewürz geben);51;snüfken=prisen 51.;149;a;;no;;corrected;no
lr_0149_005;snuien, stv.;schneiden;snuien, stv.;schneiden;16, 90;snuien, stv.=schneiden 16, 90.;149;a;;no;;;no
lr_0149_006;snuider, m.;"Schneider; Wasserspinne";snuider, m.;1) Schneider, 2) Wasserspinne;55;"snuider, m.=Schneider; Wasserspinne 55.";149;a;;no;;corrected;no
lr_0149_007;snuier, m.;Schnitter;snuier, m.;Schnitter;55;snuier, m.=Schnitter 55.;149;a;;no;;;no
lr_0149_008;snuijjen;schneien;snuijjen;schneien;68, 96;snuijjen=schneien 68, 96.;149;a;;no;;;no
lr_0149_009;snuilāe, f.;Schneidelade;snuilāe, f.;Schneidelade;76;snuilāe, f.=Schneidelade 76.;149;a;;no;;;no
lr_0149_010;snuor'n;auf der Eisbahn gleiten;snuor'n;auf der Eisbahn gleiten;97;snuor'n=auf der Eisbahn gleiten 97.;149;a;;no;;;no
lr_0149_011;snüs, m.;Schnauze, frecher Bursche;snüs, m.;1) Schnauze, 2) frecher Bursche;13, 46, 61;snüs, m.=Schnauze, frecher Bursche 13, 46, 61.;149;a;;no;;corrected;no
lr_0149_012;snüssel, m.;Rüssel;snüssel, m.;Rüssel;13, 60;snüssel, m.=Rüssel 13, 60.;149;a;;no;;;no
lr_0149_013;snuüden, sik;"sich schnäuzen; klar, klug werden; auch „snüeden“ (wohl Verwechselung)";snuüden, sik;"sich schnäuzen; klar, klug werden; auch „snüeden“ (wohl Verwechselung).";30, 87;"snuüden, sik=sich schnäuzen; klar, klug werden; auch „snüeden“ (wohl Verwechselung) 30, 87.";149;a;;no;;;no
lr_0149_014;snuüdeok, n.;Schnupftuch;snuüdeok, n.;Schnupftuch;57;snuüdeok, n.=Schnupftuch 57.;149;a;;no;;;no
lr_0149_015;snuüjjen, snoeen, sik;sich herausmachen, schön werden.;snuüjjen, snoeen, sik;sich herausmachen, schön werden;;snuüjjen, snoeen, sik=sich herausmachen, schön werden.;149;a;snoeen;no;;;no
lr_0149_016;snuüse, f.;Fleischstock;snuüse, f.;Fleischstock;31, 61, 74;snuüse, f.=Fleischstock 31, 61, 74.;149;a;;no;;;no
lr_0149_017;soede;süſs;soede;süß;34, 79, 80;soede=süſs 34, 79, 80.;149;a;;no;;;no
lr_0149_018;soeken;suchen;soeken;suchen;11, 13, 34, 67, 100;soeken=suchen 11, 13, 34, 67, 100.;149;a;;no;;;no
lr_0149_019;soldå̄de, m.;Soldat;soldå̄de, m.;Soldat;16, 75;soldå̄de, m.=Soldat 16, 75.;149;a;;no;;;no
lr_0149_020;spåigel, m.;Spiegel;spåigel, m.;Spiegel;26;spåigel, m.=Spiegel 26.;149;a;;no;;;no
lr_0149_021;spåihe;lauernd, argwöhnisch;spåihe;lauernd, argwöhnisch;9;spåihe=lauernd, argwöhnisch 9.;149;a;;no;;;no
lr_0149_022;spair, n.;Sparren;spair, n.;Sparren;24, 78;spair, n.=Sparren 24, 78.;149;a;;no;;;no
lr_0149_023;*späckern;1) schwatzen, 2) umherlärmen, 3) scheuchen;späckern;1) schwatzen, 2) umherlärmen, 3) scheuchen;11, 59, 68, 98;*späckern=1) schwatzen, 2) umherlärmen, 3) scheuchen 11, 59, 68, 98.;149;a;;no;;;no
lr_0149_024;spalken, -ern;zappeln;spalken, spalkern;zappeln;6;spalken, -ern=zappeln 6.;149;a;spalken;no;;;no
lr_0149_025;späulen, stv.;spalten;späulen, stv.;spalten;28, 92;späulen, stv.=spalten 28, 92.;149;a;;no;;;no
lr_0149_026;späun, spå̂n, m.;Span;späun, spå̂n, m.;Span;18, 27, 72;späun, spå̂n, m.=Span 18, 27, 72.;149;a;späun;no;;;no
lr_0149_027;spekmius, f.;Spitzmaus;spekmius, f.;Spitzmaus;65;spekmius, f.=Spitzmaus 65.;149;a;;no;;;no
lr_0149_028;spelgen, pl.;eine Art Pflaumen;spelgen, pl.;eine Art Pflaumen;42;spelgen, pl.=eine Art Pflaumen 42.;149;a;;no;;;no
lr_0149_029;spetten;spieſsen.;spetten;spießen;;spetten=spieſsen.;149;a;;no;;;no
lr_0149_030;spiel, n.;Spiel;spiel, n.;Spiel;35;spiel, n.=Spiel 35.;149;a;;no;;;no
lr_0149_031;spielen;spielen;spielen;spielen;36, 97;spielen=spielen 36, 97.;149;a;;no;;;no
lr_0149_032;spillen, f.;Spindel.;spillen, f.;Spindel;;spillen, f.=Spindel.;149;a;;no;;;no
lr_0149_033;spindicken, m.;der Hänfling, welcher „spin dicke“ ruft;spindicken, m.;der Hänfling, welcher „spin dicke“ ruft.;59, 80;spindicken, m.=der Hänfling, welcher „spin dicke“ ruft 59, 80.;149;a;;no;;;no
lr_0149_034;spinnen, stv.;spinnen;spinnen, stv.;spinnen;6, 13, 86;spinnen, stv.=spinnen 6, 13, 86.;149;a;;no;;;no
lr_0149_035;spinnewib, -bben, f.;Spinngewebe;spinnewib, spinnewibben, f.;Spinngewebe;48;spinnewib, -bben, f.=Spinngewebe 48.;149;a;spinnewibben;no;;;no
lr_0149_036;spint, n.;1/4 Berliner Scheffel Saat.;spint, n.;1/4 Berliner Scheffel Saat;;spint, n.=1/4 Berliner Scheffel Saat.;149;a;;no;;;no
lr_0149_037;spis;spitz, hager;spis;spitz, hager;58;spis=spitz, hager 58.;149;b;;no;;;no
lr_0149_038;spitsbeowe, m.;Spitzbube;spitsbeowe, m.;Spitzbube;48;spitsbeowe, m.=Spitzbube 48.;149;b;;no;;;no
lr_0149_039;splentern;umherspritzen;splentern;umherspritzen;9, 98;splentern=umherspritzen 9, 98.;149;b;;no;;;no
lr_0149_040;spliede, -en, m.;Stück Holz, Splitter.;spliede, splieden, m.;Stück Holz, Splitter;;spliede, -en, m.=Stück Holz, Splitter.;149;b;splieden;no;;;no
lr_0149_041;splieder, m.;kleinerer Splitter.;splieder, m.;kleinerer Splitter;;splieder, m.=kleinerer Splitter.;149;b;;no;;;no
lr_0149_042;splinternāket;splitternackt;splinternāket;splitternackt;46;splinternāket=splitternackt 46.;149;b;;no;;;no
lr_0149_043;spluiden, stv.;spleiſsen, spalten;spluiden, stv.;spleißen, spalten;16, 24, 32, 55, 90;spluiden, stv.=spleiſsen, spalten 16, 24, 32, 55, 90.;149;b;;no;;;no
lr_0149_044;spodden;religionsspotten.;spodden;religionsspotten;;spodden=religionsspotten.;149;b;;no;;;no
lr_0149_045;spoeken;spuken;spoeken;spuken;11, 65, 100;spoeken=spuken 11, 65, 100.;149;b;;no;;;no
lr_0149_046;språie, f.;Staar;språie, f.;Star;26;språie, f.=Staar 26.;149;b;;no;;corrected;no
lr_0149_047;språie;die Spreite;språie;die Spreite;25;språie=die Spreite 25.;149;b;;no;;;no
lr_0149_048;språien;ausbreiten;språien;ausbreiten;9, 100;språien=ausbreiten 9, 100.;149;b;;no;;;no
lr_0149_049;språ̂ke, f.;Sprache;språ̂ke, f.;Sprache;18;språ̂ke, f.=Sprache 18.;149;b;;no;;;no
lr_0149_050;spräut;sprosste;spräut;sprosste;27, 92;spräut=sprosste 27, 92.;149;b;;no;;;no
lr_0149_051;spriaken, stv.;sprechen;spriaken, stv.;sprechen;11, 34, 35, 37, 38, 88;spriaken, stv.=sprechen 11, 34, 35, 37, 38, 88.;149;b;;no;;;no
lr_0149_052;spriekel, m.;Sprekel, rhamnus frangula;spriekel, m.;Sprekel (Jakobslilie), sprekelia formosissima;35;spriekel, m.=Sprekel, rhamnus frangula 35.;149;b;;no;;corrected;no
lr_0149_053;sprīen;aufbersten (von der Haut).;sprīen;aufbersten (von der Haut);;sprīen=aufbersten (von der Haut).;149;b;;no;;;no
lr_0149_054;sprik, m. und n.;zerbrechliches Zweiglein;sprik, m. und n.;zerbrechliches Zweiglein;7, 61;sprik, m. und n.=zerbrechliches Zweiglein 7, 61.;149;b;;no;;;no
lr_0149_055;springen, stv.;springen;springen, stv.;springen;6, 13, 86;springen, stv.=springen 6, 13, 86.;149;b;;no;;;no
lr_0149_056;springsel, n.;Heupferd, Gryllus;springsel, n.;Heupferd, Gryllus;59, 77;springsel, n.=Heupferd, Gryllus 59, 77.;149;b;;no;;;no
lr_0149_057;sprok;zerbrechlich (Holz).;sprok;zerbrechlich (Holz);;sprok=zerbrechlich (Holz).;149;b;;no;;;no
lr_0149_058;spruade, f.;der Spross.;spruade, f.;der Spross;;spruade, f.=der Spross.;149;b;;no;;;no
lr_0149_059;sprüöke, m.;Spruch;sprüöke, m.;Spruch;40;sprüöke, m.=Spruch 40.;149;b;;no;;;no
lr_0149_060;spucht, m.;schwacher Mensch, Schwächling;spucht, m.;schwacher Mensch, Schwächling;67;spucht, m.=schwacher Mensch, Schwächling 67.;149;b;;no;;;no
lr_0149_061;spuijjen;speien;spuijjen;speien;68, 96;spuijjen=speien 68, 96.;149;b;;no;;;no
lr_0149_062;spuir, n.;Helm;spuir, n.;Halm;32, 59, 73;spuir, n.=Helm 32, 59, 73.;149;b;;no;;corrected;no
lr_0149_063;spuit, m.;Hohn, Sarkasmus, auch bloſs durch Geberden.;spuit, m.;Hohn, Sarkasmus, auch bloß durch Gebärden;;spuit, m.=Hohn, Sarkasmus, auch bloſs durch Geberden.;149;b;;no;;corrected;no
lr_0149_064;spuitsk;höhnisch, „he was så spuitsk“.;spuitsk;höhnisch, „he was så spuitsk“.;;spuitsk=höhnisch, „he was så spuitsk“.;149;b;;no;;;no
lr_0149_065;spüödern, spüddern;spützen;spüödern, spüddern;spützen;40, 98;spüödern, spüddern=spützen 40, 98.;149;b;spüödern;no;;;no
lr_0149_066;spuüden, spoeden, sik;sich sputen;spuüden, spoeden, sik;sich sputen;11, 34, 55, 56, 59;spuüden, spoeden, sik=sich sputen 11, 34, 55, 56, 59.;149;b;spuüden;no;;;no
lr_0149_067;ståf, stäuf, m.;Staub;ståf, stäuf, m.;Staub;12, 27;ståf, stäuf, m.=Staub 12, 27.;149;b;stäuf;no;;;no
lr_0149_068;ståf, ståw, n.;das Stau;stæ̊f, stæ̊w, n.;das Stau;12, 51;ståf, ståw, n.=das Stau 12, 51.;149;b;stæ̊f;no;;corrected;no
lr_0149_069;stägger;steil.;stägger;steil;;stägger=steil.;149;b;;no;;;no
lr_0149_070;staidel;steil.;staidel;steil;;staidel=steil.;149;b;;no;;;no
lr_0149_071;stairn, m.;Stern;stairn, m.;Stern;24, 44;stairn, m.=Stern 24, 44.;149;b;;no;;;no
lr_0149_072;stairt, m.;Schwanz;stairt, m.;Schwanz;24, 72;stairt, m.=Schwanz 24, 72.;149;b;;no;;;no
hr_0150_001;stāke, -en, m.;Holzstange;stāke, staken, m.;Holzstange;15, 75;stāke, -en, m.=Holzstange 15, 75.;150;a;stāke;no;confirmed;;no
hr_0150_002;stå̂l, m.;Stahl;stå̂l, m.;Stahl;18;stå̂l, m.=Stahl 18.;150;a;;no;;;no
hr_0150_003;stāle, -en, m.;1) Stütze, Tischbein, 2) Musterprobe;stāle, stalen, m.;1) Stütze, Tischbein, 2) Musterprobe;15, 75;stāle, -en, m.=1) Stütze, Tischbein, 2) Musterprobe 15, 75.;150;a;stāle;no;confirmed;;no
hr_0150_004;stangen, m. und f.;verschnittenes Schwein;stangen, m. und f.;verschnittenes Schwein, halbwüchsiges Schwein;76;stangen, m. und f.=verschnittenes Schwein 76.;150;a;;no;corrected;;no
hr_0150_005;stanne, f.;ein Fass;stanne, f.;ein Fass;74;stanne, f.=ein Fass 74.;150;a;;no;confirmed;;no
hr_0150_006;stāpel, m.;der Stapel;stāpel, m.;der Stapel;15;stāpel, m.=der Stapel 15.;150;a;;no;;;no
hr_0150_007;stāpeln;stapfen.;stāpeln;stapfen;;stāpeln=stapfen.;150;a;;no;;;no
hr_0150_008;stat, f.;Stadt;stat, f.;Stadt;6, 37, 74;stat, f.=Stadt 6, 37, 74.;150;a;;no;confirmed;;no
hr_0150_009;ståüden, st. und sw. v.;stoſsen;ståüden, st. und sw. v.;stoßen;12, 27, 29, 56, 57, 93, 100;ståüden, st. und sw. v.=stoſsen 12, 27, 29, 56, 57, 93, 100.;150;a;;no;confirmed;;no
hr_0150_010;stäun, stv.;stehn;stäun, stv.;stehn;4, 11, 13, 14, 25, 28, 101;stäun, stv.=stehn 4, 11, 13, 14, 25, 28, 101.;150;a;;no;confirmed;;no
hr_0150_011;stäuthāfk, m.;Stoſshabicht;stäuthāfk, m.;Stoßhabicht;27;stäuthāfk, m.=Stoſshabicht 27.;150;a;;no;confirmed;;no
hr_0150_012;stel, m.;Stiel;stel, m.;Stiel;9;stel, m.=Stiel 9.;150;a;;no;confirmed;;no
hr_0150_013;steol, m.;Stuhl;steol, m.;Stuhl;33;steol, m.=Stuhl 33.;150;a;;no;confirmed;;no
hr_0150_014;stiaken, stv.;stechen, stecken;stiaken, stv.;stechen, stecken;24, 34, 35, 37, 65, 88;stiaken, stv.=stechen, stecken 24, 34, 35, 37, 65, 88.;150;a;;no;confirmed;;no
hr_0150_015;stialen, stv.;stehlen;stialen, stv.;stehlen;6, 11, 34, 35, 37, 38, 88;stialen, stv.=stehlen 6, 11, 34, 35, 37, 38, 88.;150;a;;no;confirmed;;no
hr_0150_016;stiarben, stv.;sterben;stiarben, stv.;sterben;19, 20, 21, 37, 39, 48, 86;stiarben, stv.=sterben 19, 20, 21, 37, 39, 48, 86.;150;a;;no;confirmed;;no
hr_0150_017;stiarke, f.;die Starke (Kuh);stiarke, f.;die Starke (Kuh), Rind;36;stiarke, f.=die Starke (Kuh) 36.;150;a;;no;corrected;;no
hr_0150_018;stibben, -ppen;punctiren, eintunken, tröpfeln, davon „de stibben“, m.;stibben, stippen;punctiren, eintunken, tröpfeln, davon „de stibben“, m.;7, 95;stibben, -ppen=punctiren, eintunken, tröpfeln, davon „de stibben“, m. 7, 95.;150;a;stippen;no;confirmed;;no
hr_0150_019;stiek, n.;Steek, frisches Schweinefleisch;stiek, n.;"Steak; frisches Schweinefleisch";73;stiek, n.=Steek, frisches Schweinefleisch 73.;150;a;;no;confirmed;corrected;no
hr_0150_020;stieke, m.;der Stich, acc. stieke.;stieke, m.;der Stich, acc. stieke;;stieke, m.=der Stich, acc. stieke.;150;a;;no;confirmed;;no
hr_0150_021;stiekel;steil.;stiekel;steil;;stiekel=steil.;150;a;;no;confirmed;;no
hr_0150_022;stichte, n.;das Stift;stichte, n.;das Stift;67;stichte, n.=das Stift 67.;150;a;;no;confirmed;;no
hr_0150_023;stikbern, stibbern, pl.;Stachelbeeren.;stikbern, stibbern, pl.;Stachelbeeren;;stikbern, stibbern, pl.=Stachelbeeren.;150;a;stikbern;no;confirmed;;no
hr_0150_024;stickede ful;übervoll;stickede ful;übervoll;99;stickede ful=übervoll 99.;150;a;;no;confirmed;;no
hr_0150_025;stickeduüster;stockdüster.;stickeduüster;stockdüster;;stickeduüster=stockdüster.;150;a;;no;confirmed;;no
hr_0150_026;sticke, f.;Zündholz;sticke, f.;Zündholz;7, 64, 76;sticke, f.=Zündholz 7, 64, 76.;150;a;;no;confirmed;;no
hr_0150_027;stille;still;stille;still;79, 80, 83;stille=still 79, 80, 83.;150;a;;no;confirmed;;no
hr_0150_028;stilken, adv.;heimlich, still;stilken, adv.;heimlich, still;80;stilken, adv.=heimlich, still 80.;150;a;;no;confirmed;;no
hr_0150_029;stilt, m.;Ende des Schinkens;stilt, m.;Ende des Schinkens;42;stilt, m.=Ende des Schinkens 42.;150;a;;no;confirmed;;no
hr_0150_030;stinken, stv.;stinken;stinken, stv.;stinken;86;stinken, stv.=stinken 86.;150;a;;no;confirmed;;no
hr_0150_031;stīrn, f.;Stirn;stīrn, f.;Stirn;20;stīrn, f.=Stirn 20.;150;a;;no;confirmed;;no
hr_0150_032;stiuben, stubben, m.;der Stubben.;stiuben, stubben, m.;der Stubben;;stiuben, stubben, m.=der Stubben.;150;a;stiuben;no;confirmed;;no
hr_0150_033;*stiude, -en, m.;Semmel;stiude, stiuden, m.;Semmel, Stuten (Weißbrot);30, 55;*stiude, -en, m.=Semmel 30, 55.;150;a;stiude;no;confirmed;corrected;no
hr_0150_034;stiuke;stumpf;stiuke;stumpf;80;stiuke=stumpf 80.;150;a;;no;confirmed;;no
hr_0150_035;stiuke, f.;das Wurzelende, Stumpf eines Baumes;stiuke, f.;das Wurzelende, Stumpf eines Baumes;36, 59, 64, 74;stiuke, f.=das Wurzelende, Stumpf eines Baumes 36, 59, 64, 74.;150;a;;no;confirmed;;no
hr_0150_036;stiuwen, stv.;stäuben, stieben;stiuwen, stv.;stäuben, stieben;27, 30, 91;stiuwen, stv.=stäuben, stieben 27, 30, 91.;150;b;;no;confirmed;;no
hr_0150_037;stīwel, m.;Stiefel;stīwel, m.;Stiefel;52;stīwel, m.=Stiefel 52.;150;b;;no;confirmed;;no
hr_0150_038;stoeern;stürzen;stoeern;stürzen;56;stoeern=stürzen 56.;150;b;;no;confirmed;;no
hr_0150_039;*stokfisk bucken.;Vgl. Anh. I, s. 107.;stockfisk buoken;Zimmermannsbrauch: taktmäßiges Schlagen auf die Sparren am Abend vor der Hausrichtung, vgl. Anh. I, s. 107;;*stokfisk bucken. Vgl. Anh. I, s. 107.;150;b;;no;;checked_no_change;no
hr_0150_040;stolt;steil, stolz;stolt;steil, stolz;42, 58;stolt=steil, stolz 42, 58.;150;b;;no;confirmed;;no
hr_0150_041;stoltern;stolpern;stoltern;stolpern;42, 98;stoltern=stolpern 42, 98.;150;b;;no;confirmed;;no
hr_0150_042;stoppede ful;gedrängt voll;stoppede ful;gedrängt voll;99;stoppede ful=gedrängt voll 99.;150;b;;no;confirmed;;no
hr_0150_043;stöpsel, n.;der Kork.;stöpsel, n.;der Kork;;stöpsel, n.=der Kork.;150;b;;no;confirmed;;no
hr_0150_044;strå̂fe, f.;Strafe;strå̂fe, f.;Strafe;51;strå̂fe, f.=Strafe 51.;150;b;;no;;;no
hr_0150_045;strākeln;straucheln, herumstrolchen;strākeln;straucheln, herumstrolchen;98;strākeln=straucheln, herumstrolchen 98.;150;b;;no;confirmed;;no
hr_0150_046;strank, m.;der Strang;strank, m.;der Strang;59, 65;strank, m.=der Strang 59, 65.;150;b;;no;confirmed;;no
hr_0150_047;stråns, m.;hochtrabender Bengel;stråns, m.;hochtrabender Bengel;72;stråns, m.=hochtrabender Bengel 72.;150;b;;no;confirmed;;no
hr_0150_048;strawoelen;strolchen.;strawoelen;strolchen;;strawoelen=strolchen.;150;b;;no;confirmed;;no
hr_0150_049;sträu, n.;Stroh;sträu, n.;Stroh;28;sträu, n.=Stroh 28.;150;b;;no;confirmed;;no
hr_0150_050;stref;straff (bes. v. Gang und Wuchs);stref;straff (bes. v. Gang und Wuchs);9, 51;stref=straff (bes. v. Gang und Wuchs) 9, 51.;150;b;;no;confirmed;;no
hr_0150_051;strieken;zum ersten Male pflügen;strieken;zum ersten Male pflügen, flach pflügen, schälen;97;strieken=zum ersten Male pflügen 97.;150;b;;no;corrected;;no
hr_0150_052;striemel, m.;Streifen;striemel, m.;Streifen;59;striemel, m.=Streifen 59.;150;b;;no;confirmed;;no
hr_0150_053;striepen;streifen, streicheln;striepen;streifen, streicheln;97;striepen=streifen, streicheln 97.;150;b;;no;confirmed;;no
hr_0150_054;striepk, m.;Streif, Striemen;striepk, m.;Streif, Striemen;65;striepk, m.=Streif, Striemen 65.;150;b;;no;confirmed;;no
hr_0150_055;strippen;strupfen.;strippen;strupfen (abstreifen von Blättern);;strippen=strupfen.;150;b;;no;confirmed;corrected;no
hr_0150_056;stripse, pl.;Stockschläge.;stripse, pl.;Stockschläge;;stripse, pl.=Stockschläge.;150;b;;no;confirmed;;no
hr_0150_057;striuf;straubig, fest, enge.;striuf;straubig, fest, enge;;striuf=straubig, fest, enge.;150;b;;no;confirmed;;no
hr_0150_058;striuk, m.;Strauch.;striuk, m.;Strauch;;striuk, m.=Strauch.;150;b;;no;confirmed;;no
hr_0150_059;strius, m.;Strauſs;strius, m.;Strauß;61, 77;strius, m.=Strauſs 61, 77.;150;b;;no;confirmed;;no
hr_0150_060;stroefeln;strolchen, einherstapfen (durch Dreck, Getreide);stroefeln;strolchen, einherstapfen (durch Dreck, Getreide);98;stroefeln=strolchen, einherstapfen (durch Dreck, Getreide) 98.;150;b;;no;confirmed;;no
hr_0150_061;stroemer, m.;Strolch, Bummler;stroemer, m.;Strolch, Bummler;59;stroemer, m.=Strolch, Bummler 59.;150;b;;no;confirmed;;no
hr_0150_062;strojjen;streuen;stroijjen;streuen;68;strojjen=streuen 68.;150;b;;no;corrected;;no
hr_0150_063;*struade, f.;Luft-, Speiseröhre, „de unrächte struade“=die Luftröhre;struade, f.;Speiseröhre, „de unrechte struade“=die Luftröhre;9, 38, 55, 61;*struade, f.=Luft-, Speiseröhre, „de unrächte struade“=die Luftröhre 9, 38, 55, 61.;150;b;;no;confirmed;corrected;no
hr_0150_064;struien, stv.;streiten, schreiten;struien, stv.;streiten, schreiten;16, 24, 90;struien, stv.=streiten, schreiten 16, 24, 90.;150;b;;no;confirmed;;no
hr_0150_065;struiken, stv.;streichen;struiken, stv.;streichen;24, 36, 90;struiken, stv.=streichen 24, 36, 90.;150;b;;no;confirmed;;no
hr_0150_066;strullen;in Strahlen niederflieſsen.;strullen;in Strahlen niederfließen (weibliches Urinieren);;strullen=in Strahlen niederflieſsen.;150;b;;no;confirmed;corrected;no
hr_0150_067;strumpeln;straucheln.;strumpeln;straucheln;;strumpeln=straucheln.;150;b;;no;confirmed;;no
hr_0150_068;strunk, m.;Krautstengel.;strunk, m.;Krautstengel;;strunk, m.=Krautstengel.;150;b;;no;confirmed;;no
hr_0150_069;stuaken, stüakern;stochern, aufreiben;stuaken, stüakern;stochern, aufreiben;38, 39, 97;stuaken, stüakern=stochern, aufreiben 38, 39, 97.;150;b;stuaken;no;confirmed;;no
hr_0150_070;stuark, m.;Storch;stuark, m.;Storch;38;stuark, m.=Storch 38.;150;b;;no;confirmed;;no
hr_0150_071;stuarkeln;straucheln;stuarkeln;straucheln;38;stuarkeln=straucheln 38.;150;b;;no;confirmed;;no
hr_0151_001;stuawe, f.;Stube;stuawe, f.;Stube;37, 48;stuawe, f.=Stube 37, 48.;151;a;;no;confirmed;;no
hr_0151_002;stubben, stuaben, m.;Rundwurf im Kegelspiel;stubben, stuaben, m.;Rundwurf im Kegelspiel;48;stubben, stuaben, m.=Rundwurf im Kegelspiel 48.;151;a;;yes;confirmed;;no
hr_0151_003;stuie, f.;Stätte;stuie, f.;Stätte;32, 54, 74;stuie, f.=Stätte 32, 54, 74.;151;a;;no;confirmed;;no
hr_0151_004;stuige, f.;Stiege, 20 Garben;stuige, f.;Stiege, 20 Garben;32, 74;stuige, f.=Stiege, 20 Garben 32, 74.;151;a;;no;confirmed;;no
hr_0151_005;stuigen, stv.;steigen;stuigen, stv.;steigen;16, 24, 89;stuigen, stv.=steigen 16, 24, 89.;151;a;;no;confirmed;;no
hr_0151_006;stücke, n.;Stück;stücke, n.;Stück;73;stücke, n.=Stück 73.;151;a;;no;confirmed;;no
hr_0151_007;stümpel, m.;Stumpf;stümpel, m.;Stumpf;;stümpel, m.=Stumpf.;151;a;;no;confirmed;;no
hr_0151_008;stünsken, n.;Fässchen;stünsken, n.;Fässchen (auch abwertend für beleibte Frauen);13, 58;stünsken, n.=Fässchen 13, 58.;151;a;;no;confirmed;corrected;no
hr_0151_009;stüönen (üe);1) stöhnen, 2) einer Wöchnerin Geschenke bringen;stüönen (üe);1) stöhnen, 2) einer Wöchnerin Geschenke bringen;40, 59, 97;stüönen (üe)=1) stöhnen, 2) einer Wöchnerin Geschenke bringen, 40, 59, 97.;151;a;;no;confirmed;;no
hr_0151_010;stûr;trotzig, stämmig, starr;stûr;trotzig, stämmig, starr;;stûr=trotzig, stämmig, starr.;151;a;;no;confirmed;;no
hr_0151_011;stüssel, m.;Stützbalken;stüssel, m.;Stützbalken;60, 78;stüssel, m.=Stützbalken 60, 78.;151;a;;no;confirmed;;no
hr_0151_012;stussen, pl.;üble Streiche;stussen, pl.;üble Streiche;60;stussen, pl.=üble Streiche 60.;151;a;;no;confirmed;;no
hr_0151_013;stuüdken, n.;kleiner Stuten;stuüdken, n.;kleiner Stuten;;stuüdken, n.=kleiner Stuten.;151;a;;no;confirmed;;no
hr_0151_014;stuüke;stumpf, besonders von Geist;stuüke;stumpf, besonders von Geist;31, 64;stuüke=stumpf, besonders von Geist 31, 64.;151;a;;no;confirmed;;no
hr_0151_015;stuür'n;steuern, abwehren;stuür'n;steuern, abwehren;97;stuür'n=steuern, abwehren 97.;151;a;;no;confirmed;;no
hr_0151_016;stuüt, m.;Schwanz des Federviehes;stuüt, m.;Schwanz des Federviehes;;stuüt, m.=Schwanz des Federviehes.;151;a;;no;confirmed;;no
hr_0151_017;sū! sū!;schlaf!;sū! sū!;schlaf!;16;sū! sū!=schlaf! 16.;151;a;;no;confirmed;;no
hr_0151_018;suale, f.;Sohle;suale, f.;Sohle;38;suale, f.=Sohle 38.;151;a;;no;confirmed;;no
hr_0151_019;suargesteol, m.;Lehnstuhl;suargesteol, m.;Lehnstuhl;38, 44;suargesteol, m.=Lehnstuhl 38, 44.;151;a;;no;confirmed;;no
hr_0151_020;sübbel, süwwel, m.;Schusterpfriem;sübbel, süwwel, m.;Schusterpfriem;64;sübbel, süwwel, m.=Schusterpfriem 64.;151;a;süwwel;no;confirmed;;no
hr_0151_021;subbeln, -wweln;sudeln;subbeln, suwweln;"sudeln; auch schwacher Regen";98;subbeln, -wweln=sudeln 98.;151;a;suwweln;no;corrected;;no
hr_0151_022;südde, sütte, f.;Lauge;südde, sütte, f.;Lauge;13;südde, sütte, f.=Lauge 13.;151;a;sütte;no;confirmed;;no
hr_0151_023;süelen;sollen;süelen;sollen;23, 43, 60, 62, 69, 70, 102;süelen=sollen 23, 43, 60, 62, 69, 70, 102.;151;a;;no;confirmed;;no
hr_0151_024;süelen;beschmutzen;süelen;beschmutzen;40, 97;süelen=beschmutzen 40, 97.;151;a;;no;confirmed;;no
hr_0151_025;süelich, süölich;schmutzig;süelich, süölich;schmutzig;42, 59;süelich, süölich=schmutzig 42, 59.;151;a;süölich;no;confirmed;;no
hr_0151_026;sūge (û), f.;Sau;sūge (û), f.;Sau;16, 63, 76;sūge (û), f.=Sau 16, 63, 76.;151;a;;no;confirmed;;no
hr_0151_027;such, m.;Bahnzug, Luftzug;such, m.;Bahnzug, Luftzug;57;such, m.=Bahnzug, Luftzug 57.;151;a;;no;confirmed;;no
hr_0151_028;süchte, m.;Seufzer;süchte, m.;Seufzer;;süchte, m.=Seufzer.;151;a;;no;confirmed;;no
hr_0151_029;suider, suier;seit;suider, suier;seit;32, 55;suider, suier=seit 32, 55.;151;a;suier;no;confirmed;;no
hr_0151_030;suige, -je;niedrig, seicht;suige, suije;niedrig, seicht;9, 32, 63, 68, 80;suige, -je=niedrig, seicht 9, 32, 63, 68, 80.;151;a;suije;no;confirmed;;no
hr_0151_031;suijjen;seihen;suijjen;seihen;68;suijjen=seihen 68.;151;a;;no;confirmed;;no
hr_0151_032;*suik, n.;Thalsenkung;suik, n.;Thalsenkung, Siek;32, 65, 73;*suik, n.=Thalsenkung 32, 65, 73.;151;a;;no;confirmed;;no
hr_0151_033;suin, sin;sein;suin, sin;sein;81, 83;suin, sin=sein 81, 83.;151;a;sin;no;confirmed;;no
hr_0151_034;suin, stv.;sein;suin, stv.;sein;6, 7, 37, 43, 58, 60, 61, 69, 70, 81, 101;suin, stv.=sein 6, 7, 37, 43, 58, 60, 61, 69, 70, 81, 101.;151;a;;no;confirmed;;no
hr_0151_035;suipel, f.;Zwiebel;suipel, f.;Zwiebel;;suipel, f.=Zwiebel.;151;a;;no;confirmed;;no
hr_0151_036;suit, f.;Seite;suit, f.;Seite;;suit, f.=Seite.;151;a;;no;checked_no_change;;no
hr_0151_037;sük, sücken;solch;sük, sücken;solch;82;sük, sücken=solch 82.;151;a;;no;confirmed;;no
hr_0151_038;suckeln;1) saugen, 2) langsam reiten;suckeln;1) saugen, 2) langsam reiten;64, 98;suckeln=1) saugen, 2) langsam reiten 64, 98.;151;b;;no;confirmed;;no
hr_0151_039;sucker;Zucker;sucker;Zucker;59;sucker=Zucker 59.;151;b;;no;confirmed;;no
hr_0151_040;sül, m.;Schwelle;sül, m.;Türschwelle;14, 53, 61;sül, m.=Schwelle 14, 53, 61.;151;b;;no;confirmed;corrected;no
hr_0151_041;sülwen, sülben, sülwest;selbst;sülwen, sülben, sülwest;selbst;9, 14, 42, 45, 82;sülwen, sülben, sülwest=selbst 9, 14, 42, 45, 82.;151;b;sülwen | sülwest;no;confirmed;;no
hr_0151_042;sülwern;silbern;sülwern;silbern;14, 42;sülwern=silbern 14, 42.;151;b;;no;confirmed;;no
hr_0151_043;sunne, f.;Sonne;sunne, f.;Sonne;59, 76;sunne, f.=Sonne 59, 76.;151;b;;no;confirmed;;no
hr_0151_044;sunnenkuint, n.;Coccinella septem punctata;sunnenkuint, n.;Coccinella septem punctata (Marienkäfer);;sunnenkuint, n.=Coccinella septem punctata.;151;b;;no;corrected;corrected;no
hr_0151_045;suone, m.;Sohn;suone, m.;Sohn;38, 39, 47;suone, m.=Sohn 38, 39, 47.;151;b;;no;confirmed;;no
hr_0151_046;sünte;Sanct;sünte;Sanct;14;sünte=Sanct 14.;151;b;;no;confirmed;;no
hr_0151_047;sûr;sauer;sûr;sauer;;sûr=sauer;151;b;;no;;checked_no_change;no
hr_0151_047b;sûr, m.;Bieressig;sûr, m.;Bieressig;20;sûr, m.=Bieressig 20.;151;b;;no;;;no
hr_0151_048;süs;sonst;süs;sonst;13;süs=sonst 13.;151;b;;no;confirmed;;no
hr_0151_049;süſen, süsken;einlullen;süſen, süsken;einlullen;;süſen, süsken=einlullen.;151;b;süsken;no;confirmed;;no
hr_0151_050;süster, f.;Schwester;süster, f.;Schwester;14, 53, 61, 77;süster, f.=Schwester 14, 53, 61, 77.;151;b;;no;confirmed;;no
hr_0151_051;suüe, f.;der Sud;suüe, f.;der Sud;;suüe, f.=der Sud.;151;b;;no;confirmed;;no
hr_0151_052;suüke;siech;suüke;siech;31, 80;suüke=siech 31, 80.;151;b;;no;confirmed;;no
hr_0151_053;suüken;siechen;suüken;siechen;64, 97;suüken=siechen 64, 97.;151;b;;no;confirmed;;no
hr_0151_054;suürken, m.;Sauerampfer;suürken, m.;Sauerampfer;78;suürken, m.=Sauerampfer 78.;151;b;;no;confirmed;;no
hr_0151_055;swabbeln;quappen;swabbeln;quappen;98;swabbeln=quappen 98.;151;b;;no;confirmed;;no
hr_0151_056;swå̂ger, m.;Schwager;swå̂ger, m.;Schwager;18;swå̂ger, m.=Schwager 18.;151;b;;no;confirmed;;no
hr_0151_057;swaiden;schwitzen;swaiden;schwitzen;10, 94, 96;swaiden=schwitzen 10, 94, 96.;151;b;;no;confirmed;;no
hr_0151_058;swaigerfāer, m.;Schwiegervater;swaigerfāer, m.;Schwiegervater;24;swaigerfāer, m.=Schwiegervater 24.;151;b;;no;confirmed;;no
hr_0151_059;swåine, m.;Gänse-, Schweine-, Kuhhüter. Vor 15 Jahren noch gebraucht.;swåine, m.;Gänse-, Schweine-, Kuhhüter. Vor 15 Jahren noch gebraucht.;;swåine, m.=Gänse-, Schweine-, Kuhhüter. Vor 15 Jahren noch gebraucht.;151;b;;no;confirmed;;no
hr_0151_060;swait, m.;Schweiſs;swait, m.;Schweiß;;swait, m.=Schweiſs.;151;b;;no;confirmed;;no
hr_0151_061;swak;schwach;swak;schwach;65;swak=schwach 65.;151;b;;no;confirmed;;no
hr_0151_062;swalwe, f.;Schwalbe;swalwe, f.;Schwalbe;76;swalwe, f.=Schwalbe 76.;151;b;;no;confirmed;;no
hr_0151_063;swå̂nen;schwanen;swå̂nen;schwanen;96;swå̂nen=schwanen 96.;151;b;;no;confirmed;;no
hr_0151_064;swanke;biegsam, geschwind (vom Gange);swanke;biegsam, geschwind (vom Gange);80;swanke=biegsam, geschwind (vom Gange) 80.;151;b;;no;confirmed;;no
hr_0151_065;swārm, m.;Schwarm;swārm, m.;Schwarm;37;swārm, m.=Schwarm 37.;151;b;;no;confirmed;;no
hr_0151_066;swārn, f.;1) Schwäre, 2) Schwarte;swārn, f.;1) Schwäre, 2) Schwarte;19;swārn, f.=1) Schwäre, 2) Schwarte 19.;151;b;;no;confirmed;;no
hr_0151_067;swārt, swat;schwarz;swārt, swat;schwarz;19, 45;swārt, swat=schwarz 19, 45.;151;b;;no;confirmed;;no
hr_0151_068;swäur;schwer;swäur;schwer;28, 45, 56, 80;swäur=schwer 28, 45, 56, 80.;151;b;;no;confirmed;;no
hr_0151_069;swellen, stv.;schwellen;swellen, stv.;schwellen;9, 10, 86;swellen, stv.=schwellen 9, 10, 86.;151;b;;no;confirmed;;no
hr_0151_070;swemmen, stv.;schwimmen;swemmen, stv.;schwimmen;9, 10, 13, 86;swemmen, stv.=schwimmen 9, 10, 13, 86.;151;b;;no;confirmed;;no
hr_0151_071;swiar'n, stv.;schwören;swiar'n, stv.;schwören;37, 38, 89;swiar'n, stv.=schwören 37, 38, 89.;151;b;;no;confirmed;;no
hr_0151_072;swiawel, m.;Schwefel;swiawel, m.;Schwefel;36;swiawel, m.=Schwefel 36.;151;b;;no;confirmed;;no
hr_0151_073;*swieben, f.;Peitsche;swieben f.;Peitsche;35, 48, 76;*swieben, f.=Peitsche 35, 48, 76.;151;b;;no;corrected;;no
hr_0151_074;swicheln;saufen;swicheln;saufen;59, 67;swicheln=saufen 59, 67.;151;b;;no;confirmed;;no
hr_0151_075;swicke, f.;Gerte;swicke, f.;Gerte;7, 59, 76;swicke, f.=Gerte 7, 59, 76.;151;b;;no;confirmed;;no
lr_0152_001;swickede-ful;übervoll.;swickede-ful;übervoll;;swickede-ful=übervoll.;152;a;;no;;;no
lr_0152_002;swingen, stv.;schwingen;swingen, stv.;schwingen;86;swingen, stv.=schwingen 86.;152;a;;no;;;no
lr_0152_003;swoegen;klagen, seufzen;swoegen;klagen, seufzen;34, 59;swoegen=klagen, seufzen 34, 59.;152;a;;no;;;no
lr_0152_004;*swuie, gew. adv.;stark, heftig;swuie, gew. adv.;stark, heftig;9, 32, 54, 59, 80;*swuie, gew. adv.=stark, heftig 9, 32, 54, 59, 80.;152;a;;no;;;no
lr_0152_005;swuigen, stv.;schweigen;swuigen, stv.;schweigen;16, 24, 63, 67, 89;swuigen, stv.=schweigen 16, 24, 63, 67, 89.;152;a;;no;;;no
lr_0152_006;swuimen, m.;Schwindel;swuimen, m.;Schwindel;32, 46;swuimen, m.=Schwindel 32, 46.;152;a;;no;;;no
lr_0152_007;tabbert, m.;Talar, langer Rock.;tabbert, m.;Talar, langer Rock;;tabbert, m.=Talar, langer Rock.;152;a;;no;;;no
lr_0152_008;tabben, tappen;zapfen;tabben, tappen;zapfen;48, 95;tabben, tappen=zapfen 48, 95.;152;a;tappen;no;;;no
lr_0152_009;tabbeln;zanken.;tabbeln;zanken;;tabbeln=zanken.;152;a;;no;;;no
lr_0152_010;*Tāder, m.;Zigeuner;tāder, m.;Zigeuner;15;*Tāder, m.=Zigeuner 15.;152;a;;no;;;no
lr_0152_011;tādern, taddern;schnell, unverständlich schwätzen;tādern, taddern;schnell, unverständlich schwätzen;98;tādern, taddern=schnell, unverständlich schwätzen 98.;152;a;tādern;no;;;no
lr_0152_012;tåf;zähe;tæ̊f;zähe;12, 80;tåf=zähe 12, 80.;152;a;;no;;corrected;no
lr_0152_013;tå̂fel, f.;Tafel;tå̂fel, f.;Tafel;51;tå̂fel, f.=Tafel 51.;152;a;;no;;;no
lr_0152_014;tåigel, m.;Ziegel;tåigel, m.;Ziegel;26;tåigel, m.=Ziegel 26.;152;a;;no;;;no
lr_0152_015;tåihen;ziehen;tåihen;ziehen;14, 17, 26, 27, 31, 35, 67, 69, 92;tåihen=ziehen 14, 17, 26, 27, 31, 35, 67, 69, 92.;152;a;;no;;;no
lr_0152_016;tåike;Ladentisch.;tåike;Ladentisch (von Theke);;tåike=Ladentisch.;152;a;;no;;corrected;no
lr_0152_017;tåiken;Zeichen;tåiken;Zeichen;78;tåiken=Zeichen 78.;152;a;;no;;;no
lr_0152_018;tåiknen;zeichnen;tåiknen;zeichnen;98, 100;tåiknen=zeichnen 98, 100.;152;a;;no;;;no
lr_0152_019;tain, taihen, tainen, m. und f.;Zehe;tain, taihen, tainen, m. und f.;Zehe;24, 47;tain, taihen, tainen, m. und f.=Zehe 24, 47.;152;a;tain | taihen;no;;;no
lr_0152_020;Tåiſsen, Ortsn.;Theeſsen;Tåißen, Ortsn.;Theesen;59;Tåiſsen, Ortsn. Theeſsen 59.;152;a;;no;;corrected;no
lr_0152_021;taite, tåite, m.;Vater (veraltet);taite, tåite, m.;Vater (veraltet);24;taite, tåite, m.=Vater (veraltet) 24.;152;a;;yes;;;no
lr_0152_022;tåiſink, m.;ein Kalb;tåiſink, m.;ein Kalb;26;tåiſink, m.=ein Kalb 26.;152;a;;no;;;no
lr_0152_023;taiwern;umherirren;taiwern;umherirren;24, 52, 98;taiwern=umherirren 24, 52, 98.;152;a;;no;;;no
lr_0152_024;taksruüe, täckel, m.;Dachshund;taksruüe, täckel, m.;Dachshund;56;taksruüe, täckel, m.=Dachshund 56.;152;a;taksruüe;no;;;no
lr_0152_025;tål, m.;Zoll;tål, m.;Zoll;59;tål, m.=Zoll 59.;152;a;;no;;;no
lr_0152_026;tal, f.;Zahl;tal, f.;Zahl;6, 15;tal, f. Zahl 6, 15.;152;a;;no;;;no
lr_0152_027;talberich;wie ein junger Hund.;talberich;wie ein junger Hund;;talberich=wie ein junger Hund.;152;a;;no;;;no
lr_0152_028;talle;munter (von Hunden).;talle;munter (von Hunden);;talle=munter (von Hunden).;152;a;;no;;;no
lr_0152_029;*tällert, tället, m.;ein verwegener oder alberner Mensch;tällert, tället, m.;ein verwegener oder alberner Mensch;58;*tällert, tället, m.=ein verwegener oder alberner Mensch 58.;152;a;tället;no;;;no
lr_0152_030;tälge, -je, f.;1) junger Baum, 2) spitz zulaufendes Landstück;tälge, tälje, f.;1) junger Baum, 2) spitz zulaufendes Landstück;11, 42, 64;tälge, -je, f.=1) junger Baum, 2) spitz zulaufendes Landstück 11, 42, 64.;152;a;tälje;no;;;no
lr_0152_031;talch, m.;Talg;talch, m.;Talg;43;talch, m.=Talg 43.;152;a;;no;;;no
lr_0152_032;tält, n.;Zelt;tält, n.;Zelt;59;tält, n.=Zelt 59.;152;a;;no;;;no
lr_0152_033;tan, m.;Zahn;tan, m.;Zahn;37, 73;tan, m.=Zahn 37, 73.;152;a;;no;;;no
lr_0152_034;tänger;munter, hurtig;tänger;munter, hurtig;11, 47, 57;tänger=munter, hurtig 11, 47, 57.;152;a;;no;;;no
lr_0152_035;tänte, pl.;Possen.;tänte, pl.;Possen;;tänte, pl.=Possen.;152;a;;no;;;no
lr_0152_036;tänterbiarch, m.;Berg der „tänte“, im Räthsel.;tänterbiarch, m.;Berg der „tänte“, im Räthsel.;;tänterbiarch, m.=Berg der „tänte“, im Räthsel.;152;a;;no;;;no
lr_0152_037;taske, f.;Tasche;taske, f.;Tasche;60, 76;taske, f.=Tasche 60, 76.;152;a;;no;;;no
lr_0152_038;tassen;betasten;tassen;betasten;60, 95;tassen=betasten 60, 95.;152;b;;no;;;no
lr_0152_039;täum, m.;Zaum;täum, m.;Zaum;27;täum, m.=Zaum 27.;152;b;;no;;;no
lr_0152_040;täurn, tārn, m.;Thurm;täurn, tārn, m.;Thurm;19, 28, 44, 47, 77;täurn, tārn, m.=Thurm 19, 28, 44, 47, 77.;152;b;tārn;no;;;no
lr_0152_041;tellen;zählen;tellen;zählen;95;tellen=zählen 95.;152;b;;no;;;no
lr_0152_042;teo, to;zu;teo, to;zu;33;teo, to=zu 33.;152;b;;no;;;no
lr_0152_043;teobast, m.;ein zäher Bursche.;teobast, m.;ein zäher Bursche;;teobast, m.=ein zäher Bursche.;152;b;;no;;;no
lr_0152_044;teobastich;zähe;teobastich;zähe;33;teobastich=zähe 33.;152;b;;no;;;no
lr_0152_045;teofluijjen;aufputzen, „zurichten“ (ironisch), besudeln;teofluijjen;aufputzen, „zurichten“ (ironisch), besudeln.;68;teofluijjen=aufputzen, „zurichten“ (ironisch), besudeln 68.;152;b;;no;;;no
lr_0152_046;teogīben;aufgeben, eine Thätigkeit.;teogīben;aufgeben, eine Thätigkeit;;teogīben=aufgeben, eine Thätigkeit.;152;b;;no;;;no
lr_0152_047;teoken;künftig, „teoken wieke“;teoken;künftig, „teoken wieke“.;57, 85;teoken=künftig, „teoken wieke“ 57, 85.;152;b;;no;;;no
lr_0152_048;teokuomen;angehören, „wän küms diu teo?“=Wessen Kind bist du?;teokuomen;angehören, „wän küms diu teo?“=Wessen Kind bist du?;;teokuomen=angehören, „wän küms diu teo?“=Wessen Kind bist du?;152;b;;no;;;no
lr_0152_049;teospriaken;besuchen.;teospriaken;besuchen;;teospriaken=besuchen.;152;b;;no;;;no
lr_0152_050;tiamen;zähmen, über's Herz bringen;tiamen;zähmen, über's Herz bringen;97;tiamen=zähmen, über's Herz bringen 97.;152;b;;no;;;no
lr_0152_051;tiar, m.;Theer;tiar, m.;Theer;36;tiar, m.=Theer 36.;152;b;;no;;;no
lr_0152_052;tiaren;1) zehren, 2) theeren;tiaren;1) zehren, 2) theeren;36, 97;tiaren=1) zehren, 2) theeren 36, 97.;152;b;;no;;;no
lr_0152_053;tiargen (oder tiagen?);hetzen, reizen;tiargen (oder tiagen?);hetzen, reizen;36, 97;tiargen (oder tiagen?)=hetzen, reizen 36, 97.;152;b;;no;;;no
lr_0152_054;tidde, titte, f.;Zitze, davon tidken;tidde, titte, f.;Zitze, davon tidken;56, 57;tidde, titte, f.=Zitze, davon tidken 56, 57.;152;b;titte;no;;;no
lr_0152_055;tiddebut (tt), m.;Säugling (Sch.);tiddebut, m.;Säugling (Sch.);;tiddebut (tt), m.=Säugling (Sch.);152;b;;no;;;no
lr_0152_056;tiegen;gegen;tiegen;gegen;36;tiegen=gegen 36.;152;b;;no;;;no
lr_0152_057;*tiekebäune, f.;"vicia faba (L.); hd. teckelbohne bei Nemnich II, 592? Westf.-hd. Pferdebohne";tiekebäune, f.;"vicia faba (L.); hd. teckelbohne bei Nemnich II, 592? Westf.-hd. Pferdebohne";;"*tiekebäune, f.=vicia faba (L.); hd. teckelbohne bei Nemnich II, 592? Westf.-hd. Pferdebohne";152;b;;no;;;no
lr_0152_058;tielen;zeugen, erzielen;tielen;zeugen, erzielen;35, 92;tielen=zeugen, erzielen 35, 92.;152;b;;no;;;no
lr_0152_059;tielåüsken, n.;wilde Primel;tielåüsken, n.;wilde Primel;19, 28, 36, 77;tielåüsken, n.=wilde Primel 19, 28, 36, 77.;152;b;;no;;;no
lr_0152_060;tiepken;mit dem Finger necken;tiepken;mit dem Finger necken;36, 50, 99;tiepken=mit dem Finger necken 36, 50, 99.;152;b;;no;;;no
lr_0152_061;tigge, tîch;flügge;tigge, tîch;flügge;8, 17, 54;tigge, tîch=flügge 8, 17, 54.;152;b;tigge;no;;;no
lr_0152_062;tigges, m.;Epheu.;tigges, m.;Epheu;;tigges, m.=Epheu.;152;b;;no;;;no
lr_0152_063;ticheln;Ziegel streichen.;ticheln;Ziegel streichen;;ticheln=Ziegel streichen.;152;b;;no;;;no
lr_0152_064;tik, m.;die Berührung;tik, m.;die Berührung;7;tik, m.=die Berührung 7.;152;b;;no;;;no
lr_0152_065;timmer, n.;jedes bäuerliche Wohnhaus.;timmer, n.;jedes bäuerliche Wohnhaus;;timmer, n.=jedes bäuerliche Wohnhaus.;152;b;;no;;;no
lr_0152_066;timp, -pen, m.;Zipfel, Landspitze;timp, timpen, m.;Zipfel, Landspitze;72, 75;timp, -pen, m.=Zipfel, Landspitze 72, 75.;152;b;timp;no;;;no
lr_0152_067;tins, m.;Zins;tins, m.;Zins;59;tins, m.=Zins 59.;152;b;;no;;;no
lr_0152_068;tip, m.;Punct.;tip, m.;Punct;;tip, m.=Punct.;152;b;;no;;;no
lr_0152_069;tipk, m.;Spitze, Knopf eines Dinges;tipk, m.;Spitze, Knopf eines Dinges;7, 65;tipk, m.=Spitze, Knopf eines Dinges 7, 65.;152;b;;no;;;no
lr_0153_001;tîr, n. (hd.);das Thier im Gegensatz zum Menschen;tîr, n. (hd.);das Thier im Gegensatz zum Menschen;72;tîr, n. (hd.)=das Thier im Gegensatz zum Menschen 72.;153;a;(hd.);no;;;no
lr_0153_002;tittentåiwen, up t.;auf den Zehenspitzen;tittentåiwen, up t.;auf den Zehenspitzen;50;tittentåiwen, up t.=auf den Zehenspitzen 50.;153;a;;no;;;no
lr_0153_003;tiude, f.;Düte;tiude, f.;Tüte;30;tiude, f.=Düte 30.;153;a;;no;;corrected;no
lr_0153_004;tiuden, tūten;ins Horn blasen;tiuden, tūten;ins Horn blasen;16, 30;tiuden, tūten=ins Horn blasen 16, 30.;153;a;tiuden;no;;;no
lr_0153_005;tiuk, m.;Stachel, Spitze.;tiuk, m.;Stachel, Spitze;;tiuk, m.=Stachel, Spitze.;153;a;;no;;;no
lr_0153_006;tiun, m.;Zaun;tiun, m.;Zaun;30;tiun, m.=Zaun 30.;153;a;;no;;;no
lr_0153_007;tiuſ-up!;auf! zu Rindern.;tiuſ-up!;auf! zu Rindern;;tiuſ-up!=auf! zu Rindern.;153;a;;no;;;no
lr_0153_008;tiusk, m.;Haarbüschel, Zipfel;tiusk, m.;Haarbüschel, Zipfel;30, 72;tiusk, m.=Haarbüschel, Zipfel 30, 72.;153;a;;no;;;no
lr_0153_009;tīwe, auch tīwede, f.;Hündin;tīwe, auch tīwede, f.;Hündin;15, 76;tīwe, auch tīwede, f.=Hündin 15, 76.;153;a;;no;;;no
lr_0153_010;tobben, m.;Pflock.;tobben, m.;Pflock;;tobben, m.=Pflock.;153;a;;no;;;no
lr_0153_011;toeben;warten;toeben;warten;11, 34, 53, 58, 100, 101;toeben=warten 11, 34, 53, 58, 100, 101.;153;a;;no;;;no
lr_0153_012;tocken;locken;tocken;locken;10;tocken=locken 10.;153;a;;no;;;no
lr_0153_013;toemich;ruhig, „dat es en toemich hius“=in dem Hause geht es ruhig her;toemich;ruhig, „dat es en toemich hius“=in dem Hause geht es ruhig her;34;toemich=ruhig, „dat es en toemich hius“=in dem Hause geht es ruhig her 34.;153;a;;no;;;no
lr_0153_014;top, topk, m.;Zopf, Wipfel, Dolde;top, topk, m.;Zopf, Wipfel, Dolde;10, 72;top, topk, m.=Zopf, Wipfel, Dolde 10, 72.;153;a;topk;no;;;no
lr_0153_015;towweln;zaudern;towweln;zaudern;52, 98;towweln=zaudern 52, 98.;153;a;;no;;;no
lr_0153_016;trabanten, pl.;Kinder (Sch.);trabanten, pl.;Kinder (Sch.);;trabanten, pl.=Kinder (Sch.);153;a;;no;;;no
lr_0153_017;tråch, m.;Trog;tråch, m.;Trog;12, 38;tråch, m.=Trog 12, 38.;153;a;;no;;;no
lr_0153_018;*tralte, f.;Geweihende, Zahnwurzel mit zwei Ästen, überhaupt Wurzel oder Zweig mit Krümmungen;tralte, f.;Geweihende, Zahnwurzel mit zwei Ästen, überhaupt Wurzel oder Zweig mit Krümmungen;58, 76;*tralte, f.=Geweihende, Zahnwurzel mit zwei Ästen, überhaupt Wurzel oder Zweig mit Krümmungen 58, 76.;153;a;;no;;;no
lr_0153_019;trät, m.;Tritt;trät, m.;Tritt;11;trät, m.=Tritt 11.;153;a;;no;;;no
lr_0153_020;träue, -en, träun, f.;die Spur;träue, träuen, träun, f.;die Spur;28, 57, 77;träue, -en, träun, f.=die Spur 28, 57, 77.;153;a;träue | träuen;no;;;no
lr_0153_021;tredde, f.;Ackerwalze;tredde, f.;Ackerwalze;76;tredde, f.=Ackerwalze 76.;153;a;;no;;;no
lr_0153_022;trecke, f.;Auszug, Schublade;trecke, f.;Auszug, Schublade (von trecken=ziehen);77;trecke, f.=Auszug, Schublade 77.;153;a;;no;;corrected;no
lr_0153_023;trecken, stv.;ziehen;trecken, stv.;ziehen;9, 10, 88;trecken, stv.=ziehen 9, 10, 88.;153;a;;no;;;no
lr_0153_024;triaen, stv.;treten;triaen, stv.;treten;6, 11, 24, 37, 54, 87;triaen, stv.=treten 6, 11, 24, 37, 54, 87.;153;a;;no;;;no
lr_0153_025;triems, m.;Tremse, blaue Kornblume;triems, m.;Tremse, blaue Kornblume;57, 72;triems, m.=Tremse, blaue Kornblume 57, 72.;153;a;;no;;;no
lr_0153_026;triefeln, triffeln;kreiseln;triefeln, triffeln;trieseln, trisseln;36, 58, 98;triefeln, triffeln=kreiseln 36, 58, 98.;153;a;triffeln;no;;corrected;no
lr_0153_027;trihali-trihaleo!;Hirtenruf;trihali-trihaleo!;Hirtenruf;83;trihali-trihaleo!=Hirtenruf 83.;153;a;;no;;;no
lr_0153_028;troenen, trå̂nen;flehen, mit Bitten quälen;troenen, træ̊̅nen;flehen, mit Bitten quälen;58, 97;troenen, trå̂nen=flehen, mit Bitten quälen 58, 97.;153;a;træ̊̅nen;no;;corrected;no
lr_0153_029;trop, m.;Trupp, Herde;trop, m.;Trupp, Herde;10;trop, m.=Trupp, Herde 10.;153;a;;no;;;no
lr_0153_030;trüagen, sik;sich zanken;trüagen, sik;sich zanken;40, 97;trüagen, sik=sich zanken 40, 97.;153;a;;no;;;no
lr_0153_031;trügge;zurück;trügge;zurück;58;trügge=zurück 58.;153;a;;no;;;no
lr_0153_032;*trügge, f.;Schöpflöffel;trügge, f.;Schöpflöffel;63, 77;*trügge, f.=Schöpflöffel 63, 77.;153;b;;no;;;no
lr_0153_033;trummel, f.;Trommel;trummel, f.;Trommel;78;trummel, f.=Trommel 78.;153;b;;no;;;no
lr_0153_034;trüwwe;treu;trüwwe;treu;80;trüwwe=treu 80.;153;b;;no;;;no
lr_0153_035;trüwwe, f.;die Treue;trüwwe, f.;die Treue;53;trüwwe, f.=die Treue 53.;153;b;;no;;;no
lr_0153_036;trüwwen;trauen;trüwwen;trauen;14, 53;trüwwen=trauen 14, 53.;153;b;;no;;;no
lr_0153_037;tso-hoe!;Hirtenruf;tso-hoe!;Hirtenruf;57, 83;tso-hoe!=Hirtenruf 57, 83.;153;b;;no;;;no
lr_0153_038;tsu, tsuch!;Interj. des Anfeuerns;tsu, tsuch!;Interj. des Anfeuerns;57;tsu, tsuch! Interj. des Anfeuerns 57.;153;b;tsuch!;no;;;no
lr_0153_039;tüakstern;schreien, von Hühnern;tüakstern;schreien, von Hühnern;39, 99;tüakstern=schreien, von Hühnern 39, 99.;153;b;;no;;;no
lr_0153_040;tuarf, m.;Torf, Rasenstück;tuarf, m.;Torf, Rasenstück;38, 72;tuarf, m.=Torf, Rasenstück 38, 72.;153;b;;no;;;no
lr_0153_041;tüawer, m.;Zuber;tüawer, m.;Zuber;39;tüawer, m.=Zuber 39.;153;b;;no;;;no
lr_0153_042;tubben, f. und n.;Butte;tubben, f. und n.;Butte (großes Holzgefäß);48, 58;tubben, f. und n.=Butte 48, 58.;153;b;;no;;corrected;no
lr_0153_043;tudk, m.;Geschwulst.;tudk, m.;Geschwulst;;tudk, m.=Geschwulst.;153;b;;no;;;no
lr_0153_044;tüedeln;bammeln, zögern;tüedeln;bammeln, zögern;40;tüedeln=bammeln, zögern 40.;153;b;;no;;;no
lr_0153_045;tüedern;tüddern.;tüedern;tüddern;;tüedern=tüddern.;153;b;;no;;;no
lr_0153_046;tüenen;1) quälen, 2) in die Länge ziehen, verwickeln;tüenen;1) quälen, 2) in die Länge ziehen, verwickeln;40, 97;tüenen=1) quälen, 2) in die Länge ziehen, verwickeln 40, 97.;153;b;;no;;;no
lr_0153_047;tüeſeln (üö);zerren, liebkosen;tüeſeln (üö);zerren, liebkosen;61;tüeſeln (üö)=zerren, liebkosen 61.;153;b;;no;;;no
lr_0153_048;tüffel, m.;Pantoffel;tüffel, m.;Pantoffel;51;tüffel, m.=Pantoffel 51.;153;b;;no;;;no
lr_0153_049;tǖgel, m.;Zügel;tǖgel, m.;Zügel;17;tǖgel, m.=Zügel 17.;153;b;;no;;;no
lr_0153_050;tuch, tåch, toch, m.;Zug;tuch, tåch, toch, m.;Zug;38, 72;tuch, tåch, toch, m.=Zug 38, 72.;153;b;tuch | toch;no;;;no
lr_0153_051;tuidich;zeitig;tuidich;zeitig;55;tuidich=zeitig 55.;153;b;;no;;;no
lr_0153_052;Tuich, dat. Tuijje, m.;Dorfplatz;Tuich, (dat. Tuijje), m.;Dorfplatz (von Tie);68;Tuich, dat. Tuijje, m.=Dorfplatz 68.;153;b;;no;;corrected;no
lr_0153_053;Tuijjem;Tiemann, Fam.-Name;Tuijjem;Tiemann, Fam.-Name;68;Tuijjem=Tiemann, Fam.-Name 68.;153;b;;no;;;no
lr_0153_054;tuit, f.;Zeit;tuit, f.;Zeit;32;tuit, f.=Zeit 32.;153;b;;no;;;no
lr_0153_055;tucken;zupfen, zucken;tucken;zupfen, zucken;95;tucken=zupfen, zucken 95.;153;b;;no;;;no
lr_0153_056;tülken;pissen;tülken;pissen;13;tülken=pissen 13.;153;b;;no;;;no
lr_0153_057;tuls, m.;Beule.;tuls, m.;Beule;;tuls, m.=Beule.;153;b;;no;;;no
lr_0153_058;tunge, f.;Zunge;tunge, f.;Zunge;77;tunge, f.=Zunge 77.;153;b;;no;;;no
lr_0153_059;tunne, f.;Tonne;tunne, f.;Tonne;77;tunne, f.=Tonne 77.;153;b;;no;;;no
lr_0153_060;tünſeln;zausen.;tünſeln;zausen;;tünſeln=zausen.;153;b;;no;;;no
lr_0153_061;tünſemaiſe, f.;Baummeise.;tünſemaiſe, f.;Baummeise;;tünſemaiſe, f.=Baummeise.;153;b;;no;;;no
lr_0153_062;tüntel, m.;Zunder.;tüntel, m.;Zunder;;tüntel, m.=Zunder.;153;b;;no;;;no
lr_0153_063;tünteln;zaudern, herumzerren;tünteln;zaudern, herumzerren;13;tünteln=zaudern, herumzerren 13.;153;b;;no;;;no
lr_0153_064;tuok, m.;das Zucken, Beule, Geschwulst;tuok, m.;das Zucken, Beule, Geschwulst;39, 54;tuok, m.=das Zucken, Beule, Geschwulst 39, 54.;153;b;;no;;;no
lr_0153_065;tuokebuül, m.;Ziehharmonika.;tuokebuül, m.;Ziehharmonika;;tuokebuül, m.=Ziehharmonika.;153;b;;no;;;no
lr_0153_066;tuoken;ziehen, zupfen, zucken;tuoken;ziehen, zupfen, zucken;97;tuoken=ziehen, zupfen, zucken 97.;153;b;;no;;;no
lr_0153_067;tuokern;verzerren, verwirren;tuokern;verzerren, verwirren;39;tuokern=verzerren, verwirren 39.;153;b;;no;;;no
lr_0153_068;tuordeln;taumeln;tuordeln;taumeln;56;tuordeln=taumeln 56.;153;b;;no;;;no
lr_0153_069;tuork, tuark, m.;der Kork;tuork, tuark, m.;der Kork;38, 58;tuork, tuark, m.=der Kork 38, 58.;153;b;tuark;no;;;no
lr_0153_070;tūrdel, trūdel, n.;alte Jungfer (Sch.);tūrdel, trūdel, n.;alte Jungfer (Sch.);44;tūrdel, trūdel, n.=alte Jungfer (Sch.) 44.;153;b;tūrdel;no;;;no
lr_0153_071;tuor'n;summen, girren;tuor'n;summen, girren;97;tuor'n=summen, girren 97.;153;b;;no;;;no
lr_0153_072;tūrflåige, f.;Viehbremse.;tūrflåige, f.;Viehbremse;;tūrflåige, f.=Viehbremse.;153;b;;no;;;no
hr_0154_001;tüs! interj.;lass! rühr nicht an!;tüs! interj.;lass! rühr nicht an!;13, 57, 83;tüs! interj.=lass! rühr nicht an! 13, 57, 83.;154;a;;no;confirmed;;no
hr_0154_002;tüsken, unnertüsken;zwischen;tüsken, unnertüsken;zwischen;53;tüsken, unnertüsken=zwischen 53.;154;a;unnertüsken;no;confirmed;;no
hr_0154_003;tüssen;beschwichtigen;tüssen;beschwichtigen;;tüssen=beschwichtigen.;154;a;;no;confirmed;;no
hr_0154_004;tuügen;Zeugnis geben;tuügen;Zeugnis geben;31, 97;tuügen=Zeugnis geben 31, 97.;154;a;;no;confirmed;;no
hr_0154_005;tuüch. n.;das Zeug;tuüch. n.;das Zeug;30, 67;tuüch. n.=das Zeug 30, 67.;154;a;;no;confirmed;;no
hr_0154_006;tuünen;zäunen;tuünen;zäunen;97;tuünen=zäunen 97.;154;a;;no;confirmed;;no
hr_0154_007;twåi;zwei;twåi;zwei;57;twåi=zwei 57.;154;a;;no;confirmed;;no
hr_0154_008;twåich;enzwei;twåich;entzwei;69;twåich=enzwei 69.;154;a;;no;confirmed;;no
hr_0154_009;twairnt, m.;Zwirn;twairnt, m.;Zwirn;24, 58;twairnt, m.=Zwirn 24, 58.;154;a;;no;confirmed;;no
hr_0154_010;twas;quer;twas;quer;6, 45, 58;twas=quer 6, 45, 58.;154;a;;no;confirmed;;no
hr_0154_011;twasbrāke, m.;Querkopf;twasbrāke, m.;Querkopf;;twasbrāke, m.=Querkopf.;154;a;;no;confirmed;;no
hr_0154_012;*twiagen, stv.;beugen;twiagen, stv.;beugen;35, 37, 58, 92;*twiagen, stv.=beugen 35, 37, 58, 92.;154;a;;no;confirmed;;no
hr_0154_013;twialk, m.;1) Zwerg, 2) Taumellolch;twialk, m.;1) Zwerg, 2) Taumellolch;36, 43;twialk, m.=1) Zwerg, 2) Taumellolch 36, 43.;154;a;;no;confirmed;;no
hr_0154_014;twiarwuint, m.;Wirbelwind;twiarwuint, m.;Wirbelwind;58;twiarwuint, m.=Wirbelwind 58.;154;a;;no;confirmed;;no
hr_0154_015;twiele, -en, f;Gabelast, Bifurcation;twiele, twielen, f;Gabelast, Bifurcation;35, 58;twiele, -en, f=Gabelast, Bifurcation 35, 58,;154;a;twiele;no;confirmed;;no
hr_0154_016;twiesken, pl.;Zwillinge;twiesken, pl.;Zwillinge;;twiesken, pl.=Zwillinge.;154;a;;no;confirmed;;no
hr_0154_017;twik, m. und n.;kleiner Zweig;twik, m. und n.;kleiner Zweig;58, 72, 73, 77;twik, m. und n.=kleiner Zweig 58, 72, 73, 77.;154;a;;no;confirmed;;no
hr_0154_018;twilsk;schwindelig;twilsk;schwindelig;58;twilsk=schwindelig 58.;154;a;;no;confirmed;;no
hr_0154_019;twingen, stv.;zwingen;twingen, stv.;zwingen;86;twingen, stv.=zwingen 86.;154;a;;no;confirmed;;no
hr_0154_020;twuibåin't;zweibeinig;twuibåin't;zweibeinig;80;twuibåin't=zweibeinig 80.;154;a;;no;confirmed;;no
hr_0154_021;twuihåür'ch;zwiespältig;twuihåür'ch;zwiespältig;80;twuihåür'ch=zwiespältig 80.;154;a;;no;confirmed;;no
hr_0154_022;twuijjen (ſik);zweitheilen, sich entzweien;twuijjen (ſik);zweitheilen, sich entzweien;68, 96;twuijjen (ſik)=zweitheilen, sich entzweien 68, 96.;154;a;;no;confirmed;;no
hr_0154_023;twuiwel, m.;Zweifel;twuiwel, m.;Zweifel;52;twuiwel, m.=Zweifel 52.;154;a;;no;confirmed;;no
hr_0154_024;ū!;Interj. der Entrüstung, Furcht;ū!;Interj. der Entrüstung, Furcht;16;ū! Interj. der Entrüstung, Furcht 16.;154;a;;no;confirmed;;no
hr_0154_025;uaben, -we, m.;Ofen;uaben, uawe, m.;Ofen;38, 48;uaben, -we, m.=Ofen 38, 48.;154;a;uawe;no;confirmed;;no
hr_0154_026;uaben, -pen;offen;uaben, uapen;offen;38;uaben, -pen=offen 38.;154;a;uapen;no;confirmed;;no
hr_0154_027;*uake, m.;junger Bursche;uake, m.;junger Bursche;38, 75;*uake, m.=junger Bursche 38, 75.;154;a;;no;;;no
hr_0154_028;üakste, f.;Ecke zwischen Dach und Seitenwand;üakste, f.;Ecke zwischen Dach und Seitenwand;;üakste, f.=Ecke zwischen Dach und Seitenwand.;154;a;;no;;;no
hr_0154_029;üalje, m.;Oel;üalje, m.;Oel;67;üalje, m.=Oel 67.;154;a;;no;;;no
hr_0154_030;üam, m.;Oheim;üam, m.;Oheim;40;üam, m.=Oheim 40.;154;a;;no;confirmed;;no
hr_0154_031;üanernt, m.;Mittag, Nachmittag, fan üanernt=heute Nachmittag;üanernt, m.;Mittag, Nachmittag, fan üanernt=heute Nachmittag.;40, 58, 72;üanernt, m.=Mittag, Nachmittag, fan üanernt=heute Nachmittag 40, 58, 72.;154;a;;no;;;no
hr_0154_032;üar;ihr;üar;ihr;81;üar=ihr 81.;154;a;;no;confirmed;;no
hr_0154_033;üawer;über;üawer;über;39, 52;üawer=über 39, 52.;154;a;;no;;;no
hr_0154_034;Üawert;Eberhard;Üawert;Eberhard;40;Üawert=Eberhard 40.;154;a;;no;confirmed;;no
hr_0154_035;üawste;oberste;üawste;oberste;39;üawste=oberste 39.;154;a;;no;;;no
hr_0154_036;*uchte, f.;Frühstunde, Frühkirche, Frühstück;uchte, f.;Frühstunde, Frühkirche, Frühstück;8, 74;*uchte, f.=Frühstunde, Frühkirche, Frühstück 8, 74.;154;a;;no;;;no
hr_0154_037;uchten;in der Morgendämmerung arbeiten;uchten;in der Morgendämmerung arbeiten;95;uchten=in der Morgendämmerung arbeiten 95.;154;b;;no;;;no
hr_0154_038;uiben, m.;Epheu;uiben, m.;Epheu;32;uiben, m.=Epheu 32.;154;b;;no;;;no
hr_0154_039;uiben, pl.;Eidechsen;uiben, pl.;Eidechsen;48;uiben, pl.=Eidechsen 48.;154;b;;no;;;no
hr_0154_040;uibenkratse, f.;ein Tümpel mit Eidechsen;uibenkratse, f.;ein Tümpel mit Eidechsen;32;uibenkratse, f.=ein Tümpel mit Eidechsen 32.;154;b;;no;;;no
hr_0154_041;uile;eitel, schier;uile;eitel, schier;9, 54;uile=eitel, schier 9, 54.;154;b;;no;;;no
hr_0154_042;uiſern;eisern;uiſern;eisern;44;uiſern=eisern 44.;154;b;;no;;;no
hr_0154_043;uiskückel, -kiakel, m.;Eiszapfen;uiskückel, uiskiakel, m.;Eiszapfen;14, 32, 36;uiskückel, -kiakel, m.=Eiszapfen 14, 32, 36.;154;b;uiskiakel;no;confirmed;;no
hr_0154_044;ulmerich, olmerich;morsch;ulmerich, olmerich;morsch;8;ulmerich, olmerich=morsch 8.;154;b;olmerich;no;confirmed;;no
hr_0154_045;ümme;um;ümme;um;13, 45;ümme=um 13, 45.;154;b;;no;confirmed;;no
hr_0154_046;üms;jemand;üms;jemand;;üms=jemand.;154;b;;no;confirmed;;no
hr_0154_047;úndǖget;ungezogen;úndǖget;ungezogen;17, 40;úndǖget=ungezogen 17, 40.;154;b;;no;confirmed;;no
hr_0154_048;unducht, f.;Untugend, als masc. =Taugenichts.;unducht, f.;Untugend, als masc. =Taugenichts.;;unducht, f.=Untugend, als masc. =Taugenichts.;154;b;;no;;;no
hr_0154_049;ungel, m.;Talg;ungel, m.;Talg;;ungel, m.=Talg.;154;b;;no;;;no
hr_0154_050;unluü'ch;aufgeregt, exaltirt;unluü'ch;aufgeregt, exaltiert;;unluü'ch=aufgeregt, exaltirt.;154;b;;no;confirmed;corrected;no
hr_0154_051;unnerfuinsk;arglistig;unnerfuinsk;arglistig;;unnerfuinsk=arglistig.;154;b;;no;;;no
hr_0154_052;unrast, m.;Pendel;unrast, m.;Pendel;;unrast, m.=Pendel.;154;b;;no;;;no
hr_0154_053;unſelich;schmutzig, unordentlich;unſelich;schmutzig, unordentlich;;unſelich=schmutzig, unordentlich.;154;b;;no;confirmed;;no
hr_0154_054;unsachte;ungeschlacht;unsachte;ungeschlacht;67;unsachte=ungeschlacht 67.;154;b;;no;;;no
hr_0154_055;uolm, üölm, m.;Dampf;uolm, üölm, m.;Dampf;73;uolm, üölm, m.=Dampf 73.;154;b;üölm;no;;;no
hr_0154_056;üorgel, n.;Orgel;üorgel, n.;Orgel;78;üorgel, n.=Orgel 78.;154;b;;no;confirmed;;no
hr_0154_057;uorsel, uofel, n.;Abhub, Schutt, Asche, Zunder;uosel, uofel, n.;Abhub, Schutt, Asche, Zunder;39;uorsel, uofel, n.=Abhub, Schutt, Asche, Zunder 39.;154;b;uosel;no;confirmed;corrected;no
hr_0154_058;uoren;wühlen (von Schweinen);uoren;wühlen (von Schweinen);97;uoren=wühlen (von Schweinen) 97.;154;b;;no;confirmed;;no
hr_0154_059;up, uppe, -bbe;auf;up, uppe, ubbe;auf;9, 70;up, uppe, -bbe=auf 9, 70.;154;b;up | uppe;no;confirmed;;no
hr_0154_060;upbölken;aufstoſsen;upbölken;aufstoßen;;upbölken=aufstoſsen.;154;b;;no;confirmed;;no
hr_0154_061;upfaihen;auffüttern;upfaihen;auffüttern;;upfaihen=auffüttern.;154;b;;no;confirmed;;no
hr_0154_062;upkuaker, m.;Verschwender;upkuaker, m.;Verschwender;;upkuaker, m.=Verschwender.;154;b;;no;;;no
hr_0154_063;uppestunt;jetzt;uppestunt;jetzt;;uppestunt=jetzt.;154;b;;no;;;no
hr_0154_064;upråier, m.;Kamm;upråier, m.;Kamm;77;upråier, m.=Kamm 77.;154;b;;no;;;no
hr_0154_065;uüſse, f.;Kröte;uüße, f.;Kröte;59, 77;uüſse, f.=Kröte 59, 77.;154;b;;no;;;no
hr_0154_066;uüſsenpat, m.;Geschwulst am Fuſse;uüßenpat, m.;Geschwulst am Fuße;;uüſsenpat, m.=Geschwulst am Fuſse.;154;b;;no;;;no
hr_0154_067;*uüterbuk, m.;Zwitter, vgl. kuüterbuk;uüterbuk, m.;Zwitter, vgl. kuüterbuk;65;*uüterbuk, m.=Zwitter, vgl. kuüterbuk 65.;154;b;;no;;;no
hr_0154_068;wå?;wie, wo?;wå?;wie, wo?;12, 52, 53, 70;wå?=wie, wo? 12, 52, 53, 70.;154;b;;no;confirmed;;no
hr_0154_069;wabbeln;quabbeln vor Fett, wabbelich;wabbeln;quabbeln vor Fett, wabbelich;6, 98;wabbeln=quabbeln vor Fett, wabbelich 6, 98.;154;b;;no;;;no
hr_0154_070;wādergä̂sk, m.?;eine Pflanze, im Flachs wachsend;wādergä̂sk, m.?;eine Pflanze, im Flachs wachsend;18;wādergä̂sk, m.?=eine Pflanze, im Flachs wachsend 18.;154;b;;no;;;no
hr_0154_071;wāderkasse, f.;Kresse;wāderkasse, f.;Kresse;15, 45, 52, 55;wāderkasse, f.=Kresse 15, 45, 52, 55.;154;b;;no;;;no
hr_0154_072;wāen;verkehren;wāen;verkehren;96;wāen=verkehren 96.;154;b;;no;;;no
hr_0154_073;wāgen;gehen. Ik wāe, wāge då nich=ich komme dort nicht;wāgen;gehen. Ik wāe, wāge då nich=ich komme dort nicht.;15, 96;wāgen=gehen. Ik wāe, wāge då nich=ich komme dort nicht 15, 96.;154;b;;no;;;no
hr_0155_001;wå̂gen;wagen;wå̂gen;wagen;18, 96;wå̂gen=wagen 18, 96.;155;a;;no;;corrected;no
hr_0155_002;wāge, wāgen, m.;Wagen;wāge, wāgen, m.;Wagen;37, 75;wāge, wāgen, m.=Wagen 37, 75.;155;a;wāgen;no;;;no
hr_0155_003;wå̂ge, f.;die Wage;wå̂ge, f.;die Waage;18;wå̂ge, f.=die Wage 18.;155;a;;no;confirmed;corrected;no
hr_0155_004;wäch, m.;Weg;wäch, m.;Weg;11, 63, 67, 72;wäch, m.=Weg 11, 63, 67, 72.;155;a;;no;;;no
hr_0155_005;wåide, m.;Weizen;wåide, m.;Weizen;25, 76;wåide, m.=Weizen 25, 76.;155;a;;no;;;no
hr_0155_006;wåide, wåien, f.;Viehweide;wåide, wåien, f.;Viehweide;25, 55, 76;wåide, wåien, f.=Viehweide 25, 55, 76.;155;a;wåien;no;;;no
hr_0155_007;wåidāge, pl.;Schmerzen;wåidāge, pl.;Schmerzen;72;wåidāge, pl.=Schmerzen 72.;155;a;;no;;;no
hr_0155_008;waifen;prügeln;waifen;prügeln;51, 52;waifen=prügeln 51, 52.;155;a;;no;;;no
hr_0155_009;waige, -en, f.;Wiege;waige, waigen, f.;Wiege;24, 77;waige, -en, f.=Wiege 24, 77.;155;a;waige;no;;;no
hr_0155_010;wåih;weh;wåih;weh;;wåih=weh.;155;a;;no;;;no
hr_0155_011;waijern;weigern;waijern;weigern;68;waijern=weigern 68.;155;a;;no;;;no
hr_0155_012;wåik;weich;wåik;weich;65;wåik=weich 65.;155;a;;no;;;no
hr_0155_013;wåien, wåinen;1) jäten, 2) wenden (Flachs, Heu);wåien, wåinen;1) jäten, 2) wenden (Flachs, Heu);26, 96;wåien, wåinen=1) jäten, 2) wenden (Flachs, Heu) 26, 96.;155;a;;no;;;no
hr_0155_014;wåinich;wenig;wåinich;wenig;25;wåinich=wenig 25.;155;a;;no;confirmed;;no
hr_0155_015;wåinwārp, m.;Maulwurf;wåinwārp, m.;Maulwurf;19, 72;wåinwārp, m.=Maulwurf 19, 72.;155;a;;no;confirmed;;no
hr_0155_016;wair'n, stv.;werden;wair'n, stv.;werden;11, 19, 20, 24, 34, 44, 56, 86;wair'n, stv.=werden 11, 19, 20, 24, 34, 44, 56, 86.;155;a;;no;confirmed;;no
hr_0155_017;wairt, m.;1) Werth, 2) Wirth;wairt, m.;1) Werth, 2) Wirth;24;wairt, m.=1) Werth, 2) Wirth 24.;155;a;;no;confirmed;;no
hr_0155_018;wairt;werth;wairt;werth;24;wairt=werth 24.;155;a;;no;confirmed;;no
hr_0155_019;wairwulf, m.;Wärwolf;wairwulf, m.;Werwolf;;wairwulf, m.=Wärwolf.;155;a;;no;confirmed;corrected;no
hr_0155_020;wajjen;wehen;waijjen;wehen;68;wajjen=wehen 68.;155;a;;no;corrected;;no
hr_0155_021;wāke, f.;Öffnung im Eise;wāke, f.;Öffnung im Eise;;wāke, f.=Öffnung im Eise.;155;a;;no;confirmed;confirmed;no
hr_0155_022;wacke, f.;Molkenwasser;wacke, f.;Molkenwasser;54, 72;wacke, f.=Molkenwasser 54, 72.;155;a;;no;confirmed;confirmed;no
hr_0155_023;wāken, stv.;wachen;wāken, stv.;wachen;14, 89, 96;wāken, stv.=wachen 14, 89, 96.;155;a;;no;confirmed;confirmed;no
hr_0155_024;wacker;schön, geschmückt;wacker;schön, geschmückt;6;wacker=schön, geschmückt 6.;155;a;;no;confirmed;confirmed;no
hr_0155_025;wâl, f.;die Wahl des Mondes;wâl, f.;die Wahl des Mondes;17;wâl, f.=die Wahl des Mondes 17.;155;a;;no;confirmed;confirmed;no
hr_0155_026;wälmialke, f.;aufgekochte Milch;wälmialke, f.;aufgekochte Milch;;wälmialke, f.=aufgekochte Milch.;155;a;;no;confirmed;confirmed;no
hr_0155_027;wåltern, f.;Walze;wåltern, f.;Walze;76;wåltern, f.=Walze 76.;155;a;;no;confirmed;confirmed;no
hr_0155_028;wål, wal, wual;wohl;wål, wal, wual;wohl;7, 12;wål, wal, wual=wohl 7, 12.;155;a;wal | wual;no;confirmed;confirmed;no
hr_0155_029;wan;1) wann? 2) dann, wenn;wan;1) wann? 2) dann, wenn;6;wan=1) wann? 2) dann, wenn 6.;155;a;;no;confirmed;confirmed;no
hr_0155_030;wän;wenn;wän;wenn;11, 45, 70;wän=wenn 11, 45, 70.;155;a;;no;confirmed;confirmed;no
hr_0155_031;wå̂ne;wüthend, als adv. sehr;wå̂ne;wüthend, als adv. sehr;18;wå̂ne=wüthend, als adv. sehr 18.;155;a;;no;confirmed;confirmed;no
hr_0155_032;wåniens;wo, woher?;wåniens;wo, woher?;;wåniens=wo, woher?;155;a;;no;confirmed;confirmed;no
hr_0155_033;wanken;wandeln;wanken;wandeln;;wanken=wandeln;155;a;;no;confirmed;confirmed;no
hr_0155_034;ferwank, m.;Spielraum;ferwank, m.;Spielraum;;ferwank, m.=Spielraum.;155;a;;no;confirmed;confirmed;no
hr_0155_035;wanne, f.;Futterschwinge;wanne, f.;Futterschwinge;;wanne, f.=Futterschwinge.;155;a;;no;confirmed;confirmed;no
hr_0155_036;want, n.;Tuch;want, n.;Tuch;;want, n.=Tuch.;155;a;;no;confirmed;confirmed;no
hr_0155_037;wantlius, wanse, f.;Wanze;wantlius, wanse, f.;Wanze;46, 58;wantlius, wanse, f.=Wanze 46, 58.;155;a;wanse;no;confirmed;confirmed;no
hr_0155_038;*wåpkenbräut, n.;Wurstbrod;wæ̊pkenbräut, n.;Wurstbrod;52;*wåpkenbräut, n.=Wurstbrod 52.;155;a;;no;checked_no_change;corrected;no
hr_0155_039;wär;1) wer, 2) wieder;wär;1) wer, 2) wieder;11, 46, 82, 83;wär=1) wer, 2) wieder 11, 46, 82, 83.;155;a;;no;confirmed;confirmed;no
hr_0155_040;wå̄rdel, f.;Warze;wå̄rdel, f.;Warze;20, 74;wå̄rdel, f.=Warze 20, 74.;155;a;;no;confirmed;confirmed;no
hr_0155_041;wārm;warm;wārm;warm;37, 44;wārm=warm 37, 44.;155;a;;no;confirmed;confirmed;no
hr_0155_042;wār'n;in Acht nehmen;wār'n;in Acht nehmen;19, 43, 44, 96;wār'n=in Acht nehmen 19, 43, 44, 96.;155;b;;no;confirmed;confirmed;no
hr_0155_043;waskelſtåin, m.;Waschstein;waskelſtåin, m.;Waschstein;43;waskelſtåin, m.=Waschstein 43.;155;b;;no;confirmed;confirmed;no
hr_0155_044;wasken, stv.;waschen;wasken, stv.;waschen;6, 10, 11, 39, 60, 64, 89;wasken, stv.=waschen 6, 10, 11, 39, 60, 64, 89.;155;b;;no;confirmed;confirmed;no
hr_0155_045;was, n.;Wachs;was, n.;Wachs;6, 60;was, n.=Wachs 6, 60.;155;b;;no;confirmed;confirmed;no
hr_0155_046;was, m.;Wachsthum;was, m.;Wachsthum;6;was, m.=Wachsthum 6.;155;b;;no;confirmed;confirmed;no
hr_0155_047;wässen;wächsern;wässen;wächsern;;wässen=wächsern.;155;b;;no;confirmed;confirmed;no
hr_0155_048;wassen, stv.;wachsen;wassen, stv.;wachsen;6, 39, 89;wassen, stv.=wachsen 6, 39, 89.;155;b;;no;confirmed;confirmed;no
hr_0155_049;wastum, m.;Kraft zum Wachsen;wastum, m.;Kraft zum Wachsen;;wastum, m.=Kraft zum Wachsen.;155;b;;no;confirmed;confirmed;no
hr_0155_050;wäult, m.;Wald;wäult, m.;Wald;11, 22, 26, 27, 28;wäult, m.=Wald 11, 22, 26, 27, 28.;155;b;;no;confirmed;confirmed;no
hr_0155_051;wäur;wahr;wäur;wahr;80;wäur=wahr 80.;155;b;;no;confirmed;confirmed;no
hr_0155_052;wāwer, m.;der Spukgeist;wāwer, m.;der Spukgeist;;wāwer, m.=der Spukgeist.;155;b;;no;confirmed;confirmed;no
hr_0155_053;wek, wecke?;welcher? (de) wecke=einige;wek, wecke?;welcher? (de) wecke=einige.;43, 82;wek, wecke?=welcher? (de) wecke=einige 43, 82.;155;b;wek;no;confirmed;confirmed;no
hr_0155_054;wel, ik;ich will;ik wel;ich will;4, 8, 42, 43, 60, 70, 102;wel, ik=ich will 4, 8, 42, 43, 60, 70, 102.;155;b;;no;confirmed;confirmed;no
hr_0155_055;welle, f.;1) Quelle, 2) Welle, 3) Umkreis;welle, f.;1) Quelle, 2) Welle, 3) Umkreis;76;welle, f.=1) Quelle, 2) Welle, 3) Umkreis 76.;155;b;;no;confirmed;confirmed;no
hr_0155_056;weltern;wälzen, walzen;weltern;wälzen, walzen;9, 98;weltern=wälzen, walzen 9, 98.;155;b;;no;confirmed;confirmed;no
hr_0155_057;weort, wōrt, n.;Wort;weort, wōrt, n.;Wort;20, 34, 44, 58, 73;weort, wōrt, n.=Wort 20, 34, 44, 58, 73.;155;b;wōrt;no;confirmed;confirmed;no
hr_0155_058;Westfailinger;Westfale;Westfailinger;Westfale;24;Westfailinger=Westfale 24.;155;b;;no;confirmed;confirmed;no
hr_0155_059;wet māken;gut machen, ausgleichen;wet māken;gut machen, ausgleichen;;wet māken=gut machen, ausgleichen.;155;b;;no;confirmed;confirmed;no
hr_0155_060;wiagen, stv.;wiegen;wiagen, stv.;wiegen;27, 29, 35, 37, 38, 87;wiagen, stv.=wiegen 27, 29, 35, 37, 38, 87.;155;b;;no;confirmed;confirmed;no
hr_0155_061;wialich;wohlig, muthwillig, „dat käurn es wialich“=das Korn steht frisch;wialich;wohlig, muthwillig, „dat käurn es wialich“=das Korn steht frisch.;37, 80;wialich=wohlig, muthwillig, „dat käurn es wialich“=das Korn steht frisch 37, 80.;155;b;;no;confirmed;confirmed;no
hr_0155_062;wialdāge, pl.;Muthwille, lustige Tage;wialdāge, pl.;Muthwille, lustige Tage;37, 72;wialdāge, pl.=Muthwille, lustige Tage 37, 72.;155;b;;no;confirmed;confirmed;no
hr_0155_063;wialmeot, m. auch walmeot;Übermuth;wialmeot, m. auch walmeot;Übermuth;37;wialmeot, m. auch walmeot=Übermuth 37.;155;b;;no;confirmed;confirmed;no
hr_0155_064;wiame, f.;die Pfarre;wiame, f.;die Pfarre, Wehme;36, 54;wiame, f.=die Pfarre 36, 54.;155;b;;no;corrected;checked_no_change;no
hr_0155_065;wiar, n.;Wetter;wiar, n.;Wetter;36, 79;wiar, n.=Wetter 36, 79.;155;b;;no;confirmed;confirmed;no
hr_0155_066;wiark, n.;Werk, Weberstück;wiark, n.;Werk, Weberstück;36, 44, 74;wiark, n.=Werk, Weberstück 36, 44, 74.;155;b;;no;confirmed;confirmed;no
hr_0155_067;wiarks, n.;der Stoff der Arbeit;wiarks, n.;der Stoff der Arbeit;74;wiarks, n.=der Stoff der Arbeit 74.;155;b;;no;confirmed;confirmed;no
hr_0155_068;wiarkeldach, m.;Werktag;wiarkeldach, m.;Werktag;43;wiarkeldach, m.=Werktag 43.;155;b;;no;confirmed;confirmed;no
hr_0155_069;*wiarlocken;wetterleuchten;wiarlocken;wetterleuchten;11, 95;*wiarlocken=wetterleuchten 11, 95.;155;b;;no;confirmed;confirmed;no
hr_0155_070;wiarmde, f.;Wärme;wiarmde, f.;Wärme;37;wiarmde, f.=Wärme 37.;155;b;;no;confirmed;confirmed;no
hr_0155_071;wiarmke, m.;Wermuth;wiarmke, m.;Wermuth;;wiarmke, m.=Wermuth.;155;b;;no;confirmed;confirmed;no
hr_0155_072;wiaske, f.;Tante, Cousine;wiaske, f.;Tante, Cousine;60, 74;wiaske, f.=Tante, Cousine 60, 74.;155;b;;no;confirmed;confirmed;no
hr_0155_073;wiawen;weben;wiawen;weben;97;wiawen=weben 97.;155;b;;no;confirmed;confirmed;no
hr_0155_074;wibben, -ppen, f.;die Wippe;wibben, wippen, f.;die Wippe;;wibben, -ppen, f.=die Wippe.;155;b;wippen;no;confirmed;confirmed;no
hr_0155_075;wibben;aufhüpfen, aufschnellen;wibben;aufhüpfen, aufschnellen;7;wibben=aufhüpfen, aufschnellen 7.;155;b;;no;confirmed;confirmed;no
lr_0156_001;wieden;wissen;wieden;wissen;13, 25, 36, 59, 61, 70, 102;wieden=wissen 13, 25, 36, 59, 61, 70, 102.;156;a;;no;confirmed;confirmed;no
lr_0156_002;wieke, f.;Woche;wieke, f.;Woche;36, 56;wieke, f.=Woche 36, 56.;156;a;;no;confirmed;confirmed;no
lr_0156_003;wiemeln;wimmeln;wiemeln;wimmeln;36, 65;wiemeln=wimmeln 36, 65.;156;a;;no;confirmed;confirmed;no
lr_0156_004;*wieptiuken, pl.;Hagebutten.;wieptiuken, pl.;Hagebutten;;*wieptiuken, pl.=Hagebutten.;156;a;;no;confirmed;confirmed;no
lr_0156_005;Wieſer, f.;Weser;Wieſer, f.;Weser;36;Wieſer, f.=Weser 36.;156;a;;no;confirmed;confirmed;no
lr_0156_006;wicht, f.;Mädchen;wicht, f.;Mädchen;77;wicht, f.=Mädchen 77.;156;a;;no;confirmed;confirmed;no
lr_0156_007;*wîk, m.;Enterich;wîk, m.;Enterich;17, 52, 72;*wîk, m.=Enterich 17, 52, 72.;156;a;;no;confirmed;confirmed;no
lr_0156_008;wicken;wahrsagen, zaubern, ik wil’t di wicken=ich will dir Mores lehren;wicken;wahrsagen, zaubern, ik wil’t di wicken=ich will dir Mores lehren.;7, 65, 95;wicken=wahrsagen, zaubern, ik wil’t di wicken=ich will dir Mores lehren 7, 65, 95.;156;a;;no;confirmed;confirmed;no
lr_0156_009;willewas, m.;die Flechsen, besonders im Nacken von Thieren.;willewas, m.;die Flechsen, besonders im Nacken von Thieren;;willewas, m.=die Flechsen, besonders im Nacken von Thieren.;156;a;;no;confirmed;confirmed;no
lr_0156_010;wimpeltüage;Winkelzüge;wimpeltüage;Winkelzüge;46, 50;wimpeltüage=Winkelzüge 46, 50.;156;a;;no;corrected;corrected;no
lr_0156_011;winken, stv.;winken;winken, stv.;winken;86;winken, stv.=winken 86.;156;a;;no;confirmed;confirmed;no
lr_0156_012;winnen, stv.;gewinnen;winnen, stv.;gewinnen;6, 13, 47, 76;winnen, stv.=gewinnen 6, 13, 47, 76.;156;a;;no;confirmed;confirmed;no
lr_0156_013;wins, m.;Gewinn;wins, m.;Gewinn;61;wins, m.=Gewinn 61.;156;a;;no;confirmed;confirmed;no
lr_0156_014;wîp, wîk!;Lockruf gegen Enten;wîp, wîk!;Lockruf gegen Enten;16;wîp, wîk!=Lockruf gegen Enten 16.;156;a;;no;confirmed;confirmed;no
lr_0156_015;wipken, pl.;Possen;wipken, pl.;Possen;50;wipken, pl.=Possen 50.;156;a;;no;confirmed;confirmed;no
lr_0156_016;wiſber, f.;Weichselkirsche;wiſber, f.;Weichselkirsche;7;wiſber, f.=Weichselkirsche 7.;156;a;;no;confirmed;confirmed;no
lr_0156_017;wisk, f.;Wiese;wisk, f.;Wiese;7, 52, 60, 74;wisk, f.=Wiese 7, 52, 60, 74.;156;a;;no;confirmed;confirmed;no
lr_0156_018;wisken;wischen;wisken;wischen;99;wisken=wischen 99.;156;a;;no;confirmed;confirmed;no
lr_0156_019;wispe, wispelte, f.;Wespe;wispe, wispelte, f.;Wespe;50, 53, 60, 74;wispe, wispelte, f.=Wespe 50, 53, 60, 74.;156;a;wispelte;no;confirmed;confirmed;no
lr_0156_020;wispeln;flistern, munkeln;wispeln;flistern, munkeln;85, 98;wispeln=flistern, munkeln 85, 98.;156;a;;no;confirmed;confirmed;no
lr_0156_021;wispelte, f.;Mispel;wispelte, f.;Mispel;53;wispelte, f.=Mispel 53.;156;a;;no;confirmed;confirmed;no
lr_0156_022;*wispeltüete;1) Mistel, 2) Gaukeleien, 3) Wirbelwind;wispeltüete;1) Mistel, 2) Gaukeleien, 3) Wirbelwind;7, 40, 60;*wispeltüete=1) Mistel, 2) Gaukeleien, 3) Wirbelwind 7, 40, 60.;156;a;;no;confirmed;confirmed;no
lr_0156_023;wisse, adj. u. adv.;gewiss;wisse, adj. u. adv.;gewiss;7, 60, 80;wisse, adj. u. adv.=gewiss 7, 60, 80.;156;a;;no;confirmed;confirmed;no
lr_0156_024;wit;weiſs;wit;weiß;8, 57, 79;wit=weiſs 8, 57, 79.;156;a;;no;confirmed;confirmed;no
lr_0156_025;witkawwel, m.;Grünschnabel;witkawwel, m.;Grünschnabel;77;witkawwel, m.=Grünschnabel 77.;156;a;;no;confirmed;confirmed;no
lr_0156_026;wīwel, m.;Käfer;wīwel, m.;Käfer;15;wīwel, m.=Käfer 15.;156;a;;no;confirmed;confirmed;no
lr_0156_027;woeste;wüste;woeste;wüste;80;woeste=wüste 80.;156;a;;no;confirmed;confirmed;no
lr_0156_028;wracken;abbrechen;wracken;abbrechen;52;wracken=abbrechen 52.;156;a;;no;confirmed;confirmed;no
lr_0156_029;wrensken;wiehern (mehr osnabr.);wrensken;wiehern (mehr osnabr.);;wrensken=wiehern (mehr osnabr.);156;a;;no;confirmed;confirmed;no
lr_0156_030;wricken, -eln;drehend wickeln;wricken, wrickeln;drehend wickeln;49, 52, 98;wricken, -eln=drehend wickeln 49, 52, 98.;156;a;;no;confirmed;confirmed;no
lr_0156_031;wringen, stv.;ringen, ausringen;wringen, stv.;ringen, ausringen;7, 52, 86;wringen, stv.=ringen, ausringen 7, 52, 86.;156;a;;no;confirmed;confirmed;no
lr_0156_032;wrist, frist, f.;Frist der Hand.;wrist, frist, f.;Frist der Hand;;wrist, frist, f.=Frist der Hand.;156;a;frist;no;confirmed;confirmed;no
lr_0156_033;wruiben, bruiben, stv.;reiben;wruiben, bruiben, stv.;reiben;16, 24, 32, 43, 89;wruiben, bruiben, stv.=reiben 16, 24, 32, 43, 89.;156;a;bruiben;no;confirmed;confirmed;no
lr_0156_034;wuw!;Interj. des Schmerzes.;wuw!;Interj. des Schmerzes;;wuw!=Interj. des Schmerzes.;156;b;;no;confirmed;confirmed;no
lr_0156_035;wuide, f.;die Weite;wuide, f.;die Weite;32;wuide, f.=die Weite 32.;156;b;;no;confirmed;confirmed;no
lr_0156_036;wuie, -en, f.;die Weide (Baum);wuie, wuien, f.;die Weide (Baum);32, 54, 76;wuie, -en, f.=die Weide (Baum) 32, 54, 76.;156;b;wuie;no;confirmed;confirmed;no
lr_0156_037;wuien, wuiden;weiten;wuien, wuiden;weiten;55;wuien, wuiden=weiten 55.;156;b;wuien;no;corrected;checked_no_change;no
lr_0156_038;wuien;jäten;wuien;jäten;96;wuien=jäten 96.;156;b;;no;confirmed;confirmed;no
lr_0156_039;wuier;wieder;wuier;wieder;32, 54;wuier=wieder 32, 54.;156;b;;no;confirmed;confirmed;no
lr_0156_040;wuif, n.;Weib.;wuif, n.;Weib;;wuif, n.=Weib.;156;b;;no;confirmed;confirmed;no
lr_0156_041;wuijjen;weihen.;wuijjen;weihen;;wuijjen=weihen.;156;b;;no;confirmed;confirmed;no
lr_0156_042;wuiken, stv.;weichen;wuiken, stv.;weichen;24, 65, 90;wuiken, stv.=weichen 24, 65, 90.;156;b;;no;confirmed;confirmed;no
lr_0156_043;wuil, wuils, wuis dat;während, weil, da ja.;wuil, wuils, wuis dat;während, weil, da ja;;wuil, wuils, wuis dat=während, weil, da ja.;156;b;wuils;no;confirmed;confirmed;no
lr_0156_044;wuile, f.;das Verweilen;wuile, f.;das Verweilen;32;wuile, f.=das Verweilen 32.;156;b;;no;confirmed;confirmed;no
lr_0156_045;wuimen, m.;Theil des Rauchfangs;wuimen, m.;Theil des Rauchfangs;32, 75;wuimen, m.=Theil des Rauchfangs 32, 75.;156;b;;no;confirmed;confirmed;no
lr_0156_046;wuinen, stv.;winden;wuinen, stv.;winden;28, 30, 32, 86;wuinen, stv.=winden 28, 30, 32, 86.;156;b;;no;confirmed;confirmed;no
lr_0156_047;wuinefȫrsel, n.;Schaukel.;wuinefȫrsel, n.;Schaukel;;wuinefȫrsel, n.=Schaukel.;156;b;;no;confirmed;confirmed;no
lr_0156_048;wuinkäup, m.;Angeld, Pachtkauf;wuinkäup, m.;Angeld, Pachtkauf;32;wuinkäup, m.=Angeld, Pachtkauf 32.;156;b;;no;confirmed;confirmed;no
lr_0156_049;wuip, wîp, m.;der Wisch;wuip, wîp, m.;der Wisch;17, 32, 49, 72;wuip, wîp, m.=der Wisch 17, 32, 49, 72.;156;b;wîp;no;confirmed;confirmed;no
lr_0156_050;wuir’n;wehren;wuir’n;wehren;96;wuir’n=wehren 96.;156;b;;no;confirmed;confirmed;no
lr_0156_051;wuiſe, wuis;weise, wissend;wuiſe, wuis;weise, wissend;79, 80;wuiſe, wuis=weise, wissend 79, 80.;156;b;wuis;no;confirmed;confirmed;no
lr_0156_052;wuiſe, m.;der Weisel;wuiſe, m.;der Weisel;32, 45;wuiſe, m.=der Weisel 32, 45.;156;b;;no;confirmed;confirmed;no
lr_0156_053;wuiſen, stv.;weisen;wuiſen, stv.;weisen;32, 90;wuiſen, stv.=weisen 32, 90.;156;b;;no;confirmed;confirmed;no
lr_0156_054;wuit un suit;weit und breit;wuit un suit;weit und breit;32;wuit un suit=weit und breit 32.;156;b;;no;confirmed;confirmed;no
lr_0156_055;wulf, m.;Wolf;wulf, m.;Wolf;42, 43;wulf, m.=Wolf 42, 43.;156;b;;no;confirmed;confirmed;no
lr_0156_056;wullacken, wallacken;hart arbeiten;wullacken, wallacken;hart arbeiten;69;wullacken, wallacken=hart arbeiten 69.;156;b;wallacken;no;confirmed;confirmed;no
lr_0156_057;wullenpidden, m.;der Rohrkolben, typha.;wullenpidden, m.;der Rohrkolben, typha;;wullenpidden, m.=der Rohrkolben, typha.;156;b;;no;confirmed;confirmed;no
lr_0156_058;wulst, m.;der Wulst.;wulst, m.;der Wulst;;wulst, m.=der Wulst.;156;b;;no;confirmed;confirmed;no
lr_0156_059;wulwerskläue, f.;Wolfsklau, lykopodium.;wulwerskläue, f.;Wolfsklau, lykopodium;;wulwerskläue, f.=Wolfsklau, lykopodium.;156;b;;no;confirmed;confirmed;no
lr_0156_060;wuoken, m.;der Rocken.;wuoken, m.;der Rocken;;wuoken, m.=der Rocken.;156;b;;no;confirmed;confirmed;no
lr_0156_061;wuonen;wohnen;wuonen;wohnen;38, 39, 97;wuonen=wohnen 38, 39, 97.;156;b;;no;confirmed;confirmed;no
lr_0156_062;wüönlik;wohnlich;wüönlik;wohnlich;39;wüönlik=wohnlich 39.;156;b;;no;confirmed;confirmed;no
lr_0156_063;wǖrken (üer);weben;wǖrken (üer);weben;21, 97;wǖrken (üer)=weben 21, 97.;156;b;;no;confirmed;confirmed;no
lr_0156_064;wǖrksel, n.;Garnfäden, die an der Seite des Gewebes (wiark) überhängen.;wǖrksel, n.;Garnfäden, die an der Seite des Gewebes (wiark) überhängen.;;wǖrksel, n.=Garnfäden, die an der Seite des Gewebes (wiark) überhängen.;156;b;;no;confirmed;confirmed;no
lr_0156_065;wuſſeln, buſſeln;wühlen;wuſſeln, buſſeln;wühlen;98;wuſſeln, buſſeln=wühlen 98.;156;b;buſſeln;no;confirmed;confirmed;no
